ID_Codigo;ID;Anexo;Titulo_Anexo;Item_Anexo;Descritivo;Tratamento;Perc_Reducao;Perc_Aliquota_Aplicavel;Tributo;Tipo_Classificacao;Codigo;Codigo_Normalizado;Nivel_Codigo;Base_Legal;Linha_Agrupadora;Condicionantes_Observacoes
1;1;I;Produtos destinados a alimentacao humana submetidos a reducao a zero (Cesta Basica Nacional de Alimentos);1;Arroz das subposições 1006.20 e 1006.30 e do código 1006.40.00 da NCM/SH;Reducao a zero;100.0;0.0;IBS e CBS;NCM/SH;1006.20;100620;6 digitos (subposicao);Art. 125;Nao;Exclui produtos horticolas, frutas e ovos, que estao no Anexo XV
2;1;I;Produtos destinados a alimentacao humana submetidos a reducao a zero (Cesta Basica Nacional de Alimentos);1;Arroz das subposições 1006.20 e 1006.30 e do código 1006.40.00 da NCM/SH;Reducao a zero;100.0;0.0;IBS e CBS;NCM/SH;1006.30;100630;6 digitos (subposicao);Art. 125;Nao;Exclui produtos horticolas, frutas e ovos, que estao no Anexo XV
3;1;I;Produtos destinados a alimentacao humana submetidos a reducao a zero (Cesta Basica Nacional de Alimentos);1;Arroz das subposições 1006.20 e 1006.30 e do código 1006.40.00 da NCM/SH;Reducao a zero;100.0;0.0;IBS e CBS;NCM/SH;1006.40.00;10064000;8 digitos (item completo);Art. 125;Nao;Exclui produtos horticolas, frutas e ovos, que estao no Anexo XV
4;2;I;Produtos destinados a alimentacao humana submetidos a reducao a zero (Cesta Basica Nacional de Alimentos);2;Leite, em conformidade com os requisitos da legislação específica relativos ao consumo direto pela população, classificado nos códigos 0401.10.10, 0401.10.90, 0401.20.10, 0401.20.90, 0401.40.10 e 0401.50.10 da NCM/SH;Reducao a zero;100.0;0.0;IBS e CBS;NCM/SH;0401.10.10;04011010;8 digitos (item completo);Art. 125;Nao;Exclui produtos horticolas, frutas e ovos, que estao no Anexo XV
5;2;I;Produtos destinados a alimentacao humana submetidos a reducao a zero (Cesta Basica Nacional de Alimentos);2;Leite, em conformidade com os requisitos da legislação específica relativos ao consumo direto pela população, classificado nos códigos 0401.10.10, 0401.10.90, 0401.20.10, 0401.20.90, 0401.40.10 e 0401.50.10 da NCM/SH;Reducao a zero;100.0;0.0;IBS e CBS;NCM/SH;0401.10.90;04011090;8 digitos (item completo);Art. 125;Nao;Exclui produtos horticolas, frutas e ovos, que estao no Anexo XV
6;2;I;Produtos destinados a alimentacao humana submetidos a reducao a zero (Cesta Basica Nacional de Alimentos);2;Leite, em conformidade com os requisitos da legislação específica relativos ao consumo direto pela população, classificado nos códigos 0401.10.10, 0401.10.90, 0401.20.10, 0401.20.90, 0401.40.10 e 0401.50.10 da NCM/SH;Reducao a zero;100.0;0.0;IBS e CBS;NCM/SH;0401.20.10;04012010;8 digitos (item completo);Art. 125;Nao;Exclui produtos horticolas, frutas e ovos, que estao no Anexo XV
7;2;I;Produtos destinados a alimentacao humana submetidos a reducao a zero (Cesta Basica Nacional de Alimentos);2;Leite, em conformidade com os requisitos da legislação específica relativos ao consumo direto pela população, classificado nos códigos 0401.10.10, 0401.10.90, 0401.20.10, 0401.20.90, 0401.40.10 e 0401.50.10 da NCM/SH;Reducao a zero;100.0;0.0;IBS e CBS;NCM/SH;0401.20.90;04012090;8 digitos (item completo);Art. 125;Nao;Exclui produtos horticolas, frutas e ovos, que estao no Anexo XV
8;2;I;Produtos destinados a alimentacao humana submetidos a reducao a zero (Cesta Basica Nacional de Alimentos);2;Leite, em conformidade com os requisitos da legislação específica relativos ao consumo direto pela população, classificado nos códigos 0401.10.10, 0401.10.90, 0401.20.10, 0401.20.90, 0401.40.10 e 0401.50.10 da NCM/SH;Reducao a zero;100.0;0.0;IBS e CBS;NCM/SH;0401.40.10;04014010;8 digitos (item completo);Art. 125;Nao;Exclui produtos horticolas, frutas e ovos, que estao no Anexo XV
9;2;I;Produtos destinados a alimentacao humana submetidos a reducao a zero (Cesta Basica Nacional de Alimentos);2;Leite, em conformidade com os requisitos da legislação específica relativos ao consumo direto pela população, classificado nos códigos 0401.10.10, 0401.10.90, 0401.20.10, 0401.20.90, 0401.40.10 e 0401.50.10 da NCM/SH;Reducao a zero;100.0;0.0;IBS e CBS;NCM/SH;0401.50.10;04015010;8 digitos (item completo);Art. 125;Nao;Exclui produtos horticolas, frutas e ovos, que estao no Anexo XV
10;3;I;Produtos destinados a alimentacao humana submetidos a reducao a zero (Cesta Basica Nacional de Alimentos);3;Leite em pó, em conformidade com os requisitos da legislação específica, classificado nos códigos 0402.10.10, 0402.10.90, 0402.21.10, 0402.21.20, 0402.29.10 e 0402.29.20 da NCM/SH;Reducao a zero;100.0;0.0;IBS e CBS;NCM/SH;0402.10.10;04021010;8 digitos (item completo);Art. 125;Nao;Exclui produtos horticolas, frutas e ovos, que estao no Anexo XV
11;3;I;Produtos destinados a alimentacao humana submetidos a reducao a zero (Cesta Basica Nacional de Alimentos);3;Leite em pó, em conformidade com os requisitos da legislação específica, classificado nos códigos 0402.10.10, 0402.10.90, 0402.21.10, 0402.21.20, 0402.29.10 e 0402.29.20 da NCM/SH;Reducao a zero;100.0;0.0;IBS e CBS;NCM/SH;0402.10.90;04021090;8 digitos (item completo);Art. 125;Nao;Exclui produtos horticolas, frutas e ovos, que estao no Anexo XV
12;3;I;Produtos destinados a alimentacao humana submetidos a reducao a zero (Cesta Basica Nacional de Alimentos);3;Leite em pó, em conformidade com os requisitos da legislação específica, classificado nos códigos 0402.10.10, 0402.10.90, 0402.21.10, 0402.21.20, 0402.29.10 e 0402.29.20 da NCM/SH;Reducao a zero;100.0;0.0;IBS e CBS;NCM/SH;0402.21.10;04022110;8 digitos (item completo);Art. 125;Nao;Exclui produtos horticolas, frutas e ovos, que estao no Anexo XV
13;3;I;Produtos destinados a alimentacao humana submetidos a reducao a zero (Cesta Basica Nacional de Alimentos);3;Leite em pó, em conformidade com os requisitos da legislação específica, classificado nos códigos 0402.10.10, 0402.10.90, 0402.21.10, 0402.21.20, 0402.29.10 e 0402.29.20 da NCM/SH;Reducao a zero;100.0;0.0;IBS e CBS;NCM/SH;0402.21.20;04022120;8 digitos (item completo);Art. 125;Nao;Exclui produtos horticolas, frutas e ovos, que estao no Anexo XV
14;3;I;Produtos destinados a alimentacao humana submetidos a reducao a zero (Cesta Basica Nacional de Alimentos);3;Leite em pó, em conformidade com os requisitos da legislação específica, classificado nos códigos 0402.10.10, 0402.10.90, 0402.21.10, 0402.21.20, 0402.29.10 e 0402.29.20 da NCM/SH;Reducao a zero;100.0;0.0;IBS e CBS;NCM/SH;0402.29.10;04022910;8 digitos (item completo);Art. 125;Nao;Exclui produtos horticolas, frutas e ovos, que estao no Anexo XV
15;3;I;Produtos destinados a alimentacao humana submetidos a reducao a zero (Cesta Basica Nacional de Alimentos);3;Leite em pó, em conformidade com os requisitos da legislação específica, classificado nos códigos 0402.10.10, 0402.10.90, 0402.21.10, 0402.21.20, 0402.29.10 e 0402.29.20 da NCM/SH;Reducao a zero;100.0;0.0;IBS e CBS;NCM/SH;0402.29.20;04022920;8 digitos (item completo);Art. 125;Nao;Exclui produtos horticolas, frutas e ovos, que estao no Anexo XV
16;4;I;Produtos destinados a alimentacao humana submetidos a reducao a zero (Cesta Basica Nacional de Alimentos);4;Fórmulas infantis, em conformidade com os requisitos da legislação específica, classificadas nos códigos 1901.10.10, 1901.10.90 e 2106.90.90 da NCM/SH;Reducao a zero;100.0;0.0;IBS e CBS;NCM/SH;1901.10.10;19011010;8 digitos (item completo);Art. 125;Nao;Exclui produtos horticolas, frutas e ovos, que estao no Anexo XV
17;4;I;Produtos destinados a alimentacao humana submetidos a reducao a zero (Cesta Basica Nacional de Alimentos);4;Fórmulas infantis, em conformidade com os requisitos da legislação específica, classificadas nos códigos 1901.10.10, 1901.10.90 e 2106.90.90 da NCM/SH;Reducao a zero;100.0;0.0;IBS e CBS;NCM/SH;1901.10.90;19011090;8 digitos (item completo);Art. 125;Nao;Exclui produtos horticolas, frutas e ovos, que estao no Anexo XV
18;4;I;Produtos destinados a alimentacao humana submetidos a reducao a zero (Cesta Basica Nacional de Alimentos);4;Fórmulas infantis, em conformidade com os requisitos da legislação específica, classificadas nos códigos 1901.10.10, 1901.10.90 e 2106.90.90 da NCM/SH;Reducao a zero;100.0;0.0;IBS e CBS;NCM/SH;2106.90.90;21069090;8 digitos (item completo);Art. 125;Nao;Exclui produtos horticolas, frutas e ovos, que estao no Anexo XV
19;5;I;Produtos destinados a alimentacao humana submetidos a reducao a zero (Cesta Basica Nacional de Alimentos);5;Manteiga do código 0405.10.00 da NCM/SH;Reducao a zero;100.0;0.0;IBS e CBS;NCM/SH;0405.10.00;04051000;8 digitos (item completo);Art. 125;Nao;Exclui produtos horticolas, frutas e ovos, que estao no Anexo XV
20;6;I;Produtos destinados a alimentacao humana submetidos a reducao a zero (Cesta Basica Nacional de Alimentos);6;Margarina do código 1517.10.00 da NCM/SH;Reducao a zero;100.0;0.0;IBS e CBS;NCM/SH;1517.10.00;15171000;8 digitos (item completo);Art. 125;Nao;Exclui produtos horticolas, frutas e ovos, que estao no Anexo XV
21;7;I;Produtos destinados a alimentacao humana submetidos a reducao a zero (Cesta Basica Nacional de Alimentos);7;Feijões dos códigos 0713.33.19, 0713.33.29, 0713.33.99 e 0713.35.90 da NCM/SH;Reducao a zero;100.0;0.0;IBS e CBS;NCM/SH;0713.33.19;07133319;8 digitos (item completo);Art. 125;Nao;Exclui produtos horticolas, frutas e ovos, que estao no Anexo XV
22;7;I;Produtos destinados a alimentacao humana submetidos a reducao a zero (Cesta Basica Nacional de Alimentos);7;Feijões dos códigos 0713.33.19, 0713.33.29, 0713.33.99 e 0713.35.90 da NCM/SH;Reducao a zero;100.0;0.0;IBS e CBS;NCM/SH;0713.33.29;07133329;8 digitos (item completo);Art. 125;Nao;Exclui produtos horticolas, frutas e ovos, que estao no Anexo XV
23;7;I;Produtos destinados a alimentacao humana submetidos a reducao a zero (Cesta Basica Nacional de Alimentos);7;Feijões dos códigos 0713.33.19, 0713.33.29, 0713.33.99 e 0713.35.90 da NCM/SH;Reducao a zero;100.0;0.0;IBS e CBS;NCM/SH;0713.33.99;07133399;8 digitos (item completo);Art. 125;Nao;Exclui produtos horticolas, frutas e ovos, que estao no Anexo XV
24;7;I;Produtos destinados a alimentacao humana submetidos a reducao a zero (Cesta Basica Nacional de Alimentos);7;Feijões dos códigos 0713.33.19, 0713.33.29, 0713.33.99 e 0713.35.90 da NCM/SH;Reducao a zero;100.0;0.0;IBS e CBS;NCM/SH;0713.35.90;07133590;8 digitos (item completo);Art. 125;Nao;Exclui produtos horticolas, frutas e ovos, que estao no Anexo XV
25;8;I;Produtos destinados a alimentacao humana submetidos a reducao a zero (Cesta Basica Nacional de Alimentos);8;Café da posição 09.01 e da subposição 2101.1, ambos da NCM/SH;Reducao a zero;100.0;0.0;IBS e CBS;NCM/SH;09.01;0901;4 digitos (posicao);Art. 125;Nao;Exclui produtos horticolas, frutas e ovos, que estao no Anexo XV
26;8;I;Produtos destinados a alimentacao humana submetidos a reducao a zero (Cesta Basica Nacional de Alimentos);8;Café da posição 09.01 e da subposição 2101.1, ambos da NCM/SH;Reducao a zero;100.0;0.0;IBS e CBS;NCM/SH;2101.1;21011;5 digitos (subposicao);Art. 125;Nao;Exclui produtos horticolas, frutas e ovos, que estao no Anexo XV
27;9;I;Produtos destinados a alimentacao humana submetidos a reducao a zero (Cesta Basica Nacional de Alimentos);9;Óleo de babaçu do código 1513.21.20 da NCM/SH, em conformidade com os requisitos da legislação específica relativos ao consumo como alimento;Reducao a zero;100.0;0.0;IBS e CBS;NCM/SH;1513.21.20;15132120;8 digitos (item completo);Art. 125;Nao;Exclui produtos horticolas, frutas e ovos, que estao no Anexo XV
28;10;I;Produtos destinados a alimentacao humana submetidos a reducao a zero (Cesta Basica Nacional de Alimentos);10;Farinha de mandioca classificada no código 1106.20.00 da NCM/SH e tapioca e seus sucedâneos do código 1903.00.00 da NCM/SH;Reducao a zero;100.0;0.0;IBS e CBS;NCM/SH;1106.20.00;11062000;8 digitos (item completo);Art. 125;Nao;Exclui produtos horticolas, frutas e ovos, que estao no Anexo XV
29;10;I;Produtos destinados a alimentacao humana submetidos a reducao a zero (Cesta Basica Nacional de Alimentos);10;Farinha de mandioca classificada no código 1106.20.00 da NCM/SH e tapioca e seus sucedâneos do código 1903.00.00 da NCM/SH;Reducao a zero;100.0;0.0;IBS e CBS;NCM/SH;1903.00.00;19030000;8 digitos (item completo);Art. 125;Nao;Exclui produtos horticolas, frutas e ovos, que estao no Anexo XV
30;11;I;Produtos destinados a alimentacao humana submetidos a reducao a zero (Cesta Basica Nacional de Alimentos);11;Farinha, grumos e sêmolas, de milho, dos códigos 1102.20.00 e 1103.13.00 da NCM;Reducao a zero;100.0;0.0;IBS e CBS;NCM/SH;1102.20.00;11022000;8 digitos (item completo);Art. 125;Nao;Exclui produtos horticolas, frutas e ovos, que estao no Anexo XV
31;11;I;Produtos destinados a alimentacao humana submetidos a reducao a zero (Cesta Basica Nacional de Alimentos);11;Farinha, grumos e sêmolas, de milho, dos códigos 1102.20.00 e 1103.13.00 da NCM;Reducao a zero;100.0;0.0;IBS e CBS;NCM/SH;1103.13.00;11031300;8 digitos (item completo);Art. 125;Nao;Exclui produtos horticolas, frutas e ovos, que estao no Anexo XV
32;12;I;Produtos destinados a alimentacao humana submetidos a reducao a zero (Cesta Basica Nacional de Alimentos);12;Grãos de milho classificados no código 1104.19.00 e do código 1104.23.00 da NCM/SH;Reducao a zero;100.0;0.0;IBS e CBS;NCM/SH;1104.19.00;11041900;8 digitos (item completo);Art. 125;Nao;Exclui produtos horticolas, frutas e ovos, que estao no Anexo XV
33;12;I;Produtos destinados a alimentacao humana submetidos a reducao a zero (Cesta Basica Nacional de Alimentos);12;Grãos de milho classificados no código 1104.19.00 e do código 1104.23.00 da NCM/SH;Reducao a zero;100.0;0.0;IBS e CBS;NCM/SH;1104.23.00;11042300;8 digitos (item completo);Art. 125;Nao;Exclui produtos horticolas, frutas e ovos, que estao no Anexo XV
34;13;I;Produtos destinados a alimentacao humana submetidos a reducao a zero (Cesta Basica Nacional de Alimentos);13;Farinha de trigo do código 1101.00.10 da NCM/SH;Reducao a zero;100.0;0.0;IBS e CBS;NCM/SH;1101.00.10;11010010;8 digitos (item completo);Art. 125;Nao;Exclui produtos horticolas, frutas e ovos, que estao no Anexo XV
35;14;I;Produtos destinados a alimentacao humana submetidos a reducao a zero (Cesta Basica Nacional de Alimentos);14;Açúcar classificado nos códigos 1701.14.00 e 1701.99.00 da NCM/SH;Reducao a zero;100.0;0.0;IBS e CBS;NCM/SH;1701.14.00;17011400;8 digitos (item completo);Art. 125;Nao;Exclui produtos horticolas, frutas e ovos, que estao no Anexo XV
36;14;I;Produtos destinados a alimentacao humana submetidos a reducao a zero (Cesta Basica Nacional de Alimentos);14;Açúcar classificado nos códigos 1701.14.00 e 1701.99.00 da NCM/SH;Reducao a zero;100.0;0.0;IBS e CBS;NCM/SH;1701.99.00;17019900;8 digitos (item completo);Art. 125;Nao;Exclui produtos horticolas, frutas e ovos, que estao no Anexo XV
37;15;I;Produtos destinados a alimentacao humana submetidos a reducao a zero (Cesta Basica Nacional de Alimentos);15;Massas alimentícias da subposição 1902.1 da NCM/SH;Reducao a zero;100.0;0.0;IBS e CBS;NCM/SH;1902.1;19021;5 digitos (subposicao);Art. 125;Nao;Exclui produtos horticolas, frutas e ovos, que estao no Anexo XV
38;16;I;Produtos destinados a alimentacao humana submetidos a reducao a zero (Cesta Basica Nacional de Alimentos);16;Pão comumente denominado pão francês, de formato cilíndrico e alongado, com miolo branco creme e macio, e casca dourada e crocante, elaborado a partir da mistura ou pré-mistura de farinha de trigo, fermento biológico, água, sal, açúcar, aditivos alimentares e produtos de fortificação de farinhas, em conformidade com a legislação vigente, classificado no código 1905.90.90 da NCM/SH e a pré-mistura ou massa, para preparação do pão comumente denominado pão francês, dos códigos 1901.20.10 e 1901.20.90 da NCM/SH;Reducao a zero;100.0;0.0;IBS e CBS;NCM/SH;1905.90.90;19059090;8 digitos (item completo);Art. 125;Nao;Exclui produtos horticolas, frutas e ovos, que estao no Anexo XV
39;16;I;Produtos destinados a alimentacao humana submetidos a reducao a zero (Cesta Basica Nacional de Alimentos);16;Pão comumente denominado pão francês, de formato cilíndrico e alongado, com miolo branco creme e macio, e casca dourada e crocante, elaborado a partir da mistura ou pré-mistura de farinha de trigo, fermento biológico, água, sal, açúcar, aditivos alimentares e produtos de fortificação de farinhas, em conformidade com a legislação vigente, classificado no código 1905.90.90 da NCM/SH e a pré-mistura ou massa, para preparação do pão comumente denominado pão francês, dos códigos 1901.20.10 e 1901.20.90 da NCM/SH;Reducao a zero;100.0;0.0;IBS e CBS;NCM/SH;1901.20.10;19012010;8 digitos (item completo);Art. 125;Nao;Exclui produtos horticolas, frutas e ovos, que estao no Anexo XV
40;16;I;Produtos destinados a alimentacao humana submetidos a reducao a zero (Cesta Basica Nacional de Alimentos);16;Pão comumente denominado pão francês, de formato cilíndrico e alongado, com miolo branco creme e macio, e casca dourada e crocante, elaborado a partir da mistura ou pré-mistura de farinha de trigo, fermento biológico, água, sal, açúcar, aditivos alimentares e produtos de fortificação de farinhas, em conformidade com a legislação vigente, classificado no código 1905.90.90 da NCM/SH e a pré-mistura ou massa, para preparação do pão comumente denominado pão francês, dos códigos 1901.20.10 e 1901.20.90 da NCM/SH;Reducao a zero;100.0;0.0;IBS e CBS;NCM/SH;1901.20.90;19012090;8 digitos (item completo);Art. 125;Nao;Exclui produtos horticolas, frutas e ovos, que estao no Anexo XV
41;17;I;Produtos destinados a alimentacao humana submetidos a reducao a zero (Cesta Basica Nacional de Alimentos);17;Grãos de aveia dos códigos 1104.12.00 e 1104.22.00 da NCM/SH;Reducao a zero;100.0;0.0;IBS e CBS;NCM/SH;1104.12.00;11041200;8 digitos (item completo);Art. 125;Nao;Exclui produtos horticolas, frutas e ovos, que estao no Anexo XV
42;17;I;Produtos destinados a alimentacao humana submetidos a reducao a zero (Cesta Basica Nacional de Alimentos);17;Grãos de aveia dos códigos 1104.12.00 e 1104.22.00 da NCM/SH;Reducao a zero;100.0;0.0;IBS e CBS;NCM/SH;1104.22.00;11042200;8 digitos (item completo);Art. 125;Nao;Exclui produtos horticolas, frutas e ovos, que estao no Anexo XV
43;18;I;Produtos destinados a alimentacao humana submetidos a reducao a zero (Cesta Basica Nacional de Alimentos);18;Farinha de aveia classificada no código 1102.90.00 da NCM/SH;Reducao a zero;100.0;0.0;IBS e CBS;NCM/SH;1102.90.00;11029000;8 digitos (item completo);Art. 125;Nao;Exclui produtos horticolas, frutas e ovos, que estao no Anexo XV
44;19;I;Produtos destinados a alimentacao humana submetidos a reducao a zero (Cesta Basica Nacional de Alimentos);19;"Carnes bovina, suína, ovina, caprina e de aves e produtos de origem animal (exceto foies gras) dos seguintes códigos, subposições e posições da NCM/SH: a) 02.01, 02.02, 0206.10.00, 0206.2 e 0210.20.00; b) 02.03, 0206.30.00, 0206.4, 0209.10 e 0210.1; c) 02.04 e 0210.99.20, carne caprina classificada no código 0210.99.90 e miudezas comestíveis de ovinos e caprinos classificadas nos códigos 0206.80.00 e 0206.90.00; d) 02.07, 0209.90.00 e 0210.99.1, exceto os produtos dos códigos 0207.43.00 e 0207.53.00";Reducao a zero;100.0;0.0;IBS e CBS;NCM/SH;02.01;0201;4 digitos (posicao);Art. 125;Nao;Exclui produtos horticolas, frutas e ovos, que estao no Anexo XV
45;19;I;Produtos destinados a alimentacao humana submetidos a reducao a zero (Cesta Basica Nacional de Alimentos);19;"Carnes bovina, suína, ovina, caprina e de aves e produtos de origem animal (exceto foies gras) dos seguintes códigos, subposições e posições da NCM/SH: a) 02.01, 02.02, 0206.10.00, 0206.2 e 0210.20.00; b) 02.03, 0206.30.00, 0206.4, 0209.10 e 0210.1; c) 02.04 e 0210.99.20, carne caprina classificada no código 0210.99.90 e miudezas comestíveis de ovinos e caprinos classificadas nos códigos 0206.80.00 e 0206.90.00; d) 02.07, 0209.90.00 e 0210.99.1, exceto os produtos dos códigos 0207.43.00 e 0207.53.00";Reducao a zero;100.0;0.0;IBS e CBS;NCM/SH;02.02;0202;4 digitos (posicao);Art. 125;Nao;Exclui produtos horticolas, frutas e ovos, que estao no Anexo XV
46;19;I;Produtos destinados a alimentacao humana submetidos a reducao a zero (Cesta Basica Nacional de Alimentos);19;"Carnes bovina, suína, ovina, caprina e de aves e produtos de origem animal (exceto foies gras) dos seguintes códigos, subposições e posições da NCM/SH: a) 02.01, 02.02, 0206.10.00, 0206.2 e 0210.20.00; b) 02.03, 0206.30.00, 0206.4, 0209.10 e 0210.1; c) 02.04 e 0210.99.20, carne caprina classificada no código 0210.99.90 e miudezas comestíveis de ovinos e caprinos classificadas nos códigos 0206.80.00 e 0206.90.00; d) 02.07, 0209.90.00 e 0210.99.1, exceto os produtos dos códigos 0207.43.00 e 0207.53.00";Reducao a zero;100.0;0.0;IBS e CBS;NCM/SH;0206.10.00;02061000;8 digitos (item completo);Art. 125;Nao;Exclui produtos horticolas, frutas e ovos, que estao no Anexo XV
47;19;I;Produtos destinados a alimentacao humana submetidos a reducao a zero (Cesta Basica Nacional de Alimentos);19;"Carnes bovina, suína, ovina, caprina e de aves e produtos de origem animal (exceto foies gras) dos seguintes códigos, subposições e posições da NCM/SH: a) 02.01, 02.02, 0206.10.00, 0206.2 e 0210.20.00; b) 02.03, 0206.30.00, 0206.4, 0209.10 e 0210.1; c) 02.04 e 0210.99.20, carne caprina classificada no código 0210.99.90 e miudezas comestíveis de ovinos e caprinos classificadas nos códigos 0206.80.00 e 0206.90.00; d) 02.07, 0209.90.00 e 0210.99.1, exceto os produtos dos códigos 0207.43.00 e 0207.53.00";Reducao a zero;100.0;0.0;IBS e CBS;NCM/SH;0206.2;02062;5 digitos (subposicao);Art. 125;Nao;Exclui produtos horticolas, frutas e ovos, que estao no Anexo XV
48;19;I;Produtos destinados a alimentacao humana submetidos a reducao a zero (Cesta Basica Nacional de Alimentos);19;"Carnes bovina, suína, ovina, caprina e de aves e produtos de origem animal (exceto foies gras) dos seguintes códigos, subposições e posições da NCM/SH: a) 02.01, 02.02, 0206.10.00, 0206.2 e 0210.20.00; b) 02.03, 0206.30.00, 0206.4, 0209.10 e 0210.1; c) 02.04 e 0210.99.20, carne caprina classificada no código 0210.99.90 e miudezas comestíveis de ovinos e caprinos classificadas nos códigos 0206.80.00 e 0206.90.00; d) 02.07, 0209.90.00 e 0210.99.1, exceto os produtos dos códigos 0207.43.00 e 0207.53.00";Reducao a zero;100.0;0.0;IBS e CBS;NCM/SH;0210.20.00;02102000;8 digitos (item completo);Art. 125;Nao;Exclui produtos horticolas, frutas e ovos, que estao no Anexo XV
49;19;I;Produtos destinados a alimentacao humana submetidos a reducao a zero (Cesta Basica Nacional de Alimentos);19;"Carnes bovina, suína, ovina, caprina e de aves e produtos de origem animal (exceto foies gras) dos seguintes códigos, subposições e posições da NCM/SH: a) 02.01, 02.02, 0206.10.00, 0206.2 e 0210.20.00; b) 02.03, 0206.30.00, 0206.4, 0209.10 e 0210.1; c) 02.04 e 0210.99.20, carne caprina classificada no código 0210.99.90 e miudezas comestíveis de ovinos e caprinos classificadas nos códigos 0206.80.00 e 0206.90.00; d) 02.07, 0209.90.00 e 0210.99.1, exceto os produtos dos códigos 0207.43.00 e 0207.53.00";Reducao a zero;100.0;0.0;IBS e CBS;NCM/SH;02.03;0203;4 digitos (posicao);Art. 125;Nao;Exclui produtos horticolas, frutas e ovos, que estao no Anexo XV
50;19;I;Produtos destinados a alimentacao humana submetidos a reducao a zero (Cesta Basica Nacional de Alimentos);19;"Carnes bovina, suína, ovina, caprina e de aves e produtos de origem animal (exceto foies gras) dos seguintes códigos, subposições e posições da NCM/SH: a) 02.01, 02.02, 0206.10.00, 0206.2 e 0210.20.00; b) 02.03, 0206.30.00, 0206.4, 0209.10 e 0210.1; c) 02.04 e 0210.99.20, carne caprina classificada no código 0210.99.90 e miudezas comestíveis de ovinos e caprinos classificadas nos códigos 0206.80.00 e 0206.90.00; d) 02.07, 0209.90.00 e 0210.99.1, exceto os produtos dos códigos 0207.43.00 e 0207.53.00";Reducao a zero;100.0;0.0;IBS e CBS;NCM/SH;0206.30.00;02063000;8 digitos (item completo);Art. 125;Nao;Exclui produtos horticolas, frutas e ovos, que estao no Anexo XV
51;19;I;Produtos destinados a alimentacao humana submetidos a reducao a zero (Cesta Basica Nacional de Alimentos);19;"Carnes bovina, suína, ovina, caprina e de aves e produtos de origem animal (exceto foies gras) dos seguintes códigos, subposições e posições da NCM/SH: a) 02.01, 02.02, 0206.10.00, 0206.2 e 0210.20.00; b) 02.03, 0206.30.00, 0206.4, 0209.10 e 0210.1; c) 02.04 e 0210.99.20, carne caprina classificada no código 0210.99.90 e miudezas comestíveis de ovinos e caprinos classificadas nos códigos 0206.80.00 e 0206.90.00; d) 02.07, 0209.90.00 e 0210.99.1, exceto os produtos dos códigos 0207.43.00 e 0207.53.00";Reducao a zero;100.0;0.0;IBS e CBS;NCM/SH;0206.4;02064;5 digitos (subposicao);Art. 125;Nao;Exclui produtos horticolas, frutas e ovos, que estao no Anexo XV
52;19;I;Produtos destinados a alimentacao humana submetidos a reducao a zero (Cesta Basica Nacional de Alimentos);19;"Carnes bovina, suína, ovina, caprina e de aves e produtos de origem animal (exceto foies gras) dos seguintes códigos, subposições e posições da NCM/SH: a) 02.01, 02.02, 0206.10.00, 0206.2 e 0210.20.00; b) 02.03, 0206.30.00, 0206.4, 0209.10 e 0210.1; c) 02.04 e 0210.99.20, carne caprina classificada no código 0210.99.90 e miudezas comestíveis de ovinos e caprinos classificadas nos códigos 0206.80.00 e 0206.90.00; d) 02.07, 0209.90.00 e 0210.99.1, exceto os produtos dos códigos 0207.43.00 e 0207.53.00";Reducao a zero;100.0;0.0;IBS e CBS;NCM/SH;0209.10;020910;6 digitos (subposicao);Art. 125;Nao;Exclui produtos horticolas, frutas e ovos, que estao no Anexo XV
53;19;I;Produtos destinados a alimentacao humana submetidos a reducao a zero (Cesta Basica Nacional de Alimentos);19;"Carnes bovina, suína, ovina, caprina e de aves e produtos de origem animal (exceto foies gras) dos seguintes códigos, subposições e posições da NCM/SH: a) 02.01, 02.02, 0206.10.00, 0206.2 e 0210.20.00; b) 02.03, 0206.30.00, 0206.4, 0209.10 e 0210.1; c) 02.04 e 0210.99.20, carne caprina classificada no código 0210.99.90 e miudezas comestíveis de ovinos e caprinos classificadas nos códigos 0206.80.00 e 0206.90.00; d) 02.07, 0209.90.00 e 0210.99.1, exceto os produtos dos códigos 0207.43.00 e 0207.53.00";Reducao a zero;100.0;0.0;IBS e CBS;NCM/SH;0210.1;02101;5 digitos (subposicao);Art. 125;Nao;Exclui produtos horticolas, frutas e ovos, que estao no Anexo XV
54;19;I;Produtos destinados a alimentacao humana submetidos a reducao a zero (Cesta Basica Nacional de Alimentos);19;"Carnes bovina, suína, ovina, caprina e de aves e produtos de origem animal (exceto foies gras) dos seguintes códigos, subposições e posições da NCM/SH: a) 02.01, 02.02, 0206.10.00, 0206.2 e 0210.20.00; b) 02.03, 0206.30.00, 0206.4, 0209.10 e 0210.1; c) 02.04 e 0210.99.20, carne caprina classificada no código 0210.99.90 e miudezas comestíveis de ovinos e caprinos classificadas nos códigos 0206.80.00 e 0206.90.00; d) 02.07, 0209.90.00 e 0210.99.1, exceto os produtos dos códigos 0207.43.00 e 0207.53.00";Reducao a zero;100.0;0.0;IBS e CBS;NCM/SH;02.04;0204;4 digitos (posicao);Art. 125;Nao;Exclui produtos horticolas, frutas e ovos, que estao no Anexo XV
55;19;I;Produtos destinados a alimentacao humana submetidos a reducao a zero (Cesta Basica Nacional de Alimentos);19;"Carnes bovina, suína, ovina, caprina e de aves e produtos de origem animal (exceto foies gras) dos seguintes códigos, subposições e posições da NCM/SH: a) 02.01, 02.02, 0206.10.00, 0206.2 e 0210.20.00; b) 02.03, 0206.30.00, 0206.4, 0209.10 e 0210.1; c) 02.04 e 0210.99.20, carne caprina classificada no código 0210.99.90 e miudezas comestíveis de ovinos e caprinos classificadas nos códigos 0206.80.00 e 0206.90.00; d) 02.07, 0209.90.00 e 0210.99.1, exceto os produtos dos códigos 0207.43.00 e 0207.53.00";Reducao a zero;100.0;0.0;IBS e CBS;NCM/SH;0210.99.20;02109920;8 digitos (item completo);Art. 125;Nao;Exclui produtos horticolas, frutas e ovos, que estao no Anexo XV
56;19;I;Produtos destinados a alimentacao humana submetidos a reducao a zero (Cesta Basica Nacional de Alimentos);19;"Carnes bovina, suína, ovina, caprina e de aves e produtos de origem animal (exceto foies gras) dos seguintes códigos, subposições e posições da NCM/SH: a) 02.01, 02.02, 0206.10.00, 0206.2 e 0210.20.00; b) 02.03, 0206.30.00, 0206.4, 0209.10 e 0210.1; c) 02.04 e 0210.99.20, carne caprina classificada no código 0210.99.90 e miudezas comestíveis de ovinos e caprinos classificadas nos códigos 0206.80.00 e 0206.90.00; d) 02.07, 0209.90.00 e 0210.99.1, exceto os produtos dos códigos 0207.43.00 e 0207.53.00";Reducao a zero;100.0;0.0;IBS e CBS;NCM/SH;0210.99.90;02109990;8 digitos (item completo);Art. 125;Nao;Exclui produtos horticolas, frutas e ovos, que estao no Anexo XV
57;19;I;Produtos destinados a alimentacao humana submetidos a reducao a zero (Cesta Basica Nacional de Alimentos);19;"Carnes bovina, suína, ovina, caprina e de aves e produtos de origem animal (exceto foies gras) dos seguintes códigos, subposições e posições da NCM/SH: a) 02.01, 02.02, 0206.10.00, 0206.2 e 0210.20.00; b) 02.03, 0206.30.00, 0206.4, 0209.10 e 0210.1; c) 02.04 e 0210.99.20, carne caprina classificada no código 0210.99.90 e miudezas comestíveis de ovinos e caprinos classificadas nos códigos 0206.80.00 e 0206.90.00; d) 02.07, 0209.90.00 e 0210.99.1, exceto os produtos dos códigos 0207.43.00 e 0207.53.00";Reducao a zero;100.0;0.0;IBS e CBS;NCM/SH;0206.80.00;02068000;8 digitos (item completo);Art. 125;Nao;Exclui produtos horticolas, frutas e ovos, que estao no Anexo XV
58;19;I;Produtos destinados a alimentacao humana submetidos a reducao a zero (Cesta Basica Nacional de Alimentos);19;"Carnes bovina, suína, ovina, caprina e de aves e produtos de origem animal (exceto foies gras) dos seguintes códigos, subposições e posições da NCM/SH: a) 02.01, 02.02, 0206.10.00, 0206.2 e 0210.20.00; b) 02.03, 0206.30.00, 0206.4, 0209.10 e 0210.1; c) 02.04 e 0210.99.20, carne caprina classificada no código 0210.99.90 e miudezas comestíveis de ovinos e caprinos classificadas nos códigos 0206.80.00 e 0206.90.00; d) 02.07, 0209.90.00 e 0210.99.1, exceto os produtos dos códigos 0207.43.00 e 0207.53.00";Reducao a zero;100.0;0.0;IBS e CBS;NCM/SH;0206.90.00;02069000;8 digitos (item completo);Art. 125;Nao;Exclui produtos horticolas, frutas e ovos, que estao no Anexo XV
59;19;I;Produtos destinados a alimentacao humana submetidos a reducao a zero (Cesta Basica Nacional de Alimentos);19;"Carnes bovina, suína, ovina, caprina e de aves e produtos de origem animal (exceto foies gras) dos seguintes códigos, subposições e posições da NCM/SH: a) 02.01, 02.02, 0206.10.00, 0206.2 e 0210.20.00; b) 02.03, 0206.30.00, 0206.4, 0209.10 e 0210.1; c) 02.04 e 0210.99.20, carne caprina classificada no código 0210.99.90 e miudezas comestíveis de ovinos e caprinos classificadas nos códigos 0206.80.00 e 0206.90.00; d) 02.07, 0209.90.00 e 0210.99.1, exceto os produtos dos códigos 0207.43.00 e 0207.53.00";Reducao a zero;100.0;0.0;IBS e CBS;NCM/SH;02.07;0207;4 digitos (posicao);Art. 125;Nao;Exclui produtos horticolas, frutas e ovos, que estao no Anexo XV
60;19;I;Produtos destinados a alimentacao humana submetidos a reducao a zero (Cesta Basica Nacional de Alimentos);19;"Carnes bovina, suína, ovina, caprina e de aves e produtos de origem animal (exceto foies gras) dos seguintes códigos, subposições e posições da NCM/SH: a) 02.01, 02.02, 0206.10.00, 0206.2 e 0210.20.00; b) 02.03, 0206.30.00, 0206.4, 0209.10 e 0210.1; c) 02.04 e 0210.99.20, carne caprina classificada no código 0210.99.90 e miudezas comestíveis de ovinos e caprinos classificadas nos códigos 0206.80.00 e 0206.90.00; d) 02.07, 0209.90.00 e 0210.99.1, exceto os produtos dos códigos 0207.43.00 e 0207.53.00";Reducao a zero;100.0;0.0;IBS e CBS;NCM/SH;0209.90.00;02099000;8 digitos (item completo);Art. 125;Nao;Exclui produtos horticolas, frutas e ovos, que estao no Anexo XV
61;19;I;Produtos destinados a alimentacao humana submetidos a reducao a zero (Cesta Basica Nacional de Alimentos);19;"Carnes bovina, suína, ovina, caprina e de aves e produtos de origem animal (exceto foies gras) dos seguintes códigos, subposições e posições da NCM/SH: a) 02.01, 02.02, 0206.10.00, 0206.2 e 0210.20.00; b) 02.03, 0206.30.00, 0206.4, 0209.10 e 0210.1; c) 02.04 e 0210.99.20, carne caprina classificada no código 0210.99.90 e miudezas comestíveis de ovinos e caprinos classificadas nos códigos 0206.80.00 e 0206.90.00; d) 02.07, 0209.90.00 e 0210.99.1, exceto os produtos dos códigos 0207.43.00 e 0207.53.00";Reducao a zero;100.0;0.0;IBS e CBS;NCM/SH;0210.99.1;0210991;7 digitos (item);Art. 125;Nao;Exclui produtos horticolas, frutas e ovos, que estao no Anexo XV
62;20;I;Produtos destinados a alimentacao humana submetidos a reducao a zero (Cesta Basica Nacional de Alimentos);20;"Peixes e carnes de peixes (exceto salmonídeos, atuns, bacalhaus, hadoque, saithe e ovas e outros subprodutos) dos seguintes códigos, subposições e posições da NCM/SH: a) 03.02; exceto os produtos das subposições e dos códigos 0302.1, 0302.3, 0302.51.00, 0302.52.00, 0302.53.00 e 0302.9 da NCM/SH; b) 03.03; exceto os produtos das subposições e dos códigos 0303.1, 0303.4, 0303.63.00, 0303.64.00, 0303.65.00 e 0303.9 da NCM/SH; c) 03.04; exceto os salmonídeos, atuns, bacalhaus, hadoque e saithe classificados nas subposições 0304.4, 0304.5, 0304.7, 0304.8 e 0304.9 da NCM/SH";Reducao a zero;100.0;0.0;IBS e CBS;NCM/SH;03.02;0302;4 digitos (posicao);Art. 125;Nao;Exclui produtos horticolas, frutas e ovos, que estao no Anexo XV
63;20;I;Produtos destinados a alimentacao humana submetidos a reducao a zero (Cesta Basica Nacional de Alimentos);20;"Peixes e carnes de peixes (exceto salmonídeos, atuns, bacalhaus, hadoque, saithe e ovas e outros subprodutos) dos seguintes códigos, subposições e posições da NCM/SH: a) 03.02; exceto os produtos das subposições e dos códigos 0302.1, 0302.3, 0302.51.00, 0302.52.00, 0302.53.00 e 0302.9 da NCM/SH; b) 03.03; exceto os produtos das subposições e dos códigos 0303.1, 0303.4, 0303.63.00, 0303.64.00, 0303.65.00 e 0303.9 da NCM/SH; c) 03.04; exceto os salmonídeos, atuns, bacalhaus, hadoque e saithe classificados nas subposições 0304.4, 0304.5, 0304.7, 0304.8 e 0304.9 da NCM/SH";Reducao a zero;100.0;0.0;IBS e CBS;NCM/SH;03.03;0303;4 digitos (posicao);Art. 125;Nao;Exclui produtos horticolas, frutas e ovos, que estao no Anexo XV
64;20;I;Produtos destinados a alimentacao humana submetidos a reducao a zero (Cesta Basica Nacional de Alimentos);20;"Peixes e carnes de peixes (exceto salmonídeos, atuns, bacalhaus, hadoque, saithe e ovas e outros subprodutos) dos seguintes códigos, subposições e posições da NCM/SH: a) 03.02; exceto os produtos das subposições e dos códigos 0302.1, 0302.3, 0302.51.00, 0302.52.00, 0302.53.00 e 0302.9 da NCM/SH; b) 03.03; exceto os produtos das subposições e dos códigos 0303.1, 0303.4, 0303.63.00, 0303.64.00, 0303.65.00 e 0303.9 da NCM/SH; c) 03.04; exceto os salmonídeos, atuns, bacalhaus, hadoque e saithe classificados nas subposições 0304.4, 0304.5, 0304.7, 0304.8 e 0304.9 da NCM/SH";Reducao a zero;100.0;0.0;IBS e CBS;NCM/SH;03.04;0304;4 digitos (posicao);Art. 125;Nao;Exclui produtos horticolas, frutas e ovos, que estao no Anexo XV
65;21;I;Produtos destinados a alimentacao humana submetidos a reducao a zero (Cesta Basica Nacional de Alimentos);21;Queijos tipo mozarela, minas, prato, queijo de coalho, ricota, requeijão, queijo provolone, queijo parmesão, queijo fresco não maturado e queijo do reino classificados nos códigos 0406.10.10, 0406.10.90, 0406.20.00, 0406.90.10, 0406.90.20 e 0406.90.30 da NCM/SH;Reducao a zero;100.0;0.0;IBS e CBS;NCM/SH;0406.10.10;04061010;8 digitos (item completo);Art. 125;Nao;Exclui produtos horticolas, frutas e ovos, que estao no Anexo XV
66;21;I;Produtos destinados a alimentacao humana submetidos a reducao a zero (Cesta Basica Nacional de Alimentos);21;Queijos tipo mozarela, minas, prato, queijo de coalho, ricota, requeijão, queijo provolone, queijo parmesão, queijo fresco não maturado e queijo do reino classificados nos códigos 0406.10.10, 0406.10.90, 0406.20.00, 0406.90.10, 0406.90.20 e 0406.90.30 da NCM/SH;Reducao a zero;100.0;0.0;IBS e CBS;NCM/SH;0406.10.90;04061090;8 digitos (item completo);Art. 125;Nao;Exclui produtos horticolas, frutas e ovos, que estao no Anexo XV
67;21;I;Produtos destinados a alimentacao humana submetidos a reducao a zero (Cesta Basica Nacional de Alimentos);21;Queijos tipo mozarela, minas, prato, queijo de coalho, ricota, requeijão, queijo provolone, queijo parmesão, queijo fresco não maturado e queijo do reino classificados nos códigos 0406.10.10, 0406.10.90, 0406.20.00, 0406.90.10, 0406.90.20 e 0406.90.30 da NCM/SH;Reducao a zero;100.0;0.0;IBS e CBS;NCM/SH;0406.20.00;04062000;8 digitos (item completo);Art. 125;Nao;Exclui produtos horticolas, frutas e ovos, que estao no Anexo XV
68;21;I;Produtos destinados a alimentacao humana submetidos a reducao a zero (Cesta Basica Nacional de Alimentos);21;Queijos tipo mozarela, minas, prato, queijo de coalho, ricota, requeijão, queijo provolone, queijo parmesão, queijo fresco não maturado e queijo do reino classificados nos códigos 0406.10.10, 0406.10.90, 0406.20.00, 0406.90.10, 0406.90.20 e 0406.90.30 da NCM/SH;Reducao a zero;100.0;0.0;IBS e CBS;NCM/SH;0406.90.10;04069010;8 digitos (item completo);Art. 125;Nao;Exclui produtos horticolas, frutas e ovos, que estao no Anexo XV
69;21;I;Produtos destinados a alimentacao humana submetidos a reducao a zero (Cesta Basica Nacional de Alimentos);21;Queijos tipo mozarela, minas, prato, queijo de coalho, ricota, requeijão, queijo provolone, queijo parmesão, queijo fresco não maturado e queijo do reino classificados nos códigos 0406.10.10, 0406.10.90, 0406.20.00, 0406.90.10, 0406.90.20 e 0406.90.30 da NCM/SH;Reducao a zero;100.0;0.0;IBS e CBS;NCM/SH;0406.90.20;04069020;8 digitos (item completo);Art. 125;Nao;Exclui produtos horticolas, frutas e ovos, que estao no Anexo XV
70;21;I;Produtos destinados a alimentacao humana submetidos a reducao a zero (Cesta Basica Nacional de Alimentos);21;Queijos tipo mozarela, minas, prato, queijo de coalho, ricota, requeijão, queijo provolone, queijo parmesão, queijo fresco não maturado e queijo do reino classificados nos códigos 0406.10.10, 0406.10.90, 0406.20.00, 0406.90.10, 0406.90.20 e 0406.90.30 da NCM/SH;Reducao a zero;100.0;0.0;IBS e CBS;NCM/SH;0406.90.30;04069030;8 digitos (item completo);Art. 125;Nao;Exclui produtos horticolas, frutas e ovos, que estao no Anexo XV
71;22;I;Produtos destinados a alimentacao humana submetidos a reducao a zero (Cesta Basica Nacional de Alimentos);22;Sal em conformidade com os requisitos da legislação específica relativos ao teor de iodo enquadrado nos limites próprios para consumo humano classificado nos códigos 2501.00.20 e 2501.00.90 da NCM/SH;Reducao a zero;100.0;0.0;IBS e CBS;NCM/SH;2501.00.20;25010020;8 digitos (item completo);Art. 125;Nao;Exclui produtos horticolas, frutas e ovos, que estao no Anexo XV
72;22;I;Produtos destinados a alimentacao humana submetidos a reducao a zero (Cesta Basica Nacional de Alimentos);22;Sal em conformidade com os requisitos da legislação específica relativos ao teor de iodo enquadrado nos limites próprios para consumo humano classificado nos códigos 2501.00.20 e 2501.00.90 da NCM/SH;Reducao a zero;100.0;0.0;IBS e CBS;NCM/SH;2501.00.90;25010090;8 digitos (item completo);Art. 125;Nao;Exclui produtos horticolas, frutas e ovos, que estao no Anexo XV
73;23;I;Produtos destinados a alimentacao humana submetidos a reducao a zero (Cesta Basica Nacional de Alimentos);23;Mate da posição 09.03 da NCM/SH;Reducao a zero;100.0;0.0;IBS e CBS;NCM/SH;09.03;0903;4 digitos (posicao);Art. 125;Nao;Exclui produtos horticolas, frutas e ovos, que estao no Anexo XV
74;24;I;Produtos destinados a alimentacao humana submetidos a reducao a zero (Cesta Basica Nacional de Alimentos);24;Farinha com baixo teor de proteína para pessoas com aminoacidopatias, acidemias e defeitos do ciclo da uréia da NCM 1901.90.90;Reducao a zero;100.0;0.0;IBS e CBS;NCM/SH;1901.90.90;19019090;8 digitos (item completo);Art. 125;Nao;Exclui produtos horticolas, frutas e ovos, que estao no Anexo XV
75;25;I;Produtos destinados a alimentacao humana submetidos a reducao a zero (Cesta Basica Nacional de Alimentos);25;Massas com baixo teor de proteína para pessoas com aminoacidopatias, acidemias e defeitos do ciclo da uréia da NCM 1902.19.00;Reducao a zero;100.0;0.0;IBS e CBS;NCM/SH;1902.19.00;19021900;8 digitos (item completo);Art. 125;Nao;Exclui produtos horticolas, frutas e ovos, que estao no Anexo XV
76;26;I;Produtos destinados a alimentacao humana submetidos a reducao a zero (Cesta Basica Nacional de Alimentos);26;Fórmulas Dietoterápicas para Erros Inatos do Metabolismo da NCM 2106.9090;Reducao a zero;100.0;0.0;IBS e CBS;NCM/SH;2106.90.90;21069090;8 digitos (item completo);Art. 125;Nao;Exclui produtos horticolas, frutas e ovos, que estao no Anexo XV
77;27;II;Servicos de educacao submetidos a reducao de 60%;1;Ensino Infantil, inclusive creche e pré-escola;Reducao de 60%;60.0;40.0;IBS e CBS;NBS;1.2201.1;122011;6 digitos (subposicao);Art. 129;Nao;
78;28;II;Servicos de educacao submetidos a reducao de 60%;2;Ensino Fundamental;Reducao de 60%;60.0;40.0;IBS e CBS;NBS;1.2201.20.00;122012000;NBS (9 digitos);Art. 129;Nao;
79;29;II;Servicos de educacao submetidos a reducao de 60%;3;Ensino Médio;Reducao de 60%;60.0;40.0;IBS e CBS;NBS;1.2201.30.00;122013000;NBS (9 digitos);Art. 129;Nao;
80;30;II;Servicos de educacao submetidos a reducao de 60%;4;Ensino Técnico de Nível Médio;Reducao de 60%;60.0;40.0;IBS e CBS;NBS;1.2202.00.00;122020000;NBS (9 digitos);Art. 129;Nao;
81;31;II;Servicos de educacao submetidos a reducao de 60%;5;Ensino para jovens e adultos destinado àqueles que não tiveram acesso ou continuidade de estudos no ensino fundamental e médio na idade própria;Reducao de 60%;60.0;40.0;IBS e CBS;NBS;1.2203;12203;5 digitos (subposicao);Art. 129;Nao;
82;32;II;Servicos de educacao submetidos a reducao de 60%;6;Ensino Superior, compreendidos os cursos e programas de graduação, pós-graduação, de extensão e cursos sequenciais;Reducao de 60%;60.0;40.0;IBS e CBS;NBS;1.2204;12204;5 digitos (subposicao);Art. 129;Nao;
83;33;II;Servicos de educacao submetidos a reducao de 60%;7;Ensino de sistemas linguísticos de natureza visomotora e de escrita tátil;Reducao de 60%;60.0;40.0;IBS e CBS;NBS;1.2205.13.00;122051300;NBS (9 digitos);Art. 129;Nao;
84;34;II;Servicos de educacao submetidos a reducao de 60%;8;Ensino de línguas nativas de povos originários;Reducao de 60%;60.0;40.0;IBS e CBS;NBS;1.2205.13.00;122051300;NBS (9 digitos);Art. 129;Nao;
85;35;II;Servicos de educacao submetidos a reducao de 60%;9;Educação especial destinada a pessoas com deficiência, transtornos globais do desenvolvimento e altas habilidades ou superdotação, de modo isolado ou agregado a qualquer das etapas de educação tratadas neste Anexo;Reducao de 60%;60.0;40.0;IBS e CBS;NBS;;;Nao informado;Art. 129;Nao;
86;36;III;Servicos de saude submetidos a reducao de 60%;1;Serviços cirúrgicos;Reducao de 60%;60.0;40.0;IBS e CBS;NBS;1.2301.11.00;123011100;NBS (9 digitos);Art. 130;Nao;
87;37;III;Servicos de saude submetidos a reducao de 60%;2;Serviços ginecológicos e obstétricos;Reducao de 60%;60.0;40.0;IBS e CBS;NBS;1.2301.12.00;123011200;NBS (9 digitos);Art. 130;Nao;
88;38;III;Servicos de saude submetidos a reducao de 60%;3;Serviços psiquiátricos;Reducao de 60%;60.0;40.0;IBS e CBS;NBS;1.2301.13.00;123011300;NBS (9 digitos);Art. 130;Nao;
89;39;III;Servicos de saude submetidos a reducao de 60%;4;Serviços prestados em Unidades de Terapia Intensiva;Reducao de 60%;60.0;40.0;IBS e CBS;NBS;1.2301.14.00;123011400;NBS (9 digitos);Art. 130;Nao;
90;40;III;Servicos de saude submetidos a reducao de 60%;5;Serviços de atendimento de urgência;Reducao de 60%;60.0;40.0;IBS e CBS;NBS;1.2301.15.00;123011500;NBS (9 digitos);Art. 130;Nao;
91;41;III;Servicos de saude submetidos a reducao de 60%;6;Serviços hospitalares não classificados em subposições anteriores;Reducao de 60%;60.0;40.0;IBS e CBS;NBS;1.2301.19.00;123011900;NBS (9 digitos);Art. 130;Nao;
92;42;III;Servicos de saude submetidos a reducao de 60%;7;Serviços de clínica médica;Reducao de 60%;60.0;40.0;IBS e CBS;NBS;1.2301.21.00;123012100;NBS (9 digitos);Art. 130;Nao;
93;43;III;Servicos de saude submetidos a reducao de 60%;8;Serviços médicos especializados;Reducao de 60%;60.0;40.0;IBS e CBS;NBS;1.2301.22.00;123012200;NBS (9 digitos);Art. 130;Nao;
94;44;III;Servicos de saude submetidos a reducao de 60%;9;Serviços odontológicos;Reducao de 60%;60.0;40.0;IBS e CBS;NBS;1.2301.23.00;123012300;NBS (9 digitos);Art. 130;Nao;
95;45;III;Servicos de saude submetidos a reducao de 60%;10;Serviços de enfermagem;Reducao de 60%;60.0;40.0;IBS e CBS;NBS;1.2301.91.00;123019100;NBS (9 digitos);Art. 130;Nao;
96;46;III;Servicos de saude submetidos a reducao de 60%;11;Serviços de fisioterapia;Reducao de 60%;60.0;40.0;IBS e CBS;NBS;1.2301.92.00;123019200;NBS (9 digitos);Art. 130;Nao;
97;47;III;Servicos de saude submetidos a reducao de 60%;12;Serviços laboratoriais;Reducao de 60%;60.0;40.0;IBS e CBS;NBS;1.2301.93.00;123019300;NBS (9 digitos);Art. 130;Nao;
98;48;III;Servicos de saude submetidos a reducao de 60%;13;Serviços de diagnóstico por imagem;Reducao de 60%;60.0;40.0;IBS e CBS;NBS;1.2301.94.00;123019400;NBS (9 digitos);Art. 130;Nao;
99;49;III;Servicos de saude submetidos a reducao de 60%;14;Serviços de bancos de material biológico humano;Reducao de 60%;60.0;40.0;IBS e CBS;NBS;1.2301.95.00;123019500;NBS (9 digitos);Art. 130;Nao;
100;50;III;Servicos de saude submetidos a reducao de 60%;15;Serviços de ambulância;Reducao de 60%;60.0;40.0;IBS e CBS;NBS;1.2301.96.00;123019600;NBS (9 digitos);Art. 130;Nao;
101;51;III;Servicos de saude submetidos a reducao de 60%;16;Serviços de assistência ao parto e pós-parto;Reducao de 60%;60.0;40.0;IBS e CBS;NBS;1.2301.97.00;123019700;NBS (9 digitos);Art. 130;Nao;
102;52;III;Servicos de saude submetidos a reducao de 60%;17;Serviços de psicologia;Reducao de 60%;60.0;40.0;IBS e CBS;NBS;1.2301.98.00;123019800;NBS (9 digitos);Art. 130;Nao;
103;53;III;Servicos de saude submetidos a reducao de 60%;18;Serviços de vigilância sanitária;Reducao de 60%;60.0;40.0;IBS e CBS;NBS;1.2301.99.00;123019900;NBS (9 digitos);Art. 130;Nao;
104;54;III;Servicos de saude submetidos a reducao de 60%;19;Serviços de epidemiologia;Reducao de 60%;60.0;40.0;IBS e CBS;NBS;1.2301.99.00;123019900;NBS (9 digitos);Art. 130;Nao;
105;55;III;Servicos de saude submetidos a reducao de 60%;20;Serviços de vacinação;Reducao de 60%;60.0;40.0;IBS e CBS;NBS;1.2301.99.00;123019900;NBS (9 digitos);Art. 130;Nao;
106;56;III;Servicos de saude submetidos a reducao de 60%;21;Serviços de fonoaudiologia;Reducao de 60%;60.0;40.0;IBS e CBS;NBS;1.2301.99.00;123019900;NBS (9 digitos);Art. 130;Nao;
107;57;III;Servicos de saude submetidos a reducao de 60%;22;Serviços de nutrição;Reducao de 60%;60.0;40.0;IBS e CBS;NBS;1.2301.99.00;123019900;NBS (9 digitos);Art. 130;Nao;
108;58;III;Servicos de saude submetidos a reducao de 60%;23;Serviços de optometria;Reducao de 60%;60.0;40.0;IBS e CBS;NBS;1.2301.99.00;123019900;NBS (9 digitos);Art. 130;Nao;
109;59;III;Servicos de saude submetidos a reducao de 60%;24;Serviços de instrumentação cirúrgica;Reducao de 60%;60.0;40.0;IBS e CBS;NBS;1.2301.99.00;123019900;NBS (9 digitos);Art. 130;Nao;
110;60;III;Servicos de saude submetidos a reducao de 60%;25;Serviços de biomedicina;Reducao de 60%;60.0;40.0;IBS e CBS;NBS;1.2301.99.00;123019900;NBS (9 digitos);Art. 130;Nao;
111;61;III;Servicos de saude submetidos a reducao de 60%;26;Serviços farmacêuticos;Reducao de 60%;60.0;40.0;IBS e CBS;NBS;1.2301.99.00;123019900;NBS (9 digitos);Art. 130;Nao;
112;62;III;Servicos de saude submetidos a reducao de 60%;27;Serviços de cuidado e assistência a idosos e pessoas com deficiência em unidades de acolhimento;Reducao de 60%;60.0;40.0;IBS e CBS;NBS;1.2302;12302;5 digitos (subposicao);Art. 130;Nao;
113;63;III;Servicos de saude submetidos a reducao de 60%;28;Serviços domiciliares de apoio a pessoas adultas, idosas, crianças, adolescentes, pessoas com transtornos mentais e com deficiências;Reducao de 60%;60.0;40.0;IBS e CBS;NBS;1.2301.99.00;123019900;NBS (9 digitos);Art. 130;Nao;
114;64;III;Servicos de saude submetidos a reducao de 60%;29;Serviços de esterilização;Reducao de 60%;60.0;40.0;IBS e CBS;NBS;1.2301.99.0;12301990;8 digitos (item completo);Art. 130;Nao;
115;65;III;Servicos de saude submetidos a reducao de 60%;30;Serviços funerários, de cremação e de embalsamamento;Reducao de 60%;60.0;40.0;IBS e CBS;NBS;1.2603.00.00;126030000;NBS (9 digitos);Art. 130;Nao;
116;66;IV;Dispositivos medicos submetidos a reducao de 60%;1;Bolsa para drenagem;Reducao de 60%;60.0;40.0;IBS e CBS;NCM/SH;3926.90.30;39269030;8 digitos (item completo);Art. 131;Nao;So se aplica a dispositivos regularizados na Anvisa. Lista revisada a cada 120 dias por ato conjunto MF/CGIBS (art. 131, par. 2). Aliquota zero se adquiridos por adm. publica direta, autarquias, fundacoes publicas ou entidades de saude com CEBAS/SUS (art. 144, II)
117;67;IV;Dispositivos medicos submetidos a reducao de 60%;2;Sistema para drenagem com conjunto intermediário para medição contínua da diurese;Reducao de 60%;60.0;40.0;IBS e CBS;NCM/SH;9018.90.99;90189099;8 digitos (item completo);Art. 131;Nao;So se aplica a dispositivos regularizados na Anvisa. Lista revisada a cada 120 dias por ato conjunto MF/CGIBS (art. 131, par. 2). Aliquota zero se adquiridos por adm. publica direta, autarquias, fundacoes publicas ou entidades de saude com CEBAS/SUS (art. 144, II)
118;68;IV;Dispositivos medicos submetidos a reducao de 60%;3;Chapas e filmes para raios-X, sensibilizados em uma face;Reducao de 60%;60.0;40.0;IBS e CBS;NCM/SH;3701.10.10;37011010;8 digitos (item completo);Art. 131;Nao;So se aplica a dispositivos regularizados na Anvisa. Lista revisada a cada 120 dias por ato conjunto MF/CGIBS (art. 131, par. 2). Aliquota zero se adquiridos por adm. publica direta, autarquias, fundacoes publicas ou entidades de saude com CEBAS/SUS (art. 144, II)
119;69;IV;Dispositivos medicos submetidos a reducao de 60%;4;Cimentos para reconstituição óssea;Reducao de 60%;60.0;40.0;IBS e CBS;NCM/SH;3006.40.20;30064020;8 digitos (item completo);Art. 131;Nao;So se aplica a dispositivos regularizados na Anvisa. Lista revisada a cada 120 dias por ato conjunto MF/CGIBS (art. 131, par. 2). Aliquota zero se adquiridos por adm. publica direta, autarquias, fundacoes publicas ou entidades de saude com CEBAS/SUS (art. 144, II)
120;70;IV;Dispositivos medicos submetidos a reducao de 60%;5;Substitutos de enxerto ósseo;Reducao de 60%;60.0;40.0;IBS e CBS;NCM/SH;3004.90.99;30049099;8 digitos (item completo);Art. 131;Nao;So se aplica a dispositivos regularizados na Anvisa. Lista revisada a cada 120 dias por ato conjunto MF/CGIBS (art. 131, par. 2). Aliquota zero se adquiridos por adm. publica direta, autarquias, fundacoes publicas ou entidades de saude com CEBAS/SUS (art. 144, II)
121;71;IV;Dispositivos medicos submetidos a reducao de 60%;6;Coletor para unidade de drenagem externa;Reducao de 60%;60.0;40.0;IBS e CBS;NCM/SH;3926.90.40;39269040;8 digitos (item completo);Art. 131;Nao;So se aplica a dispositivos regularizados na Anvisa. Lista revisada a cada 120 dias por ato conjunto MF/CGIBS (art. 131, par. 2). Aliquota zero se adquiridos por adm. publica direta, autarquias, fundacoes publicas ou entidades de saude com CEBAS/SUS (art. 144, II)
122;72;IV;Dispositivos medicos submetidos a reducao de 60%;7;Conector completo com tampa;Reducao de 60%;60.0;40.0;IBS e CBS;NCM/SH;3917.40;391740;6 digitos (subposicao);Art. 131;Nao;So se aplica a dispositivos regularizados na Anvisa. Lista revisada a cada 120 dias por ato conjunto MF/CGIBS (art. 131, par. 2). Aliquota zero se adquiridos por adm. publica direta, autarquias, fundacoes publicas ou entidades de saude com CEBAS/SUS (art. 144, II)
123;73;IV;Dispositivos medicos submetidos a reducao de 60%;8;Conector em Y;Reducao de 60%;60.0;40.0;IBS e CBS;NCM/SH;3917.40;391740;6 digitos (subposicao);Art. 131;Nao;So se aplica a dispositivos regularizados na Anvisa. Lista revisada a cada 120 dias por ato conjunto MF/CGIBS (art. 131, par. 2). Aliquota zero se adquiridos por adm. publica direta, autarquias, fundacoes publicas ou entidades de saude com CEBAS/SUS (art. 144, II)
124;74;IV;Dispositivos medicos submetidos a reducao de 60%;9;Conjuntos de troca e concentrados polieletrolíticos para diálise;Reducao de 60%;60.0;40.0;IBS e CBS;NCM/SH;3004.90.99;30049099;8 digitos (item completo);Art. 131;Nao;So se aplica a dispositivos regularizados na Anvisa. Lista revisada a cada 120 dias por ato conjunto MF/CGIBS (art. 131, par. 2). Aliquota zero se adquiridos por adm. publica direta, autarquias, fundacoes publicas ou entidades de saude com CEBAS/SUS (art. 144, II)
125;75;IV;Dispositivos medicos submetidos a reducao de 60%;10;Conjunto para autotransfusão;Reducao de 60%;60.0;40.0;IBS e CBS;NCM/SH;9018.90.10;90189010;8 digitos (item completo);Art. 131;Nao;So se aplica a dispositivos regularizados na Anvisa. Lista revisada a cada 120 dias por ato conjunto MF/CGIBS (art. 131, par. 2). Aliquota zero se adquiridos por adm. publica direta, autarquias, fundacoes publicas ou entidades de saude com CEBAS/SUS (art. 144, II)
126;76;IV;Dispositivos medicos submetidos a reducao de 60%;11;Conjunto para hidrocefalia de baixo perfil;Reducao de 60%;60.0;40.0;IBS e CBS;NCM/SH;9021.90.19;90219019;8 digitos (item completo);Art. 131;Nao;So se aplica a dispositivos regularizados na Anvisa. Lista revisada a cada 120 dias por ato conjunto MF/CGIBS (art. 131, par. 2). Aliquota zero se adquiridos por adm. publica direta, autarquias, fundacoes publicas ou entidades de saude com CEBAS/SUS (art. 144, II)
127;77;IV;Dispositivos medicos submetidos a reducao de 60%;12;Conjunto para hidrocefalia standard;Reducao de 60%;60.0;40.0;IBS e CBS;NCM/SH;9021.90.19;90219019;8 digitos (item completo);Art. 131;Nao;So se aplica a dispositivos regularizados na Anvisa. Lista revisada a cada 120 dias por ato conjunto MF/CGIBS (art. 131, par. 2). Aliquota zero se adquiridos por adm. publica direta, autarquias, fundacoes publicas ou entidades de saude com CEBAS/SUS (art. 144, II)
128;77;IV;Dispositivos medicos submetidos a reducao de 60%;12;Conjunto para hidrocefalia standard;Reducao de 60%;60.0;40.0;IBS e CBS;NCM/SH;9021.90.80;90219080;8 digitos (item completo);Art. 131;Nao;So se aplica a dispositivos regularizados na Anvisa. Lista revisada a cada 120 dias por ato conjunto MF/CGIBS (art. 131, par. 2). Aliquota zero se adquiridos por adm. publica direta, autarquias, fundacoes publicas ou entidades de saude com CEBAS/SUS (art. 144, II)
129;78;IV;Dispositivos medicos submetidos a reducao de 60%;13;Eletrodo endocárdico definitivo;Reducao de 60%;60.0;40.0;IBS e CBS;NCM/SH;9021.90.91;90219091;8 digitos (item completo);Art. 131;Nao;So se aplica a dispositivos regularizados na Anvisa. Lista revisada a cada 120 dias por ato conjunto MF/CGIBS (art. 131, par. 2). Aliquota zero se adquiridos por adm. publica direta, autarquias, fundacoes publicas ou entidades de saude com CEBAS/SUS (art. 144, II)
130;79;IV;Dispositivos medicos submetidos a reducao de 60%;14;Eletrodo epicárdico definitivo;Reducao de 60%;60.0;40.0;IBS e CBS;NCM/SH;9021.90.91;90219091;8 digitos (item completo);Art. 131;Nao;So se aplica a dispositivos regularizados na Anvisa. Lista revisada a cada 120 dias por ato conjunto MF/CGIBS (art. 131, par. 2). Aliquota zero se adquiridos por adm. publica direta, autarquias, fundacoes publicas ou entidades de saude com CEBAS/SUS (art. 144, II)
131;80;IV;Dispositivos medicos submetidos a reducao de 60%;15;Eletrodo para marcapasso temporário endocárdico;Reducao de 60%;60.0;40.0;IBS e CBS;NCM/SH;9021.90.91;90219091;8 digitos (item completo);Art. 131;Nao;So se aplica a dispositivos regularizados na Anvisa. Lista revisada a cada 120 dias por ato conjunto MF/CGIBS (art. 131, par. 2). Aliquota zero se adquiridos por adm. publica direta, autarquias, fundacoes publicas ou entidades de saude com CEBAS/SUS (art. 144, II)
132;81;IV;Dispositivos medicos submetidos a reducao de 60%;16;Eletrodo para marcapasso temporário epicárdico;Reducao de 60%;60.0;40.0;IBS e CBS;NCM/SH;9021.90.91;90219091;8 digitos (item completo);Art. 131;Nao;So se aplica a dispositivos regularizados na Anvisa. Lista revisada a cada 120 dias por ato conjunto MF/CGIBS (art. 131, par. 2). Aliquota zero se adquiridos por adm. publica direta, autarquias, fundacoes publicas ou entidades de saude com CEBAS/SUS (art. 144, II)
133;82;IV;Dispositivos medicos submetidos a reducao de 60%;17;Espaçador de tendão;Reducao de 60%;60.0;40.0;IBS e CBS;NCM/SH;9021.90.19;90219019;8 digitos (item completo);Art. 131;Nao;So se aplica a dispositivos regularizados na Anvisa. Lista revisada a cada 120 dias por ato conjunto MF/CGIBS (art. 131, par. 2). Aliquota zero se adquiridos por adm. publica direta, autarquias, fundacoes publicas ou entidades de saude com CEBAS/SUS (art. 144, II)
134;83;IV;Dispositivos medicos submetidos a reducao de 60%;18;Filmes especiais para raios-X sensibilizados em ambas as faces;Reducao de 60%;60.0;40.0;IBS e CBS;NCM/SH;3702.10.20;37021020;8 digitos (item completo);Art. 131;Nao;So se aplica a dispositivos regularizados na Anvisa. Lista revisada a cada 120 dias por ato conjunto MF/CGIBS (art. 131, par. 2). Aliquota zero se adquiridos por adm. publica direta, autarquias, fundacoes publicas ou entidades de saude com CEBAS/SUS (art. 144, II)
135;84;IV;Dispositivos medicos submetidos a reducao de 60%;19;Filmes especiais para raios-X sensibilizados em uma face;Reducao de 60%;60.0;40.0;IBS e CBS;NCM/SH;3702.10.10;37021010;8 digitos (item completo);Art. 131;Nao;So se aplica a dispositivos regularizados na Anvisa. Lista revisada a cada 120 dias por ato conjunto MF/CGIBS (art. 131, par. 2). Aliquota zero se adquiridos por adm. publica direta, autarquias, fundacoes publicas ou entidades de saude com CEBAS/SUS (art. 144, II)
136;85;IV;Dispositivos medicos submetidos a reducao de 60%;20;Filtro de linha arterial e venoso;Reducao de 60%;60.0;40.0;IBS e CBS;NCM/SH;8421.29.90;84212990;8 digitos (item completo);Art. 131;Nao;So se aplica a dispositivos regularizados na Anvisa. Lista revisada a cada 120 dias por ato conjunto MF/CGIBS (art. 131, par. 2). Aliquota zero se adquiridos por adm. publica direta, autarquias, fundacoes publicas ou entidades de saude com CEBAS/SUS (art. 144, II)
137;86;IV;Dispositivos medicos submetidos a reducao de 60%;21;Filtro de sangue arterial e venoso para recirculação;Reducao de 60%;60.0;40.0;IBS e CBS;NCM/SH;8421.29.90;84212990;8 digitos (item completo);Art. 131;Nao;So se aplica a dispositivos regularizados na Anvisa. Lista revisada a cada 120 dias por ato conjunto MF/CGIBS (art. 131, par. 2). Aliquota zero se adquiridos por adm. publica direta, autarquias, fundacoes publicas ou entidades de saude com CEBAS/SUS (art. 144, II)
138;87;IV;Dispositivos medicos submetidos a reducao de 60%;22;Filtro para cardioplegia;Reducao de 60%;60.0;40.0;IBS e CBS;NCM/SH;8421.29.90;84212990;8 digitos (item completo);Art. 131;Nao;So se aplica a dispositivos regularizados na Anvisa. Lista revisada a cada 120 dias por ato conjunto MF/CGIBS (art. 131, par. 2). Aliquota zero se adquiridos por adm. publica direta, autarquias, fundacoes publicas ou entidades de saude com CEBAS/SUS (art. 144, II)
139;88;IV;Dispositivos medicos submetidos a reducao de 60%;23;"Categutes esterilizados, materiais esterilizados semelhantes para suturas cirúrgicas (incluídos os fios absorvíveis esterilizados para cirurgia ou odontologia) e adesivos esterilizados para tecidos orgânicos, utilizados em cirurgia para fechar ferimentos; laminárias esterilizadas; hemostáticos absorvíveis esterilizados para cirurgia ou odontologia; barreiras antiaderentes esterilizadas para cirurgia ou odontologia, absorvíveis ou não";Reducao de 60%;60.0;40.0;IBS e CBS;NCM/SH;3006.10;300610;6 digitos (subposicao);Art. 131;Nao;So se aplica a dispositivos regularizados na Anvisa. Lista revisada a cada 120 dias por ato conjunto MF/CGIBS (art. 131, par. 2). Aliquota zero se adquiridos por adm. publica direta, autarquias, fundacoes publicas ou entidades de saude com CEBAS/SUS (art. 144, II)
140;89;IV;Dispositivos medicos submetidos a reducao de 60%;24;Hemoconcentrador para circulação extracorpórea;Reducao de 60%;60.0;40.0;IBS e CBS;NCM/SH;9018.90.40;90189040;8 digitos (item completo);Art. 131;Nao;So se aplica a dispositivos regularizados na Anvisa. Lista revisada a cada 120 dias por ato conjunto MF/CGIBS (art. 131, par. 2). Aliquota zero se adquiridos por adm. publica direta, autarquias, fundacoes publicas ou entidades de saude com CEBAS/SUS (art. 144, II)
141;90;IV;Dispositivos medicos submetidos a reducao de 60%;25;Hemodialisador capilar;Reducao de 60%;60.0;40.0;IBS e CBS;NCM/SH;8421.29.11;84212911;8 digitos (item completo);Art. 131;Nao;So se aplica a dispositivos regularizados na Anvisa. Lista revisada a cada 120 dias por ato conjunto MF/CGIBS (art. 131, par. 2). Aliquota zero se adquiridos por adm. publica direta, autarquias, fundacoes publicas ou entidades de saude com CEBAS/SUS (art. 144, II)
142;91;IV;Dispositivos medicos submetidos a reducao de 60%;26;Marcapasso cardíaco câmara dupla;Reducao de 60%;60.0;40.0;IBS e CBS;NCM/SH;9021.50.00;90215000;8 digitos (item completo);Art. 131;Nao;So se aplica a dispositivos regularizados na Anvisa. Lista revisada a cada 120 dias por ato conjunto MF/CGIBS (art. 131, par. 2). Aliquota zero se adquiridos por adm. publica direta, autarquias, fundacoes publicas ou entidades de saude com CEBAS/SUS (art. 144, II)
143;92;IV;Dispositivos medicos submetidos a reducao de 60%;27;Marcapasso cardíaco multiprogramável com telemetria;Reducao de 60%;60.0;40.0;IBS e CBS;NCM/SH;9021.50.00;90215000;8 digitos (item completo);Art. 131;Nao;So se aplica a dispositivos regularizados na Anvisa. Lista revisada a cada 120 dias por ato conjunto MF/CGIBS (art. 131, par. 2). Aliquota zero se adquiridos por adm. publica direta, autarquias, fundacoes publicas ou entidades de saude com CEBAS/SUS (art. 144, II)
144;93;IV;Dispositivos medicos submetidos a reducao de 60%;28;Outras chapas e filmes para raios-X;Reducao de 60%;60.0;40.0;IBS e CBS;NCM/SH;3701.10.29;37011029;8 digitos (item completo);Art. 131;Nao;So se aplica a dispositivos regularizados na Anvisa. Lista revisada a cada 120 dias por ato conjunto MF/CGIBS (art. 131, par. 2). Aliquota zero se adquiridos por adm. publica direta, autarquias, fundacoes publicas ou entidades de saude com CEBAS/SUS (art. 144, II)
145;94;IV;Dispositivos medicos submetidos a reducao de 60%;29;Oxigenador de bolha com tubos para circulação extracorpórea;Reducao de 60%;60.0;40.0;IBS e CBS;NCM/SH;9018.90.99;90189099;8 digitos (item completo);Art. 131;Nao;So se aplica a dispositivos regularizados na Anvisa. Lista revisada a cada 120 dias por ato conjunto MF/CGIBS (art. 131, par. 2). Aliquota zero se adquiridos por adm. publica direta, autarquias, fundacoes publicas ou entidades de saude com CEBAS/SUS (art. 144, II)
146;95;IV;Dispositivos medicos submetidos a reducao de 60%;30;Oxigenador de membrana com tubos para circulação extracorpórea;Reducao de 60%;60.0;40.0;IBS e CBS;NCM/SH;9018.90.99;90189099;8 digitos (item completo);Art. 131;Nao;So se aplica a dispositivos regularizados na Anvisa. Lista revisada a cada 120 dias por ato conjunto MF/CGIBS (art. 131, par. 2). Aliquota zero se adquiridos por adm. publica direta, autarquias, fundacoes publicas ou entidades de saude com CEBAS/SUS (art. 144, II)
147;96;IV;Dispositivos medicos submetidos a reducao de 60%;31;Reservatório de cardiotomia;Reducao de 60%;60.0;40.0;IBS e CBS;NCM/SH;9018.90.99;90189099;8 digitos (item completo);Art. 131;Nao;So se aplica a dispositivos regularizados na Anvisa. Lista revisada a cada 120 dias por ato conjunto MF/CGIBS (art. 131, par. 2). Aliquota zero se adquiridos por adm. publica direta, autarquias, fundacoes publicas ou entidades de saude com CEBAS/SUS (art. 144, II)
148;97;IV;Dispositivos medicos submetidos a reducao de 60%;32;Reservatório para cardioplegia com tubo sem filtro;Reducao de 60%;60.0;40.0;IBS e CBS;NCM/SH;9018.90.99;90189099;8 digitos (item completo);Art. 131;Nao;So se aplica a dispositivos regularizados na Anvisa. Lista revisada a cada 120 dias por ato conjunto MF/CGIBS (art. 131, par. 2). Aliquota zero se adquiridos por adm. publica direta, autarquias, fundacoes publicas ou entidades de saude com CEBAS/SUS (art. 144, II)
149;98;IV;Dispositivos medicos submetidos a reducao de 60%;33;Rins artificiais;Reducao de 60%;60.0;40.0;IBS e CBS;NCM/SH;9018.90.40;90189040;8 digitos (item completo);Art. 131;Nao;So se aplica a dispositivos regularizados na Anvisa. Lista revisada a cada 120 dias por ato conjunto MF/CGIBS (art. 131, par. 2). Aliquota zero se adquiridos por adm. publica direta, autarquias, fundacoes publicas ou entidades de saude com CEBAS/SUS (art. 144, II)
150;99;IV;Dispositivos medicos submetidos a reducao de 60%;34;Shunt lombo-peritonal;Reducao de 60%;60.0;40.0;IBS e CBS;NCM/SH;9021.90.19;90219019;8 digitos (item completo);Art. 131;Nao;So se aplica a dispositivos regularizados na Anvisa. Lista revisada a cada 120 dias por ato conjunto MF/CGIBS (art. 131, par. 2). Aliquota zero se adquiridos por adm. publica direta, autarquias, fundacoes publicas ou entidades de saude com CEBAS/SUS (art. 144, II)
151;100;IV;Dispositivos medicos submetidos a reducao de 60%;35;Substituto temporário de pele (biológica/sintética) (por cm2);Reducao de 60%;60.0;40.0;IBS e CBS;NCM/SH;3005.90.90;30059090;8 digitos (item completo);Art. 131;Nao;So se aplica a dispositivos regularizados na Anvisa. Lista revisada a cada 120 dias por ato conjunto MF/CGIBS (art. 131, par. 2). Aliquota zero se adquiridos por adm. publica direta, autarquias, fundacoes publicas ou entidades de saude com CEBAS/SUS (art. 144, II)
152;101;IV;Dispositivos medicos submetidos a reducao de 60%;36;Tela inorgânica;Reducao de 60%;60.0;40.0;IBS e CBS;NCM/SH;3006.10.90;30061090;8 digitos (item completo);Art. 131;Nao;So se aplica a dispositivos regularizados na Anvisa. Lista revisada a cada 120 dias por ato conjunto MF/CGIBS (art. 131, par. 2). Aliquota zero se adquiridos por adm. publica direta, autarquias, fundacoes publicas ou entidades de saude com CEBAS/SUS (art. 144, II)
153;102;IV;Dispositivos medicos submetidos a reducao de 60%;37;Válvula para hidrocefalia;Reducao de 60%;60.0;40.0;IBS e CBS;NCM/SH;9021.90.19;90219019;8 digitos (item completo);Art. 131;Nao;So se aplica a dispositivos regularizados na Anvisa. Lista revisada a cada 120 dias por ato conjunto MF/CGIBS (art. 131, par. 2). Aliquota zero se adquiridos por adm. publica direta, autarquias, fundacoes publicas ou entidades de saude com CEBAS/SUS (art. 144, II)
154;102;IV;Dispositivos medicos submetidos a reducao de 60%;37;Válvula para hidrocefalia;Reducao de 60%;60.0;40.0;IBS e CBS;NCM/SH;9021.90.89;90219089;8 digitos (item completo);Art. 131;Nao;So se aplica a dispositivos regularizados na Anvisa. Lista revisada a cada 120 dias por ato conjunto MF/CGIBS (art. 131, par. 2). Aliquota zero se adquiridos por adm. publica direta, autarquias, fundacoes publicas ou entidades de saude com CEBAS/SUS (art. 144, II)
155;103;IV;Dispositivos medicos submetidos a reducao de 60%;38;Válvula para tratamento de ascite;Reducao de 60%;60.0;40.0;IBS e CBS;NCM/SH;9021.90.19;90219019;8 digitos (item completo);Art. 131;Nao;So se aplica a dispositivos regularizados na Anvisa. Lista revisada a cada 120 dias por ato conjunto MF/CGIBS (art. 131, par. 2). Aliquota zero se adquiridos por adm. publica direta, autarquias, fundacoes publicas ou entidades de saude com CEBAS/SUS (art. 144, II)
156;104;IV;Dispositivos medicos submetidos a reducao de 60%;39;Fonte de irídio 192;Reducao de 60%;60.0;40.0;IBS e CBS;NCM/SH;2844.43.90;28444390;8 digitos (item completo);Art. 131;Nao;So se aplica a dispositivos regularizados na Anvisa. Lista revisada a cada 120 dias por ato conjunto MF/CGIBS (art. 131, par. 2). Aliquota zero se adquiridos por adm. publica direta, autarquias, fundacoes publicas ou entidades de saude com CEBAS/SUS (art. 144, II)
157;105;IV;Dispositivos medicos submetidos a reducao de 60%;40;Stent vascular;Reducao de 60%;60.0;40.0;IBS e CBS;NCM/SH;9021.90.12;90219012;8 digitos (item completo);Art. 131;Nao;So se aplica a dispositivos regularizados na Anvisa. Lista revisada a cada 120 dias por ato conjunto MF/CGIBS (art. 131, par. 2). Aliquota zero se adquiridos por adm. publica direta, autarquias, fundacoes publicas ou entidades de saude com CEBAS/SUS (art. 144, II)
158;106;IV;Dispositivos medicos submetidos a reducao de 60%;41;Reprocessador de filtros utilizados em hemodiálise;Reducao de 60%;60.0;40.0;IBS e CBS;NCM/SH;8479.89.99;84798999;8 digitos (item completo);Art. 131;Nao;So se aplica a dispositivos regularizados na Anvisa. Lista revisada a cada 120 dias por ato conjunto MF/CGIBS (art. 131, par. 2). Aliquota zero se adquiridos por adm. publica direta, autarquias, fundacoes publicas ou entidades de saude com CEBAS/SUS (art. 144, II)
159;107;IV;Dispositivos medicos submetidos a reducao de 60%;42;Implantes osseointegráveis, na forma de parafuso, e seus componentes manufaturados, tais como tampas de proteção, montadores, conjuntos, pilares (cicatrizador, conector, de transferência ou temporário), cilindros, seus acessórios, destinados a sustentar, amparar, acoplar ou fixar próteses dentárias;Reducao de 60%;60.0;40.0;IBS e CBS;NCM/SH;9021.29.00;90212900;8 digitos (item completo);Art. 131;Nao;So se aplica a dispositivos regularizados na Anvisa. Lista revisada a cada 120 dias por ato conjunto MF/CGIBS (art. 131, par. 2). Aliquota zero se adquiridos por adm. publica direta, autarquias, fundacoes publicas ou entidades de saude com CEBAS/SUS (art. 144, II)
160;107;IV;Dispositivos medicos submetidos a reducao de 60%;42;Implantes osseointegráveis, na forma de parafuso, e seus componentes manufaturados, tais como tampas de proteção, montadores, conjuntos, pilares (cicatrizador, conector, de transferência ou temporário), cilindros, seus acessórios, destinados a sustentar, amparar, acoplar ou fixar próteses dentárias;Reducao de 60%;60.0;40.0;IBS e CBS;NCM/SH;9021.10.10;90211010;8 digitos (item completo);Art. 131;Nao;So se aplica a dispositivos regularizados na Anvisa. Lista revisada a cada 120 dias por ato conjunto MF/CGIBS (art. 131, par. 2). Aliquota zero se adquiridos por adm. publica direta, autarquias, fundacoes publicas ou entidades de saude com CEBAS/SUS (art. 144, II)
161;107;IV;Dispositivos medicos submetidos a reducao de 60%;42;Implantes osseointegráveis, na forma de parafuso, e seus componentes manufaturados, tais como tampas de proteção, montadores, conjuntos, pilares (cicatrizador, conector, de transferência ou temporário), cilindros, seus acessórios, destinados a sustentar, amparar, acoplar ou fixar próteses dentárias;Reducao de 60%;60.0;40.0;IBS e CBS;NCM/SH;9021.10.20;90211020;8 digitos (item completo);Art. 131;Nao;So se aplica a dispositivos regularizados na Anvisa. Lista revisada a cada 120 dias por ato conjunto MF/CGIBS (art. 131, par. 2). Aliquota zero se adquiridos por adm. publica direta, autarquias, fundacoes publicas ou entidades de saude com CEBAS/SUS (art. 144, II)
162;108;IV;Dispositivos medicos submetidos a reducao de 60%;43;Cardiodesfibrilador implantável;Reducao de 60%;60.0;40.0;IBS e CBS;NCM/SH;9021.90.11;90219011;8 digitos (item completo);Art. 131;Nao;So se aplica a dispositivos regularizados na Anvisa. Lista revisada a cada 120 dias por ato conjunto MF/CGIBS (art. 131, par. 2). Aliquota zero se adquiridos por adm. publica direta, autarquias, fundacoes publicas ou entidades de saude com CEBAS/SUS (art. 144, II)
163;109;IV;Dispositivos medicos submetidos a reducao de 60%;44;Espiral para embolização;Reducao de 60%;60.0;40.0;IBS e CBS;NCM/SH;9021.90.12;90219012;8 digitos (item completo);Art. 131;Nao;So se aplica a dispositivos regularizados na Anvisa. Lista revisada a cada 120 dias por ato conjunto MF/CGIBS (art. 131, par. 2). Aliquota zero se adquiridos por adm. publica direta, autarquias, fundacoes publicas ou entidades de saude com CEBAS/SUS (art. 144, II)
164;110;IV;Dispositivos medicos submetidos a reducao de 60%;45;Imunoglobulina anti-Rh;Reducao de 60%;60.0;40.0;IBS e CBS;NCM/SH;3002.12.21;30021221;8 digitos (item completo);Art. 131;Nao;So se aplica a dispositivos regularizados na Anvisa. Lista revisada a cada 120 dias por ato conjunto MF/CGIBS (art. 131, par. 2). Aliquota zero se adquiridos por adm. publica direta, autarquias, fundacoes publicas ou entidades de saude com CEBAS/SUS (art. 144, II)
165;111;IV;Dispositivos medicos submetidos a reducao de 60%;46;Outras imunoglobulinas séricas;Reducao de 60%;60.0;40.0;IBS e CBS;NCM/SH;3002.12.22;30021222;8 digitos (item completo);Art. 131;Nao;So se aplica a dispositivos regularizados na Anvisa. Lista revisada a cada 120 dias por ato conjunto MF/CGIBS (art. 131, par. 2). Aliquota zero se adquiridos por adm. publica direta, autarquias, fundacoes publicas ou entidades de saude com CEBAS/SUS (art. 144, II)
166;112;IV;Dispositivos medicos submetidos a reducao de 60%;47;Concentrado de fator VIII;Reducao de 60%;60.0;40.0;IBS e CBS;NCM/SH;3002.12.23;30021223;8 digitos (item completo);Art. 131;Nao;So se aplica a dispositivos regularizados na Anvisa. Lista revisada a cada 120 dias por ato conjunto MF/CGIBS (art. 131, par. 2). Aliquota zero se adquiridos por adm. publica direta, autarquias, fundacoes publicas ou entidades de saude com CEBAS/SUS (art. 144, II)
167;113;IV;Dispositivos medicos submetidos a reducao de 60%;48;Outras frações do sangue, exceto as preparadas como medicamentos, as imunoglobulinas séricas, o concentrado de fator VIII e a soroalbumina sob a forma de gel para preparação de reagentes de diagnóstico;Reducao de 60%;60.0;40.0;IBS e CBS;NCM/SH;3002.12.21;30021221;8 digitos (item completo);Art. 131;Nao;So se aplica a dispositivos regularizados na Anvisa. Lista revisada a cada 120 dias por ato conjunto MF/CGIBS (art. 131, par. 2). Aliquota zero se adquiridos por adm. publica direta, autarquias, fundacoes publicas ou entidades de saude com CEBAS/SUS (art. 144, II)
168;113;IV;Dispositivos medicos submetidos a reducao de 60%;48;Outras frações do sangue, exceto as preparadas como medicamentos, as imunoglobulinas séricas, o concentrado de fator VIII e a soroalbumina sob a forma de gel para preparação de reagentes de diagnóstico;Reducao de 60%;60.0;40.0;IBS e CBS;NCM/SH;3002.12.29;30021229;8 digitos (item completo);Art. 131;Nao;So se aplica a dispositivos regularizados na Anvisa. Lista revisada a cada 120 dias por ato conjunto MF/CGIBS (art. 131, par. 2). Aliquota zero se adquiridos por adm. publica direta, autarquias, fundacoes publicas ou entidades de saude com CEBAS/SUS (art. 144, II)
169;114;IV;Dispositivos medicos submetidos a reducao de 60%;49;"Reagentes de diagnóstico ou de laboratório em qualquer suporte e reagentes de diagnóstico ou de laboratório preparados, mesmo em um suporte, mesmo apresentados sob a forma de estojos, exceto os da posição 30.06; materiais de referência certificados";Reducao de 60%;60.0;40.0;IBS e CBS;NCM/SH;3822.1;38221;5 digitos (subposicao);Art. 131;Nao;So se aplica a dispositivos regularizados na Anvisa. Lista revisada a cada 120 dias por ato conjunto MF/CGIBS (art. 131, par. 2). Aliquota zero se adquiridos por adm. publica direta, autarquias, fundacoes publicas ou entidades de saude com CEBAS/SUS (art. 144, II)
170;115;IV;Dispositivos medicos submetidos a reducao de 60%;50;Reagentes de diagnóstico concebidos para serem administrados ao paciente, à base de somatoliberina;Reducao de 60%;60.0;40.0;IBS e CBS;NCM/SH;3006.30.21;30063021;8 digitos (item completo);Art. 131;Nao;So se aplica a dispositivos regularizados na Anvisa. Lista revisada a cada 120 dias por ato conjunto MF/CGIBS (art. 131, par. 2). Aliquota zero se adquiridos por adm. publica direta, autarquias, fundacoes publicas ou entidades de saude com CEBAS/SUS (art. 144, II)
171;116;IV;Dispositivos medicos submetidos a reducao de 60%;51;Produtos para obturação dentária, exceto cimentos;Reducao de 60%;60.0;40.0;IBS e CBS;NCM/SH;3006.40.12;30064012;8 digitos (item completo);Art. 131;Nao;So se aplica a dispositivos regularizados na Anvisa. Lista revisada a cada 120 dias por ato conjunto MF/CGIBS (art. 131, par. 2). Aliquota zero se adquiridos por adm. publica direta, autarquias, fundacoes publicas ou entidades de saude com CEBAS/SUS (art. 144, II)
172;117;IV;Dispositivos medicos submetidos a reducao de 60%;52;Preparações em gel, concebidas para uso em medicina humana ou veterinária como lubrificante para certas partes do corpo em intervenções cirúrgicas ou exames médicos ou como agente de ligação entre o corpo e os instrumentos médicos;Reducao de 60%;60.0;40.0;IBS e CBS;NCM/SH;3006.70.00;30067000;8 digitos (item completo);Art. 131;Nao;So se aplica a dispositivos regularizados na Anvisa. Lista revisada a cada 120 dias por ato conjunto MF/CGIBS (art. 131, par. 2). Aliquota zero se adquiridos por adm. publica direta, autarquias, fundacoes publicas ou entidades de saude com CEBAS/SUS (art. 144, II)
173;118;IV;Dispositivos medicos submetidos a reducao de 60%;53;Bolsas para uso em colostomia, ileostomia e urostomia;Reducao de 60%;60.0;40.0;IBS e CBS;NCM/SH;3006.91.10;30069110;8 digitos (item completo);Art. 131;Nao;So se aplica a dispositivos regularizados na Anvisa. Lista revisada a cada 120 dias por ato conjunto MF/CGIBS (art. 131, par. 2). Aliquota zero se adquiridos por adm. publica direta, autarquias, fundacoes publicas ou entidades de saude com CEBAS/SUS (art. 144, II)
174;119;IV;Dispositivos medicos submetidos a reducao de 60%;54;Equipamentos identificáveis para ostomia, exceto bolsas para uso em colostomia, ileostomia e urostomia;Reducao de 60%;60.0;40.0;IBS e CBS;NCM/SH;3006.91.90;30069190;8 digitos (item completo);Art. 131;Nao;So se aplica a dispositivos regularizados na Anvisa. Lista revisada a cada 120 dias por ato conjunto MF/CGIBS (art. 131, par. 2). Aliquota zero se adquiridos por adm. publica direta, autarquias, fundacoes publicas ou entidades de saude com CEBAS/SUS (art. 144, II)
175;120;IV;Dispositivos medicos submetidos a reducao de 60%;55;Bolsas para uso em medicina (hemodiálise e usos semelhantes);Reducao de 60%;60.0;40.0;IBS e CBS;NCM/SH;3926.90.30;39269030;8 digitos (item completo);Art. 131;Nao;So se aplica a dispositivos regularizados na Anvisa. Lista revisada a cada 120 dias por ato conjunto MF/CGIBS (art. 131, par. 2). Aliquota zero se adquiridos por adm. publica direta, autarquias, fundacoes publicas ou entidades de saude com CEBAS/SUS (art. 144, II)
176;121;IV;Dispositivos medicos submetidos a reducao de 60%;56;Artigos exclusivamente de laboratório de análises clínicas;Reducao de 60%;60.0;40.0;IBS e CBS;NCM/SH;3926.90.40;39269040;8 digitos (item completo);Art. 131;Nao;So se aplica a dispositivos regularizados na Anvisa. Lista revisada a cada 120 dias por ato conjunto MF/CGIBS (art. 131, par. 2). Aliquota zero se adquiridos por adm. publica direta, autarquias, fundacoes publicas ou entidades de saude com CEBAS/SUS (art. 144, II)
177;122;IV;Dispositivos medicos submetidos a reducao de 60%;57;Acessórios de plástico do tipo utilizado em linhas de sangue para hemodiálise, tais como: obturadores, incluídos os reguláveis (clamps), clipes e similares;Reducao de 60%;60.0;40.0;IBS e CBS;NCM/SH;3926.90.50;39269050;8 digitos (item completo);Art. 131;Nao;So se aplica a dispositivos regularizados na Anvisa. Lista revisada a cada 120 dias por ato conjunto MF/CGIBS (art. 131, par. 2). Aliquota zero se adquiridos por adm. publica direta, autarquias, fundacoes publicas ou entidades de saude com CEBAS/SUS (art. 144, II)
178;123;IV;Dispositivos medicos submetidos a reducao de 60%;58;Luvas cirúrgicas e luvas de procedimento;Reducao de 60%;60.0;40.0;IBS e CBS;NCM/SH;4015.1;40151;5 digitos (subposicao);Art. 131;Nao;So se aplica a dispositivos regularizados na Anvisa. Lista revisada a cada 120 dias por ato conjunto MF/CGIBS (art. 131, par. 2). Aliquota zero se adquiridos por adm. publica direta, autarquias, fundacoes publicas ou entidades de saude com CEBAS/SUS (art. 144, II)
179;124;IV;Dispositivos medicos submetidos a reducao de 60%;59;Seringas, mesmo com agulhas;Reducao de 60%;60.0;40.0;IBS e CBS;NCM/SH;9018.31;901831;6 digitos (subposicao);Art. 131;Nao;So se aplica a dispositivos regularizados na Anvisa. Lista revisada a cada 120 dias por ato conjunto MF/CGIBS (art. 131, par. 2). Aliquota zero se adquiridos por adm. publica direta, autarquias, fundacoes publicas ou entidades de saude com CEBAS/SUS (art. 144, II)
180;125;IV;Dispositivos medicos submetidos a reducao de 60%;60;Agulhas tubulares de metal e agulhas para suturas;Reducao de 60%;60.0;40.0;IBS e CBS;NCM/SH;9018.32;901832;6 digitos (subposicao);Art. 131;Nao;So se aplica a dispositivos regularizados na Anvisa. Lista revisada a cada 120 dias por ato conjunto MF/CGIBS (art. 131, par. 2). Aliquota zero se adquiridos por adm. publica direta, autarquias, fundacoes publicas ou entidades de saude com CEBAS/SUS (art. 144, II)
181;126;IV;Dispositivos medicos submetidos a reducao de 60%;61;Agulhas, exceto as de metal e as para suturas;Reducao de 60%;60.0;40.0;IBS e CBS;NCM/SH;9018.39.10;90183910;8 digitos (item completo);Art. 131;Nao;So se aplica a dispositivos regularizados na Anvisa. Lista revisada a cada 120 dias por ato conjunto MF/CGIBS (art. 131, par. 2). Aliquota zero se adquiridos por adm. publica direta, autarquias, fundacoes publicas ou entidades de saude com CEBAS/SUS (art. 144, II)
182;127;IV;Dispositivos medicos submetidos a reducao de 60%;62;Sondas, cateteres e cânulas, individualmente ou em conjunto;Reducao de 60%;60.0;40.0;IBS e CBS;NCM/SH;9018.39.2;9018392;7 digitos (item);Art. 131;Nao;So se aplica a dispositivos regularizados na Anvisa. Lista revisada a cada 120 dias por ato conjunto MF/CGIBS (art. 131, par. 2). Aliquota zero se adquiridos por adm. publica direta, autarquias, fundacoes publicas ou entidades de saude com CEBAS/SUS (art. 144, II)
183;128;IV;Dispositivos medicos submetidos a reducao de 60%;63;Lancetas para vacinação e cautérios;Reducao de 60%;60.0;40.0;IBS e CBS;NCM/SH;9018.39.30;90183930;8 digitos (item completo);Art. 131;Nao;So se aplica a dispositivos regularizados na Anvisa. Lista revisada a cada 120 dias por ato conjunto MF/CGIBS (art. 131, par. 2). Aliquota zero se adquiridos por adm. publica direta, autarquias, fundacoes publicas ou entidades de saude com CEBAS/SUS (art. 144, II)
184;129;IV;Dispositivos medicos submetidos a reducao de 60%;64;Instrumentos semelhantes a seringas, a agulhas, a cateteres e a cânulas;Reducao de 60%;60.0;40.0;IBS e CBS;NCM/SH;9018.39.9;9018399;7 digitos (item);Art. 131;Nao;So se aplica a dispositivos regularizados na Anvisa. Lista revisada a cada 120 dias por ato conjunto MF/CGIBS (art. 131, par. 2). Aliquota zero se adquiridos por adm. publica direta, autarquias, fundacoes publicas ou entidades de saude com CEBAS/SUS (art. 144, II)
185;130;IV;Dispositivos medicos submetidos a reducao de 60%;65;Brocas para odontologia;Reducao de 60%;60.0;40.0;IBS e CBS;NCM/SH;9018.49.1;9018491;7 digitos (item);Art. 131;Nao;So se aplica a dispositivos regularizados na Anvisa. Lista revisada a cada 120 dias por ato conjunto MF/CGIBS (art. 131, par. 2). Aliquota zero se adquiridos por adm. publica direta, autarquias, fundacoes publicas ou entidades de saude com CEBAS/SUS (art. 144, II)
186;131;IV;Dispositivos medicos submetidos a reducao de 60%;66;Limas;Reducao de 60%;60.0;40.0;IBS e CBS;NCM/SH;9018.49.20;90184920;8 digitos (item completo);Art. 131;Nao;So se aplica a dispositivos regularizados na Anvisa. Lista revisada a cada 120 dias por ato conjunto MF/CGIBS (art. 131, par. 2). Aliquota zero se adquiridos por adm. publica direta, autarquias, fundacoes publicas ou entidades de saude com CEBAS/SUS (art. 144, II)
187;132;IV;Dispositivos medicos submetidos a reducao de 60%;67;Grampos e clipes, seus aplicadores e extratores;Reducao de 60%;60.0;40.0;IBS e CBS;NCM/SH;9018.90.95;90189095;8 digitos (item completo);Art. 131;Nao;So se aplica a dispositivos regularizados na Anvisa. Lista revisada a cada 120 dias por ato conjunto MF/CGIBS (art. 131, par. 2). Aliquota zero se adquiridos por adm. publica direta, autarquias, fundacoes publicas ou entidades de saude com CEBAS/SUS (art. 144, II)
188;133;IV;Dispositivos medicos submetidos a reducao de 60%;68;Outros instrumentos e aparelhos para medicina, cirurgia e odontologia, excluídas seringas e agulhas, das posições 9018.31 e 9018.32;Reducao de 60%;60.0;40.0;IBS e CBS;NCM/SH;9018.39.99;90183999;8 digitos (item completo);Art. 131;Nao;So se aplica a dispositivos regularizados na Anvisa. Lista revisada a cada 120 dias por ato conjunto MF/CGIBS (art. 131, par. 2). Aliquota zero se adquiridos por adm. publica direta, autarquias, fundacoes publicas ou entidades de saude com CEBAS/SUS (art. 144, II)
189;133;IV;Dispositivos medicos submetidos a reducao de 60%;68;Outros instrumentos e aparelhos para medicina, cirurgia e odontologia, excluídas seringas e agulhas, das posições 9018.31 e 9018.32;Reducao de 60%;60.0;40.0;IBS e CBS;NCM/SH;9018.90.99;90189099;8 digitos (item completo);Art. 131;Nao;So se aplica a dispositivos regularizados na Anvisa. Lista revisada a cada 120 dias por ato conjunto MF/CGIBS (art. 131, par. 2). Aliquota zero se adquiridos por adm. publica direta, autarquias, fundacoes publicas ou entidades de saude com CEBAS/SUS (art. 144, II)
190;134;IV;Dispositivos medicos submetidos a reducao de 60%;69;Mesas de operação e para exames, camas hospitalares e de uso clínico;Reducao de 60%;60.0;40.0;IBS e CBS;NCM/SH;9402.90;940290;6 digitos (subposicao);Art. 131;Nao;So se aplica a dispositivos regularizados na Anvisa. Lista revisada a cada 120 dias por ato conjunto MF/CGIBS (art. 131, par. 2). Aliquota zero se adquiridos por adm. publica direta, autarquias, fundacoes publicas ou entidades de saude com CEBAS/SUS (art. 144, II)
191;135;IV;Dispositivos medicos submetidos a reducao de 60%;70;Fotocoagulador a laser;Reducao de 60%;60.0;40.0;IBS e CBS;NCM/SH;9018.20.10;90182010;8 digitos (item completo);Art. 131;Nao;So se aplica a dispositivos regularizados na Anvisa. Lista revisada a cada 120 dias por ato conjunto MF/CGIBS (art. 131, par. 2). Aliquota zero se adquiridos por adm. publica direta, autarquias, fundacoes publicas ou entidades de saude com CEBAS/SUS (art. 144, II)
192;136;IV;Dispositivos medicos submetidos a reducao de 60%;71;Bisturi elétrico;Reducao de 60%;60.0;40.0;IBS e CBS;NCM/SH;9018.90.21;90189021;8 digitos (item completo);Art. 131;Nao;So se aplica a dispositivos regularizados na Anvisa. Lista revisada a cada 120 dias por ato conjunto MF/CGIBS (art. 131, par. 2). Aliquota zero se adquiridos por adm. publica direta, autarquias, fundacoes publicas ou entidades de saude com CEBAS/SUS (art. 144, II)
193;137;IV;Dispositivos medicos submetidos a reducao de 60%;72;Aparelho de anestesia com monitor multiparâmetros;Reducao de 60%;60.0;40.0;IBS e CBS;NCM/SH;9018.90.99;90189099;8 digitos (item completo);Art. 131;Nao;So se aplica a dispositivos regularizados na Anvisa. Lista revisada a cada 120 dias por ato conjunto MF/CGIBS (art. 131, par. 2). Aliquota zero se adquiridos por adm. publica direta, autarquias, fundacoes publicas ou entidades de saude com CEBAS/SUS (art. 144, II)
194;138;IV;Dispositivos medicos submetidos a reducao de 60%;73;Autoclave;Reducao de 60%;60.0;40.0;IBS e CBS;NCM/SH;8419.81.10;84198110;8 digitos (item completo);Art. 131;Nao;So se aplica a dispositivos regularizados na Anvisa. Lista revisada a cada 120 dias por ato conjunto MF/CGIBS (art. 131, par. 2). Aliquota zero se adquiridos por adm. publica direta, autarquias, fundacoes publicas ou entidades de saude com CEBAS/SUS (art. 144, II)
195;139;IV;Dispositivos medicos submetidos a reducao de 60%;74;Retinógrafo;Reducao de 60%;60.0;40.0;IBS e CBS;NCM/SH;9018.50.90;90185090;8 digitos (item completo);Art. 131;Nao;So se aplica a dispositivos regularizados na Anvisa. Lista revisada a cada 120 dias por ato conjunto MF/CGIBS (art. 131, par. 2). Aliquota zero se adquiridos por adm. publica direta, autarquias, fundacoes publicas ou entidades de saude com CEBAS/SUS (art. 144, II)
196;140;IV;Dispositivos medicos submetidos a reducao de 60%;75;Meios de cultura;Reducao de 60%;60.0;40.0;IBS e CBS;NCM/SH;3821.00.00;38210000;8 digitos (item completo);Art. 131;Nao;So se aplica a dispositivos regularizados na Anvisa. Lista revisada a cada 120 dias por ato conjunto MF/CGIBS (art. 131, par. 2). Aliquota zero se adquiridos por adm. publica direta, autarquias, fundacoes publicas ou entidades de saude com CEBAS/SUS (art. 144, II)
197;141;IV;Dispositivos medicos submetidos a reducao de 60%;76;Termocicladores utilizados em diagnóstico e na pesquisa científica;Reducao de 60%;60.0;40.0;IBS e CBS;NCM/SH;8419.89.99;84198999;8 digitos (item completo);Art. 131;Nao;So se aplica a dispositivos regularizados na Anvisa. Lista revisada a cada 120 dias por ato conjunto MF/CGIBS (art. 131, par. 2). Aliquota zero se adquiridos por adm. publica direta, autarquias, fundacoes publicas ou entidades de saude com CEBAS/SUS (art. 144, II)
198;142;IV;Dispositivos medicos submetidos a reducao de 60%;77;Partes e peças de termocicladores;Reducao de 60%;60.0;40.0;IBS e CBS;NCM/SH;8419.90.40;84199040;8 digitos (item completo);Art. 131;Nao;So se aplica a dispositivos regularizados na Anvisa. Lista revisada a cada 120 dias por ato conjunto MF/CGIBS (art. 131, par. 2). Aliquota zero se adquiridos por adm. publica direta, autarquias, fundacoes publicas ou entidades de saude com CEBAS/SUS (art. 144, II)
199;143;IV;Dispositivos medicos submetidos a reducao de 60%;78;Pipetadores laboratoriais para diagnóstico e pesquisa científica;Reducao de 60%;60.0;40.0;IBS e CBS;NCM/SH;8479.89.12;84798912;8 digitos (item completo);Art. 131;Nao;So se aplica a dispositivos regularizados na Anvisa. Lista revisada a cada 120 dias por ato conjunto MF/CGIBS (art. 131, par. 2). Aliquota zero se adquiridos por adm. publica direta, autarquias, fundacoes publicas ou entidades de saude com CEBAS/SUS (art. 144, II)
200;144;IV;Dispositivos medicos submetidos a reducao de 60%;79;Cromatógrafo de fase líquida;Reducao de 60%;60.0;40.0;IBS e CBS;NCM/SH;9027.20.12;90272012;8 digitos (item completo);Art. 131;Nao;So se aplica a dispositivos regularizados na Anvisa. Lista revisada a cada 120 dias por ato conjunto MF/CGIBS (art. 131, par. 2). Aliquota zero se adquiridos por adm. publica direta, autarquias, fundacoes publicas ou entidades de saude com CEBAS/SUS (art. 144, II)
201;145;IV;Dispositivos medicos submetidos a reducao de 60%;80;Sequenciadores automáticos de ADN mediante eletroforese capilar;Reducao de 60%;60.0;40.0;IBS e CBS;NCM/SH;9027.20.21;90272021;8 digitos (item completo);Art. 131;Nao;So se aplica a dispositivos regularizados na Anvisa. Lista revisada a cada 120 dias por ato conjunto MF/CGIBS (art. 131, par. 2). Aliquota zero se adquiridos por adm. publica direta, autarquias, fundacoes publicas ou entidades de saude com CEBAS/SUS (art. 144, II)
202;146;IV;Dispositivos medicos submetidos a reducao de 60%;81;Aparelhos de eletroforese para diagnóstico e pesquisa científica;Reducao de 60%;60.0;40.0;IBS e CBS;NCM/SH;9027.20.29;90272029;8 digitos (item completo);Art. 131;Nao;So se aplica a dispositivos regularizados na Anvisa. Lista revisada a cada 120 dias por ato conjunto MF/CGIBS (art. 131, par. 2). Aliquota zero se adquiridos por adm. publica direta, autarquias, fundacoes publicas ou entidades de saude com CEBAS/SUS (art. 144, II)
203;147;IV;Dispositivos medicos submetidos a reducao de 60%;82;Analisadores por espectrofotometria para diagnóstico e pesquisa científica;Reducao de 60%;60.0;40.0;IBS e CBS;NCM/SH;9027.30;902730;6 digitos (subposicao);Art. 131;Nao;So se aplica a dispositivos regularizados na Anvisa. Lista revisada a cada 120 dias por ato conjunto MF/CGIBS (art. 131, par. 2). Aliquota zero se adquiridos por adm. publica direta, autarquias, fundacoes publicas ou entidades de saude com CEBAS/SUS (art. 144, II)
204;148;IV;Dispositivos medicos submetidos a reducao de 60%;83;Analisadores por fotometria para diagnóstico e pesquisa científica;Reducao de 60%;60.0;40.0;IBS e CBS;NCM/SH;9027.50.20;90275020;8 digitos (item completo);Art. 131;Nao;So se aplica a dispositivos regularizados na Anvisa. Lista revisada a cada 120 dias por ato conjunto MF/CGIBS (art. 131, par. 2). Aliquota zero se adquiridos por adm. publica direta, autarquias, fundacoes publicas ou entidades de saude com CEBAS/SUS (art. 144, II)
205;149;IV;Dispositivos medicos submetidos a reducao de 60%;84;Citômetro de fluxo;Reducao de 60%;60.0;40.0;IBS e CBS;NCM/SH;9027.50.50;90275050;8 digitos (item completo);Art. 131;Nao;So se aplica a dispositivos regularizados na Anvisa. Lista revisada a cada 120 dias por ato conjunto MF/CGIBS (art. 131, par. 2). Aliquota zero se adquiridos por adm. publica direta, autarquias, fundacoes publicas ou entidades de saude com CEBAS/SUS (art. 144, II)
206;150;IV;Dispositivos medicos submetidos a reducao de 60%;85;Analisadores por radiações ópticas para diagnóstico e pesquisa científica;Reducao de 60%;60.0;40.0;IBS e CBS;NCM/SH;9027.50.90;90275090;8 digitos (item completo);Art. 131;Nao;So se aplica a dispositivos regularizados na Anvisa. Lista revisada a cada 120 dias por ato conjunto MF/CGIBS (art. 131, par. 2). Aliquota zero se adquiridos por adm. publica direta, autarquias, fundacoes publicas ou entidades de saude com CEBAS/SUS (art. 144, II)
207;151;IV;Dispositivos medicos submetidos a reducao de 60%;86;Outros analisadores para diagnóstico e pesquisa científica;Reducao de 60%;60.0;40.0;IBS e CBS;NCM/SH;9027.89.99;90278999;8 digitos (item completo);Art. 131;Nao;So se aplica a dispositivos regularizados na Anvisa. Lista revisada a cada 120 dias por ato conjunto MF/CGIBS (art. 131, par. 2). Aliquota zero se adquiridos por adm. publica direta, autarquias, fundacoes publicas ou entidades de saude com CEBAS/SUS (art. 144, II)
208;152;IV;Dispositivos medicos submetidos a reducao de 60%;87;Espectrômetro de massa;Reducao de 60%;60.0;40.0;IBS e CBS;NCM/SH;9027.81.00;90278100;8 digitos (item completo);Art. 131;Nao;So se aplica a dispositivos regularizados na Anvisa. Lista revisada a cada 120 dias por ato conjunto MF/CGIBS (art. 131, par. 2). Aliquota zero se adquiridos por adm. publica direta, autarquias, fundacoes publicas ou entidades de saude com CEBAS/SUS (art. 144, II)
209;153;IV;Dispositivos medicos submetidos a reducao de 60%;88;Outros analisadores para diagnóstico;Reducao de 60%;60.0;40.0;IBS e CBS;NCM/SH;9027.89.99;90278999;8 digitos (item completo);Art. 131;Nao;So se aplica a dispositivos regularizados na Anvisa. Lista revisada a cada 120 dias por ato conjunto MF/CGIBS (art. 131, par. 2). Aliquota zero se adquiridos por adm. publica direta, autarquias, fundacoes publicas ou entidades de saude com CEBAS/SUS (art. 144, II)
210;154;IV;Dispositivos medicos submetidos a reducao de 60%;89;Micrótomo;Reducao de 60%;60.0;40.0;IBS e CBS;NCM/SH;9027.90.10;90279010;8 digitos (item completo);Art. 131;Nao;So se aplica a dispositivos regularizados na Anvisa. Lista revisada a cada 120 dias por ato conjunto MF/CGIBS (art. 131, par. 2). Aliquota zero se adquiridos por adm. publica direta, autarquias, fundacoes publicas ou entidades de saude com CEBAS/SUS (art. 144, II)
211;155;IV;Dispositivos medicos submetidos a reducao de 60%;90;Partes e peças de equipamentos analisadores laboratoriais;Reducao de 60%;60.0;40.0;IBS e CBS;NCM/SH;9027.90.9;9027909;7 digitos (item);Art. 131;Nao;So se aplica a dispositivos regularizados na Anvisa. Lista revisada a cada 120 dias por ato conjunto MF/CGIBS (art. 131, par. 2). Aliquota zero se adquiridos por adm. publica direta, autarquias, fundacoes publicas ou entidades de saude com CEBAS/SUS (art. 144, II)
212;156;IV;Dispositivos medicos submetidos a reducao de 60%;91;Preservativo;Reducao de 60%;60.0;40.0;IBS e CBS;NCM/SH;4014.10.00;40141000;8 digitos (item completo);Art. 131;Nao;So se aplica a dispositivos regularizados na Anvisa. Lista revisada a cada 120 dias por ato conjunto MF/CGIBS (art. 131, par. 2). Aliquota zero se adquiridos por adm. publica direta, autarquias, fundacoes publicas ou entidades de saude com CEBAS/SUS (art. 144, II)
213;157;IV;Dispositivos medicos submetidos a reducao de 60%;92;Dispositivo intrauterino (DIU);Reducao de 60%;60.0;40.0;IBS e CBS;NCM/SH;9018.90.99;90189099;8 digitos (item completo);Art. 131;Nao;So se aplica a dispositivos regularizados na Anvisa. Lista revisada a cada 120 dias por ato conjunto MF/CGIBS (art. 131, par. 2). Aliquota zero se adquiridos por adm. publica direta, autarquias, fundacoes publicas ou entidades de saude com CEBAS/SUS (art. 144, II)
214;158;IV;Dispositivos medicos submetidos a reducao de 60%;93;Substância para conservação de órgãos e tecidos;Reducao de 60%;60.0;40.0;IBS e CBS;NCM/SH;3824.99.89;38249989;8 digitos (item completo);Art. 131;Nao;So se aplica a dispositivos regularizados na Anvisa. Lista revisada a cada 120 dias por ato conjunto MF/CGIBS (art. 131, par. 2). Aliquota zero se adquiridos por adm. publica direta, autarquias, fundacoes publicas ou entidades de saude com CEBAS/SUS (art. 144, II)
215;159;IV;Dispositivos medicos submetidos a reducao de 60%;94;Introdutor de punção para implante de eletrodo endocárdico;Reducao de 60%;60.0;40.0;IBS e CBS;NCM/SH;9021.90.91;90219091;8 digitos (item completo);Art. 131;Nao;So se aplica a dispositivos regularizados na Anvisa. Lista revisada a cada 120 dias por ato conjunto MF/CGIBS (art. 131, par. 2). Aliquota zero se adquiridos por adm. publica direta, autarquias, fundacoes publicas ou entidades de saude com CEBAS/SUS (art. 144, II)
216;160;IV;Dispositivos medicos submetidos a reducao de 60%;95;Enxerto tubular de politetrafluoretileno - PTFE (por cm2);Reducao de 60%;60.0;40.0;IBS e CBS;NCM/SH;9021.90.99;90219099;8 digitos (item completo);Art. 131;Nao;So se aplica a dispositivos regularizados na Anvisa. Lista revisada a cada 120 dias por ato conjunto MF/CGIBS (art. 131, par. 2). Aliquota zero se adquiridos por adm. publica direta, autarquias, fundacoes publicas ou entidades de saude com CEBAS/SUS (art. 144, II)
217;161;IV;Dispositivos medicos submetidos a reducao de 60%;96;Enxerto arterial e venoso tubular inorgânico;Reducao de 60%;60.0;40.0;IBS e CBS;NCM/SH;9021.90.99;90219099;8 digitos (item completo);Art. 131;Nao;So se aplica a dispositivos regularizados na Anvisa. Lista revisada a cada 120 dias por ato conjunto MF/CGIBS (art. 131, par. 2). Aliquota zero se adquiridos por adm. publica direta, autarquias, fundacoes publicas ou entidades de saude com CEBAS/SUS (art. 144, II)
218;162;IV;Dispositivos medicos submetidos a reducao de 60%;97;Botão para crânio;Reducao de 60%;60.0;40.0;IBS e CBS;NCM/SH;9021.90.99;90219099;8 digitos (item completo);Art. 131;Nao;So se aplica a dispositivos regularizados na Anvisa. Lista revisada a cada 120 dias por ato conjunto MF/CGIBS (art. 131, par. 2). Aliquota zero se adquiridos por adm. publica direta, autarquias, fundacoes publicas ou entidades de saude com CEBAS/SUS (art. 144, II)
219;163;IV;Dispositivos medicos submetidos a reducao de 60%;98;Guia metálico para introdução de cateter duplo lumen;Reducao de 60%;60.0;40.0;IBS e CBS;NCM/SH;9018.39.29;90183929;8 digitos (item completo);Art. 131;Nao;So se aplica a dispositivos regularizados na Anvisa. Lista revisada a cada 120 dias por ato conjunto MF/CGIBS (art. 131, par. 2). Aliquota zero se adquiridos por adm. publica direta, autarquias, fundacoes publicas ou entidades de saude com CEBAS/SUS (art. 144, II)
220;164;IV;Dispositivos medicos submetidos a reducao de 60%;99;Dilatador para implante de cateter duplo lumen;Reducao de 60%;60.0;40.0;IBS e CBS;NCM/SH;9018.39.29;90183929;8 digitos (item completo);Art. 131;Nao;So se aplica a dispositivos regularizados na Anvisa. Lista revisada a cada 120 dias por ato conjunto MF/CGIBS (art. 131, par. 2). Aliquota zero se adquiridos por adm. publica direta, autarquias, fundacoes publicas ou entidades de saude com CEBAS/SUS (art. 144, II)
221;165;IV;Dispositivos medicos submetidos a reducao de 60%;100;Guia de troca para angioplastia;Reducao de 60%;60.0;40.0;IBS e CBS;NCM/SH;9018.39.29;90183929;8 digitos (item completo);Art. 131;Nao;So se aplica a dispositivos regularizados na Anvisa. Lista revisada a cada 120 dias por ato conjunto MF/CGIBS (art. 131, par. 2). Aliquota zero se adquiridos por adm. publica direta, autarquias, fundacoes publicas ou entidades de saude com CEBAS/SUS (art. 144, II)
222;166;IV;Dispositivos medicos submetidos a reducao de 60%;101;Introdutor para cateter com e sem válvula;Reducao de 60%;60.0;40.0;IBS e CBS;NCM/SH;9018.39.29;90183929;8 digitos (item completo);Art. 131;Nao;So se aplica a dispositivos regularizados na Anvisa. Lista revisada a cada 120 dias por ato conjunto MF/CGIBS (art. 131, par. 2). Aliquota zero se adquiridos por adm. publica direta, autarquias, fundacoes publicas ou entidades de saude com CEBAS/SUS (art. 144, II)
223;167;IV;Dispositivos medicos submetidos a reducao de 60%;102;Kit cânula;Reducao de 60%;60.0;40.0;IBS e CBS;NCM/SH;9018.39.99;90183999;8 digitos (item completo);Art. 131;Nao;So se aplica a dispositivos regularizados na Anvisa. Lista revisada a cada 120 dias por ato conjunto MF/CGIBS (art. 131, par. 2). Aliquota zero se adquiridos por adm. publica direta, autarquias, fundacoes publicas ou entidades de saude com CEBAS/SUS (art. 144, II)
224;167;IV;Dispositivos medicos submetidos a reducao de 60%;102;Kit cânula;Reducao de 60%;60.0;40.0;IBS e CBS;NCM/SH;9018.39.91;90183991;8 digitos (item completo);Art. 131;Nao;So se aplica a dispositivos regularizados na Anvisa. Lista revisada a cada 120 dias por ato conjunto MF/CGIBS (art. 131, par. 2). Aliquota zero se adquiridos por adm. publica direta, autarquias, fundacoes publicas ou entidades de saude com CEBAS/SUS (art. 144, II)
225;168;IV;Dispositivos medicos submetidos a reducao de 60%;103;Dreno para sucção;Reducao de 60%;60.0;40.0;IBS e CBS;NCM/SH;9018.39.29;90183929;8 digitos (item completo);Art. 131;Nao;So se aplica a dispositivos regularizados na Anvisa. Lista revisada a cada 120 dias por ato conjunto MF/CGIBS (art. 131, par. 2). Aliquota zero se adquiridos por adm. publica direta, autarquias, fundacoes publicas ou entidades de saude com CEBAS/SUS (art. 144, II)
226;169;IV;Dispositivos medicos submetidos a reducao de 60%;104;Sistema de drenagem mediastinal;Reducao de 60%;60.0;40.0;IBS e CBS;NCM/SH;9018.39.29;90183929;8 digitos (item completo);Art. 131;Nao;So se aplica a dispositivos regularizados na Anvisa. Lista revisada a cada 120 dias por ato conjunto MF/CGIBS (art. 131, par. 2). Aliquota zero se adquiridos por adm. publica direta, autarquias, fundacoes publicas ou entidades de saude com CEBAS/SUS (art. 144, II)
227;170;IV;Dispositivos medicos submetidos a reducao de 60%;105;Conjunto descartável de balão intra-aórtico;Reducao de 60%;60.0;40.0;IBS e CBS;NCM/SH;9018.90.99;90189099;8 digitos (item completo);Art. 131;Nao;So se aplica a dispositivos regularizados na Anvisa. Lista revisada a cada 120 dias por ato conjunto MF/CGIBS (art. 131, par. 2). Aliquota zero se adquiridos por adm. publica direta, autarquias, fundacoes publicas ou entidades de saude com CEBAS/SUS (art. 144, II)
228;171;V;Dispositivos de acessibilidade proprios para pessoas com deficiencia submetidos a reducao de 60%;1;ACESSÓRIOS E ADAPTAÇÕES ESPECIAIS PARA SEREM INSTALADOS EM VEÍCULOS AUTOMOTORES PERTENCENTES OU QUE FOREM DESTINADOS A PESSOAS COM DEFICIÊNCIA FÍSICA;Reducao de 60%;60.0;40.0;IBS e CBS;NCM/SH;;;Nao informado;Art. 132;Sim;Aliquota zero na hipotese do art. 145, II
229;172;V;Dispositivos de acessibilidade proprios para pessoas com deficiencia submetidos a reducao de 60%;1.1;Comando de embreagem manual, suas partes e acessórios;Reducao de 60%;60.0;40.0;IBS e CBS;NCM/SH;8708.99.10;87089910;8 digitos (item completo);Art. 132;Nao;Aliquota zero na hipotese do art. 145, II
230;173;V;Dispositivos de acessibilidade proprios para pessoas com deficiencia submetidos a reducao de 60%;1.2;Comando de freio manual, suas partes e acessórios;Reducao de 60%;60.0;40.0;IBS e CBS;NCM/SH;8708.99.10;87089910;8 digitos (item completo);Art. 132;Nao;Aliquota zero na hipotese do art. 145, II
231;174;V;Dispositivos de acessibilidade proprios para pessoas com deficiencia submetidos a reducao de 60%;1.3;Comando de acelerador manual, suas partes e acessórios;Reducao de 60%;60.0;40.0;IBS e CBS;NCM/SH;8708.99.10;87089910;8 digitos (item completo);Art. 132;Nao;Aliquota zero na hipotese do art. 145, II
232;175;V;Dispositivos de acessibilidade proprios para pessoas com deficiencia submetidos a reducao de 60%;1.4;Inversão do pedal do acelerador, suas partes e acessórios;Reducao de 60%;60.0;40.0;IBS e CBS;NCM/SH;8708.99.10;87089910;8 digitos (item completo);Art. 132;Nao;Aliquota zero na hipotese do art. 145, II
233;176;V;Dispositivos de acessibilidade proprios para pessoas com deficiencia submetidos a reducao de 60%;1.5;Prolongamento de pedais, suas partes e acessórios;Reducao de 60%;60.0;40.0;IBS e CBS;NCM/SH;8708.99.10;87089910;8 digitos (item completo);Art. 132;Nao;Aliquota zero na hipotese do art. 145, II
234;177;V;Dispositivos de acessibilidade proprios para pessoas com deficiencia submetidos a reducao de 60%;1.6;Empunhadura, suas partes e acessórios;Reducao de 60%;60.0;40.0;IBS e CBS;NCM/SH;8708.29.99;87082999;8 digitos (item completo);Art. 132;Nao;Aliquota zero na hipotese do art. 145, II
235;178;V;Dispositivos de acessibilidade proprios para pessoas com deficiencia submetidos a reducao de 60%;1.7;Servo acionadores de volante, suas partes e acessórios;Reducao de 60%;60.0;40.0;IBS e CBS;NCM/SH;8708.99.10;87089910;8 digitos (item completo);Art. 132;Nao;Aliquota zero na hipotese do art. 145, II
236;179;V;Dispositivos de acessibilidade proprios para pessoas com deficiencia submetidos a reducao de 60%;1.8;Deslocamento de comandos do painel, suas partes e acessórios;Reducao de 60%;60.0;40.0;IBS e CBS;NCM/SH;8708.29.99;87082999;8 digitos (item completo);Art. 132;Nao;Aliquota zero na hipotese do art. 145, II
237;180;V;Dispositivos de acessibilidade proprios para pessoas com deficiencia submetidos a reducao de 60%;1.9;Plataforma giratória para deslocamento giratório do assento de veículo, suas partes e acessórios;Reducao de 60%;60.0;40.0;IBS e CBS;NCM/SH;8708.29.99;87082999;8 digitos (item completo);Art. 132;Nao;Aliquota zero na hipotese do art. 145, II
238;181;V;Dispositivos de acessibilidade proprios para pessoas com deficiencia submetidos a reducao de 60%;1.10;Trilho elétrico para deslocamento do assento dianteiro para outra parte do interior do veículo, suas partes e acessórios;Reducao de 60%;60.0;40.0;IBS e CBS;NCM/SH;8708.29.99;87082999;8 digitos (item completo);Art. 132;Nao;Aliquota zero na hipotese do art. 145, II
239;182;V;Dispositivos de acessibilidade proprios para pessoas com deficiencia submetidos a reducao de 60%;1.11;Plataforma de elevação para cadeira de rodas, manual, eletro-hidráulica ou eletromecânica;Reducao de 60%;60.0;40.0;IBS e CBS;NCM/SH;8428.90.90;84289090;8 digitos (item completo);Art. 132;Nao;Aliquota zero na hipotese do art. 145, II
240;183;V;Dispositivos de acessibilidade proprios para pessoas com deficiencia submetidos a reducao de 60%;1.12;Rampa para cadeira de rodas, suas partes e acessórios;Reducao de 60%;60.0;40.0;IBS e CBS;NCM/SH;8708.29.99;87082999;8 digitos (item completo);Art. 132;Nao;Aliquota zero na hipotese do art. 145, II
241;184;V;Dispositivos de acessibilidade proprios para pessoas com deficiencia submetidos a reducao de 60%;1.13;Guincho para transportar cadeira de rodas;Reducao de 60%;60.0;40.0;IBS e CBS;NCM/SH;8425.31.10;84253110;8 digitos (item completo);Art. 132;Nao;Aliquota zero na hipotese do art. 145, II
242;185;V;Dispositivos de acessibilidade proprios para pessoas com deficiencia submetidos a reducao de 60%;2;PRODUTOS DESTINADOS A USO DE PESSOA COM DEFICIÊNCIA VISUAL;Reducao de 60%;60.0;40.0;IBS e CBS;NCM/SH;;;Nao informado;Art. 132;Sim;Aliquota zero na hipotese do art. 145, II
243;186;V;Dispositivos de acessibilidade proprios para pessoas com deficiencia submetidos a reducao de 60%;2.1;Bengala inteiriça, dobrável ou telescópica, com ponteira de náilon;Reducao de 60%;60.0;40.0;IBS e CBS;NCM/SH;6602.00.00;66020000;8 digitos (item completo);Art. 132;Nao;Aliquota zero na hipotese do art. 145, II
244;187;V;Dispositivos de acessibilidade proprios para pessoas com deficiencia submetidos a reducao de 60%;2.2;Relógio em braille, com sintetizador de voz e mostrador ampliado;Reducao de 60%;60.0;40.0;IBS e CBS;NCM/SH;9102.11.10;91021110;8 digitos (item completo);Art. 132;Nao;Aliquota zero na hipotese do art. 145, II
245;187;V;Dispositivos de acessibilidade proprios para pessoas com deficiencia submetidos a reducao de 60%;2.2;Relógio em braille, com sintetizador de voz e mostrador ampliado;Reducao de 60%;60.0;40.0;IBS e CBS;NCM/SH;9102.11.90;91021190;8 digitos (item completo);Art. 132;Nao;Aliquota zero na hipotese do art. 145, II
246;187;V;Dispositivos de acessibilidade proprios para pessoas com deficiencia submetidos a reducao de 60%;2.2;Relógio em braille, com sintetizador de voz e mostrador ampliado;Reducao de 60%;60.0;40.0;IBS e CBS;NCM/SH;9102.91.00;91029100;8 digitos (item completo);Art. 132;Nao;Aliquota zero na hipotese do art. 145, II
247;188;V;Dispositivos de acessibilidade proprios para pessoas com deficiencia submetidos a reducao de 60%;2.3;Termômetro digital com sistema de voz;Reducao de 60%;60.0;40.0;IBS e CBS;NCM/SH;9025.19.90;90251990;8 digitos (item completo);Art. 132;Nao;Aliquota zero na hipotese do art. 145, II
248;189;V;Dispositivos de acessibilidade proprios para pessoas com deficiencia submetidos a reducao de 60%;2.4;Calculadora digital com sistema de voz, com verbalização dos ajustes de minutos e horas, tanto no modo horário, como no modo alarme, e comunicação por voz dos dígitos de cálculo e resultados;Reducao de 60%;60.0;40.0;IBS e CBS;NCM/SH;8470.10.00;84701000;8 digitos (item completo);Art. 132;Nao;Aliquota zero na hipotese do art. 145, II
249;189;V;Dispositivos de acessibilidade proprios para pessoas com deficiencia submetidos a reducao de 60%;2.4;Calculadora digital com sistema de voz, com verbalização dos ajustes de minutos e horas, tanto no modo horário, como no modo alarme, e comunicação por voz dos dígitos de cálculo e resultados;Reducao de 60%;60.0;40.0;IBS e CBS;NCM/SH;8470.29.00;84702900;8 digitos (item completo);Art. 132;Nao;Aliquota zero na hipotese do art. 145, II
250;190;V;Dispositivos de acessibilidade proprios para pessoas com deficiencia submetidos a reducao de 60%;2.5;Agenda eletrônica com teclado em braille, com ou sem sintetizador de voz;Reducao de 60%;60.0;40.0;IBS e CBS;NCM/SH;8543.70.99;85437099;8 digitos (item completo);Art. 132;Nao;Aliquota zero na hipotese do art. 145, II
251;191;V;Dispositivos de acessibilidade proprios para pessoas com deficiencia submetidos a reducao de 60%;2.6;Reglete para escrita em braille;Reducao de 60%;60.0;40.0;IBS e CBS;NCM/SH;9017.20.00;90172000;8 digitos (item completo);Art. 132;Nao;Aliquota zero na hipotese do art. 145, II
252;192;V;Dispositivos de acessibilidade proprios para pessoas com deficiencia submetidos a reducao de 60%;2.7;Display braille e teclado em Braille para uso em microcomputador, com sistema interativo para introdução e leitura de dados por meio de tabelas de caracteres Braille;Reducao de 60%;60.0;40.0;IBS e CBS;NCM/SH;8471.60.90;84716090;8 digitos (item completo);Art. 132;Nao;Aliquota zero na hipotese do art. 145, II
253;193;V;Dispositivos de acessibilidade proprios para pessoas com deficiencia submetidos a reducao de 60%;2.8;Máquina de escrever para escrita em braille, manual ou elétrica, com teclado de datilografia comum ou na formação Braille;Reducao de 60%;60.0;40.0;IBS e CBS;NCM/SH;8472.90.99;84729099;8 digitos (item completo);Art. 132;Nao;Aliquota zero na hipotese do art. 145, II
254;194;V;Dispositivos de acessibilidade proprios para pessoas com deficiencia submetidos a reducao de 60%;2.9;Impressora de caracteres em braille para uso com microcomputadores, com sistema de folha solta ou dois lados da folha, com ou sem sistema de comando de voz ou sistema acústico;Reducao de 60%;60.0;40.0;IBS e CBS;NCM/SH;8443.32.22;84433222;8 digitos (item completo);Art. 132;Nao;Aliquota zero na hipotese do art. 145, II
255;195;V;Dispositivos de acessibilidade proprios para pessoas com deficiencia submetidos a reducao de 60%;2.10;Equipamento sintetizador para reprodução em voz de sinais gerados por microcomputadores, permitida a leitura de dados de arquivos, de uso interno ou externo, com padrão de protocolo SSIL de interface com softwares leitores de tela;Reducao de 60%;60.0;40.0;IBS e CBS;NCM/SH;8471.80.00;84718000;8 digitos (item completo);Art. 132;Nao;Aliquota zero na hipotese do art. 145, II
256;196;V;Dispositivos de acessibilidade proprios para pessoas com deficiencia submetidos a reducao de 60%;3;PRODUTOS DESTINADOS AO USO DE PESSOAS COM DEFICIÊNCIA AUDITIVA;Reducao de 60%;60.0;40.0;IBS e CBS;NCM/SH;;;Nao informado;Art. 132;Sim;Aliquota zero na hipotese do art. 145, II
257;197;V;Dispositivos de acessibilidade proprios para pessoas com deficiencia submetidos a reducao de 60%;3.1;Aparelho telefônico com teclado alfanumérico e visor luminoso, com ou sem impressora embutida, que permite converter sinais transmitidos por sistema telefônico em caracteres e símbolos;Reducao de 60%;60.0;40.0;IBS e CBS;NCM/SH;8517.1;85171;5 digitos (subposicao);Art. 132;Nao;Aliquota zero na hipotese do art. 145, II
258;198;V;Dispositivos de acessibilidade proprios para pessoas com deficiencia submetidos a reducao de 60%;3.2;Relógio despertador vibratório e/ou luminoso;Reducao de 60%;60.0;40.0;IBS e CBS;NCM/SH;9103.10.00;91031000;8 digitos (item completo);Art. 132;Nao;Aliquota zero na hipotese do art. 145, II
259;198;V;Dispositivos de acessibilidade proprios para pessoas com deficiencia submetidos a reducao de 60%;3.2;Relógio despertador vibratório e/ou luminoso;Reducao de 60%;60.0;40.0;IBS e CBS;NCM/SH;9105.11.00;91051100;8 digitos (item completo);Art. 132;Nao;Aliquota zero na hipotese do art. 145, II
260;199;V;Dispositivos de acessibilidade proprios para pessoas com deficiencia submetidos a reducao de 60%;3.3;Unidades de entrada de dados tipo mouse controláveis pelo movimento dos olhos para deficientes;Reducao de 60%;60.0;40.0;IBS e CBS;NCM/SH;8471.60.53;84716053;8 digitos (item completo);Art. 132;Nao;Aliquota zero na hipotese do art. 145, II
261;200;VI;Composicoes para nutricao enteral ou parenteral e composicoes especiais e formulas nutricionais para pessoas com erros inatos do metabolismo submetidas a reducao de 60%;1;Acetato de dextroalfatocoferol;Reducao de 60%;60.0;40.0;IBS e CBS;NCM/SH;2936.28.12;29362812;8 digitos (item completo);Art. 133, par. 1;Nao;Lista revisada a cada 120 dias por ato conjunto MF/CGIBS (art. 134). Aliquota zero quando adquiridas por orgaos publicos (art. 146, par. 2)
262;201;VI;Composicoes para nutricao enteral ou parenteral e composicoes especiais e formulas nutricionais para pessoas com erros inatos do metabolismo submetidas a reducao de 60%;2;Acetato de lisina;Reducao de 60%;60.0;40.0;IBS e CBS;NCM/SH;2922.41.90;29224190;8 digitos (item completo);Art. 133, par. 1;Nao;Lista revisada a cada 120 dias por ato conjunto MF/CGIBS (art. 134). Aliquota zero quando adquiridas por orgaos publicos (art. 146, par. 2)
263;202;VI;Composicoes para nutricao enteral ou parenteral e composicoes especiais e formulas nutricionais para pessoas com erros inatos do metabolismo submetidas a reducao de 60%;3;Acetato de potássio;Reducao de 60%;60.0;40.0;IBS e CBS;NCM/SH;2915.29.90;29152990;8 digitos (item completo);Art. 133, par. 1;Nao;Lista revisada a cada 120 dias por ato conjunto MF/CGIBS (art. 134). Aliquota zero quando adquiridas por orgaos publicos (art. 146, par. 2)
264;203;VI;Composicoes para nutricao enteral ou parenteral e composicoes especiais e formulas nutricionais para pessoas com erros inatos do metabolismo submetidas a reducao de 60%;4;Acetato de sódio;Reducao de 60%;60.0;40.0;IBS e CBS;NCM/SH;2915.29.10;29152910;8 digitos (item completo);Art. 133, par. 1;Nao;Lista revisada a cada 120 dias por ato conjunto MF/CGIBS (art. 134). Aliquota zero quando adquiridas por orgaos publicos (art. 146, par. 2)
265;204;VI;Composicoes para nutricao enteral ou parenteral e composicoes especiais e formulas nutricionais para pessoas com erros inatos do metabolismo submetidas a reducao de 60%;5;Acetato de zinco;Reducao de 60%;60.0;40.0;IBS e CBS;NCM/SH;2915.29.90;29152990;8 digitos (item completo);Art. 133, par. 1;Nao;Lista revisada a cada 120 dias por ato conjunto MF/CGIBS (art. 134). Aliquota zero quando adquiridas por orgaos publicos (art. 146, par. 2)
266;205;VI;Composicoes para nutricao enteral ou parenteral e composicoes especiais e formulas nutricionais para pessoas com erros inatos do metabolismo submetidas a reducao de 60%;6;Acetiltirosina;Reducao de 60%;60.0;40.0;IBS e CBS;NCM/SH;2922.50.39;29225039;8 digitos (item completo);Art. 133, par. 1;Nao;Lista revisada a cada 120 dias por ato conjunto MF/CGIBS (art. 134). Aliquota zero quando adquiridas por orgaos publicos (art. 146, par. 2)
267;206;VI;Composicoes para nutricao enteral ou parenteral e composicoes especiais e formulas nutricionais para pessoas com erros inatos do metabolismo submetidas a reducao de 60%;7;Ácido acético;Reducao de 60%;60.0;40.0;IBS e CBS;NCM/SH;2915.21.00;29152100;8 digitos (item completo);Art. 133, par. 1;Nao;Lista revisada a cada 120 dias por ato conjunto MF/CGIBS (art. 134). Aliquota zero quando adquiridas por orgaos publicos (art. 146, par. 2)
268;207;VI;Composicoes para nutricao enteral ou parenteral e composicoes especiais e formulas nutricionais para pessoas com erros inatos do metabolismo submetidas a reducao de 60%;8;Ácido ascórbico;Reducao de 60%;60.0;40.0;IBS e CBS;NCM/SH;2936.27.10;29362710;8 digitos (item completo);Art. 133, par. 1;Nao;Lista revisada a cada 120 dias por ato conjunto MF/CGIBS (art. 134). Aliquota zero quando adquiridas por orgaos publicos (art. 146, par. 2)
269;208;VI;Composicoes para nutricao enteral ou parenteral e composicoes especiais e formulas nutricionais para pessoas com erros inatos do metabolismo submetidas a reducao de 60%;9;Ácido aspártico;Reducao de 60%;60.0;40.0;IBS e CBS;NCM/SH;2922.49.90;29224990;8 digitos (item completo);Art. 133, par. 1;Nao;Lista revisada a cada 120 dias por ato conjunto MF/CGIBS (art. 134). Aliquota zero quando adquiridas por orgaos publicos (art. 146, par. 2)
270;209;VI;Composicoes para nutricao enteral ou parenteral e composicoes especiais e formulas nutricionais para pessoas com erros inatos do metabolismo submetidas a reducao de 60%;10;Ácido cítrico;Reducao de 60%;60.0;40.0;IBS e CBS;NCM/SH;2918.14.00;29181400;8 digitos (item completo);Art. 133, par. 1;Nao;Lista revisada a cada 120 dias por ato conjunto MF/CGIBS (art. 134). Aliquota zero quando adquiridas por orgaos publicos (art. 146, par. 2)
271;210;VI;Composicoes para nutricao enteral ou parenteral e composicoes especiais e formulas nutricionais para pessoas com erros inatos do metabolismo submetidas a reducao de 60%;11;Ácido fólico;Reducao de 60%;60.0;40.0;IBS e CBS;NCM/SH;2936.29.11;29362911;8 digitos (item completo);Art. 133, par. 1;Nao;Lista revisada a cada 120 dias por ato conjunto MF/CGIBS (art. 134). Aliquota zero quando adquiridas por orgaos publicos (art. 146, par. 2)
272;211;VI;Composicoes para nutricao enteral ou parenteral e composicoes especiais e formulas nutricionais para pessoas com erros inatos do metabolismo submetidas a reducao de 60%;12;Ácido glutâmico;Reducao de 60%;60.0;40.0;IBS e CBS;NCM/SH;2922.42.10;29224210;8 digitos (item completo);Art. 133, par. 1;Nao;Lista revisada a cada 120 dias por ato conjunto MF/CGIBS (art. 134). Aliquota zero quando adquiridas por orgaos publicos (art. 146, par. 2)
273;212;VI;Composicoes para nutricao enteral ou parenteral e composicoes especiais e formulas nutricionais para pessoas com erros inatos do metabolismo submetidas a reducao de 60%;13;Ácido málico;Reducao de 60%;60.0;40.0;IBS e CBS;NCM/SH;2918.19.90;29181990;8 digitos (item completo);Art. 133, par. 1;Nao;Lista revisada a cada 120 dias por ato conjunto MF/CGIBS (art. 134). Aliquota zero quando adquiridas por orgaos publicos (art. 146, par. 2)
274;213;VI;Composicoes para nutricao enteral ou parenteral e composicoes especiais e formulas nutricionais para pessoas com erros inatos do metabolismo submetidas a reducao de 60%;14;Ácido selenioso;Reducao de 60%;60.0;40.0;IBS e CBS;NCM/SH;2811.19.90;28111990;8 digitos (item completo);Art. 133, par. 1;Nao;Lista revisada a cada 120 dias por ato conjunto MF/CGIBS (art. 134). Aliquota zero quando adquiridas por orgaos publicos (art. 146, par. 2)
275;214;VI;Composicoes para nutricao enteral ou parenteral e composicoes especiais e formulas nutricionais para pessoas com erros inatos do metabolismo submetidas a reducao de 60%;15;Água para injeção;Reducao de 60%;60.0;40.0;IBS e CBS;NCM/SH;2002.10.00;20021000;8 digitos (item completo);Art. 133, par. 1;Nao;Lista revisada a cada 120 dias por ato conjunto MF/CGIBS (art. 134). Aliquota zero quando adquiridas por orgaos publicos (art. 146, par. 2)
276;215;VI;Composicoes para nutricao enteral ou parenteral e composicoes especiais e formulas nutricionais para pessoas com erros inatos do metabolismo submetidas a reducao de 60%;16;Alanilglutamina;Reducao de 60%;60.0;40.0;IBS e CBS;NCM/SH;2922.49.90;29224990;8 digitos (item completo);Art. 133, par. 1;Nao;Lista revisada a cada 120 dias por ato conjunto MF/CGIBS (art. 134). Aliquota zero quando adquiridas por orgaos publicos (art. 146, par. 2)
277;216;VI;Composicoes para nutricao enteral ou parenteral e composicoes especiais e formulas nutricionais para pessoas com erros inatos do metabolismo submetidas a reducao de 60%;17;Alanina;Reducao de 60%;60.0;40.0;IBS e CBS;NCM/SH;2922.49.90;29224990;8 digitos (item completo);Art. 133, par. 1;Nao;Lista revisada a cada 120 dias por ato conjunto MF/CGIBS (art. 134). Aliquota zero quando adquiridas por orgaos publicos (art. 146, par. 2)
278;217;VI;Composicoes para nutricao enteral ou parenteral e composicoes especiais e formulas nutricionais para pessoas com erros inatos do metabolismo submetidas a reducao de 60%;18;Albumina humana;Reducao de 60%;60.0;40.0;IBS e CBS;NCM/SH;3002.12.36;30021236;8 digitos (item completo);Art. 133, par. 1;Nao;Lista revisada a cada 120 dias por ato conjunto MF/CGIBS (art. 134). Aliquota zero quando adquiridas por orgaos publicos (art. 146, par. 2)
279;218;VI;Composicoes para nutricao enteral ou parenteral e composicoes especiais e formulas nutricionais para pessoas com erros inatos do metabolismo submetidas a reducao de 60%;19;Arginina;Reducao de 60%;60.0;40.0;IBS e CBS;NCM/SH;2925.29.19;29252919;8 digitos (item completo);Art. 133, par. 1;Nao;Lista revisada a cada 120 dias por ato conjunto MF/CGIBS (art. 134). Aliquota zero quando adquiridas por orgaos publicos (art. 146, par. 2)
280;219;VI;Composicoes para nutricao enteral ou parenteral e composicoes especiais e formulas nutricionais para pessoas com erros inatos do metabolismo submetidas a reducao de 60%;20;Asparagina;Reducao de 60%;60.0;40.0;IBS e CBS;NCM/SH;2922.49.90;29224990;8 digitos (item completo);Art. 133, par. 1;Nao;Lista revisada a cada 120 dias por ato conjunto MF/CGIBS (art. 134). Aliquota zero quando adquiridas por orgaos publicos (art. 146, par. 2)
281;220;VI;Composicoes para nutricao enteral ou parenteral e composicoes especiais e formulas nutricionais para pessoas com erros inatos do metabolismo submetidas a reducao de 60%;21;Bicarbonato de sódio;Reducao de 60%;60.0;40.0;IBS e CBS;NCM/SH;2836.30.00;28363000;8 digitos (item completo);Art. 133, par. 1;Nao;Lista revisada a cada 120 dias por ato conjunto MF/CGIBS (art. 134). Aliquota zero quando adquiridas por orgaos publicos (art. 146, par. 2)
282;221;VI;Composicoes para nutricao enteral ou parenteral e composicoes especiais e formulas nutricionais para pessoas com erros inatos do metabolismo submetidas a reducao de 60%;22;Biotina;Reducao de 60%;60.0;40.0;IBS e CBS;NCM/SH;2936.29.31;29362931;8 digitos (item completo);Art. 133, par. 1;Nao;Lista revisada a cada 120 dias por ato conjunto MF/CGIBS (art. 134). Aliquota zero quando adquiridas por orgaos publicos (art. 146, par. 2)
283;222;VI;Composicoes para nutricao enteral ou parenteral e composicoes especiais e formulas nutricionais para pessoas com erros inatos do metabolismo submetidas a reducao de 60%;23;Cianocobalamina;Reducao de 60%;60.0;40.0;IBS e CBS;NCM/SH;2936.26.10;29362610;8 digitos (item completo);Art. 133, par. 1;Nao;Lista revisada a cada 120 dias por ato conjunto MF/CGIBS (art. 134). Aliquota zero quando adquiridas por orgaos publicos (art. 146, par. 2)
284;223;VI;Composicoes para nutricao enteral ou parenteral e composicoes especiais e formulas nutricionais para pessoas com erros inatos do metabolismo submetidas a reducao de 60%;24;Cistina;Reducao de 60%;60.0;40.0;IBS e CBS;NCM/SH;2930.90.39;29309039;8 digitos (item completo);Art. 133, par. 1;Nao;Lista revisada a cada 120 dias por ato conjunto MF/CGIBS (art. 134). Aliquota zero quando adquiridas por orgaos publicos (art. 146, par. 2)
285;224;VI;Composicoes para nutricao enteral ou parenteral e composicoes especiais e formulas nutricionais para pessoas com erros inatos do metabolismo submetidas a reducao de 60%;25;Cloreto crômico;Reducao de 60%;60.0;40.0;IBS e CBS;NCM/SH;2827.39.93;28273993;8 digitos (item completo);Art. 133, par. 1;Nao;Lista revisada a cada 120 dias por ato conjunto MF/CGIBS (art. 134). Aliquota zero quando adquiridas por orgaos publicos (art. 146, par. 2)
286;225;VI;Composicoes para nutricao enteral ou parenteral e composicoes especiais e formulas nutricionais para pessoas com erros inatos do metabolismo submetidas a reducao de 60%;26;Cloreto de cálcio;Reducao de 60%;60.0;40.0;IBS e CBS;NCM/SH;2827.20.10;28272010;8 digitos (item completo);Art. 133, par. 1;Nao;Lista revisada a cada 120 dias por ato conjunto MF/CGIBS (art. 134). Aliquota zero quando adquiridas por orgaos publicos (art. 146, par. 2)
287;225;VI;Composicoes para nutricao enteral ou parenteral e composicoes especiais e formulas nutricionais para pessoas com erros inatos do metabolismo submetidas a reducao de 60%;26;Cloreto de cálcio;Reducao de 60%;60.0;40.0;IBS e CBS;NCM/SH;2827.20.90;28272090;8 digitos (item completo);Art. 133, par. 1;Nao;Lista revisada a cada 120 dias por ato conjunto MF/CGIBS (art. 134). Aliquota zero quando adquiridas por orgaos publicos (art. 146, par. 2)
288;226;VI;Composicoes para nutricao enteral ou parenteral e composicoes especiais e formulas nutricionais para pessoas com erros inatos do metabolismo submetidas a reducao de 60%;27;Cloreto de magnésio;Reducao de 60%;60.0;40.0;IBS e CBS;NCM/SH;2827.31.10;28273110;8 digitos (item completo);Art. 133, par. 1;Nao;Lista revisada a cada 120 dias por ato conjunto MF/CGIBS (art. 134). Aliquota zero quando adquiridas por orgaos publicos (art. 146, par. 2)
289;226;VI;Composicoes para nutricao enteral ou parenteral e composicoes especiais e formulas nutricionais para pessoas com erros inatos do metabolismo submetidas a reducao de 60%;27;Cloreto de magnésio;Reducao de 60%;60.0;40.0;IBS e CBS;NCM/SH;2827.31.90;28273190;8 digitos (item completo);Art. 133, par. 1;Nao;Lista revisada a cada 120 dias por ato conjunto MF/CGIBS (art. 134). Aliquota zero quando adquiridas por orgaos publicos (art. 146, par. 2)
290;227;VI;Composicoes para nutricao enteral ou parenteral e composicoes especiais e formulas nutricionais para pessoas com erros inatos do metabolismo submetidas a reducao de 60%;28;Cloreto de manganês;Reducao de 60%;60.0;40.0;IBS e CBS;NCM/SH;2827.39.95;28273995;8 digitos (item completo);Art. 133, par. 1;Nao;Lista revisada a cada 120 dias por ato conjunto MF/CGIBS (art. 134). Aliquota zero quando adquiridas por orgaos publicos (art. 146, par. 2)
291;228;VI;Composicoes para nutricao enteral ou parenteral e composicoes especiais e formulas nutricionais para pessoas com erros inatos do metabolismo submetidas a reducao de 60%;29;Cloreto de potássio;Reducao de 60%;60.0;40.0;IBS e CBS;NCM/SH;3104.20.10;31042010;8 digitos (item completo);Art. 133, par. 1;Nao;Lista revisada a cada 120 dias por ato conjunto MF/CGIBS (art. 134). Aliquota zero quando adquiridas por orgaos publicos (art. 146, par. 2)
292;228;VI;Composicoes para nutricao enteral ou parenteral e composicoes especiais e formulas nutricionais para pessoas com erros inatos do metabolismo submetidas a reducao de 60%;29;Cloreto de potássio;Reducao de 60%;60.0;40.0;IBS e CBS;NCM/SH;3104.20.90;31042090;8 digitos (item completo);Art. 133, par. 1;Nao;Lista revisada a cada 120 dias por ato conjunto MF/CGIBS (art. 134). Aliquota zero quando adquiridas por orgaos publicos (art. 146, par. 2)
293;229;VI;Composicoes para nutricao enteral ou parenteral e composicoes especiais e formulas nutricionais para pessoas com erros inatos do metabolismo submetidas a reducao de 60%;30;Cloreto de sódio;Reducao de 60%;60.0;40.0;IBS e CBS;NCM/SH;2501.00.90;25010090;8 digitos (item completo);Art. 133, par. 1;Nao;Lista revisada a cada 120 dias por ato conjunto MF/CGIBS (art. 134). Aliquota zero quando adquiridas por orgaos publicos (art. 146, par. 2)
294;230;VI;Composicoes para nutricao enteral ou parenteral e composicoes especiais e formulas nutricionais para pessoas com erros inatos do metabolismo submetidas a reducao de 60%;31;Cloreto de zinco;Reducao de 60%;60.0;40.0;IBS e CBS;NCM/SH;2827.39.98;28273998;8 digitos (item completo);Art. 133, par. 1;Nao;Lista revisada a cada 120 dias por ato conjunto MF/CGIBS (art. 134). Aliquota zero quando adquiridas por orgaos publicos (art. 146, par. 2)
295;231;VI;Composicoes para nutricao enteral ou parenteral e composicoes especiais e formulas nutricionais para pessoas com erros inatos do metabolismo submetidas a reducao de 60%;32;Cloridrato de piridoxina;Reducao de 60%;60.0;40.0;IBS e CBS;NCM/SH;2936.25.20;29362520;8 digitos (item completo);Art. 133, par. 1;Nao;Lista revisada a cada 120 dias por ato conjunto MF/CGIBS (art. 134). Aliquota zero quando adquiridas por orgaos publicos (art. 146, par. 2)
296;232;VI;Composicoes para nutricao enteral ou parenteral e composicoes especiais e formulas nutricionais para pessoas com erros inatos do metabolismo submetidas a reducao de 60%;33;Cloridrato de tiamina;Reducao de 60%;60.0;40.0;IBS e CBS;NCM/SH;2936.22.10;29362210;8 digitos (item completo);Art. 133, par. 1;Nao;Lista revisada a cada 120 dias por ato conjunto MF/CGIBS (art. 134). Aliquota zero quando adquiridas por orgaos publicos (art. 146, par. 2)
297;233;VI;Composicoes para nutricao enteral ou parenteral e composicoes especiais e formulas nutricionais para pessoas com erros inatos do metabolismo submetidas a reducao de 60%;34;Cocarboxilase;Reducao de 60%;60.0;40.0;IBS e CBS;NCM/SH;2936.22.90;29362290;8 digitos (item completo);Art. 133, par. 1;Nao;Lista revisada a cada 120 dias por ato conjunto MF/CGIBS (art. 134). Aliquota zero quando adquiridas por orgaos publicos (art. 146, par. 2)
298;234;VI;Composicoes para nutricao enteral ou parenteral e composicoes especiais e formulas nutricionais para pessoas com erros inatos do metabolismo submetidas a reducao de 60%;35;Colecalciferol;Reducao de 60%;60.0;40.0;IBS e CBS;NCM/SH;2936.29.21;29362921;8 digitos (item completo);Art. 133, par. 1;Nao;Lista revisada a cada 120 dias por ato conjunto MF/CGIBS (art. 134). Aliquota zero quando adquiridas por orgaos publicos (art. 146, par. 2)
299;235;VI;Composicoes para nutricao enteral ou parenteral e composicoes especiais e formulas nutricionais para pessoas com erros inatos do metabolismo submetidas a reducao de 60%;36;Ergocalciferol;Reducao de 60%;60.0;40.0;IBS e CBS;NCM/SH;2936.29.29;29362929;8 digitos (item completo);Art. 133, par. 1;Nao;Lista revisada a cada 120 dias por ato conjunto MF/CGIBS (art. 134). Aliquota zero quando adquiridas por orgaos publicos (art. 146, par. 2)
300;236;VI;Composicoes para nutricao enteral ou parenteral e composicoes especiais e formulas nutricionais para pessoas com erros inatos do metabolismo submetidas a reducao de 60%;37;Fenilalanina;Reducao de 60%;60.0;40.0;IBS e CBS;NCM/SH;2922.49.90;29224990;8 digitos (item completo);Art. 133, par. 1;Nao;Lista revisada a cada 120 dias por ato conjunto MF/CGIBS (art. 134). Aliquota zero quando adquiridas por orgaos publicos (art. 146, par. 2)
301;237;VI;Composicoes para nutricao enteral ou parenteral e composicoes especiais e formulas nutricionais para pessoas com erros inatos do metabolismo submetidas a reducao de 60%;38;Fitomenadiona;Reducao de 60%;60.0;40.0;IBS e CBS;NCM/SH;2936.29.40;29362940;8 digitos (item completo);Art. 133, par. 1;Nao;Lista revisada a cada 120 dias por ato conjunto MF/CGIBS (art. 134). Aliquota zero quando adquiridas por orgaos publicos (art. 146, par. 2)
302;238;VI;Composicoes para nutricao enteral ou parenteral e composicoes especiais e formulas nutricionais para pessoas com erros inatos do metabolismo submetidas a reducao de 60%;39;Fórmula para dieta isenta de fenilalanina;Reducao de 60%;60.0;40.0;IBS e CBS;NCM/SH;2106.90.90;21069090;8 digitos (item completo);Art. 133, par. 1;Nao;Lista revisada a cada 120 dias por ato conjunto MF/CGIBS (art. 134). Aliquota zero quando adquiridas por orgaos publicos (art. 146, par. 2)
303;239;VI;Composicoes para nutricao enteral ou parenteral e composicoes especiais e formulas nutricionais para pessoas com erros inatos do metabolismo submetidas a reducao de 60%;40;Fórmula para dieta isenta demetionina;Reducao de 60%;60.0;40.0;IBS e CBS;NCM/SH;2106.90.90;21069090;8 digitos (item completo);Art. 133, par. 1;Nao;Lista revisada a cada 120 dias por ato conjunto MF/CGIBS (art. 134). Aliquota zero quando adquiridas por orgaos publicos (art. 146, par. 2)
304;240;VI;Composicoes para nutricao enteral ou parenteral e composicoes especiais e formulas nutricionais para pessoas com erros inatos do metabolismo submetidas a reducao de 60%;41;Fórmula para dieta isenta de lisina e pobre de triptofano;Reducao de 60%;60.0;40.0;IBS e CBS;NCM/SH;2106.90.90;21069090;8 digitos (item completo);Art. 133, par. 1;Nao;Lista revisada a cada 120 dias por ato conjunto MF/CGIBS (art. 134). Aliquota zero quando adquiridas por orgaos publicos (art. 146, par. 2)
305;241;VI;Composicoes para nutricao enteral ou parenteral e composicoes especiais e formulas nutricionais para pessoas com erros inatos do metabolismo submetidas a reducao de 60%;42;Fórmula para dieta isenta de leucina, de isoleucina ou de valina;Reducao de 60%;60.0;40.0;IBS e CBS;NCM/SH;2106.90.90;21069090;8 digitos (item completo);Art. 133, par. 1;Nao;Lista revisada a cada 120 dias por ato conjunto MF/CGIBS (art. 134). Aliquota zero quando adquiridas por orgaos publicos (art. 146, par. 2)
306;242;VI;Composicoes para nutricao enteral ou parenteral e composicoes especiais e formulas nutricionais para pessoas com erros inatos do metabolismo submetidas a reducao de 60%;43;Fórmula para dieta isenta de fenilalanina e de metionina;Reducao de 60%;60.0;40.0;IBS e CBS;NCM/SH;2106.90.90;21069090;8 digitos (item completo);Art. 133, par. 1;Nao;Lista revisada a cada 120 dias por ato conjunto MF/CGIBS (art. 134). Aliquota zero quando adquiridas por orgaos publicos (art. 146, par. 2)
307;243;VI;Composicoes para nutricao enteral ou parenteral e composicoes especiais e formulas nutricionais para pessoas com erros inatos do metabolismo submetidas a reducao de 60%;44;Fórmula para dieta isenta de aminoácidos não essenciais;Reducao de 60%;60.0;40.0;IBS e CBS;NCM/SH;2106.90.90;21069090;8 digitos (item completo);Art. 133, par. 1;Nao;Lista revisada a cada 120 dias por ato conjunto MF/CGIBS (art. 134). Aliquota zero quando adquiridas por orgaos publicos (art. 146, par. 2)
308;244;VI;Composicoes para nutricao enteral ou parenteral e composicoes especiais e formulas nutricionais para pessoas com erros inatos do metabolismo submetidas a reducao de 60%;45;Fórmula para dieta isenta de metionina, de treonina, de valina e restrita de isoleucina;Reducao de 60%;60.0;40.0;IBS e CBS;NCM/SH;2106.90.90;21069090;8 digitos (item completo);Art. 133, par. 1;Nao;Lista revisada a cada 120 dias por ato conjunto MF/CGIBS (art. 134). Aliquota zero quando adquiridas por orgaos publicos (art. 146, par. 2)
309;245;VI;Composicoes para nutricao enteral ou parenteral e composicoes especiais e formulas nutricionais para pessoas com erros inatos do metabolismo submetidas a reducao de 60%;46;Fórmula para dieta cetogênica, na proporção de 4 g de gordura para cada 1 g de carboidratos e proteínas;Reducao de 60%;60.0;40.0;IBS e CBS;NCM/SH;2106.90.90;21069090;8 digitos (item completo);Art. 133, par. 1;Nao;Lista revisada a cada 120 dias por ato conjunto MF/CGIBS (art. 134). Aliquota zero quando adquiridas por orgaos publicos (art. 146, par. 2)
310;246;VI;Composicoes para nutricao enteral ou parenteral e composicoes especiais e formulas nutricionais para pessoas com erros inatos do metabolismo submetidas a reducao de 60%;47;Fórmula hiperlipídica, para suplementação de triglicerídios de cadeia média ou triheptanoína;Reducao de 60%;60.0;40.0;IBS e CBS;NCM/SH;2202.99.00;22029900;8 digitos (item completo);Art. 133, par. 1;Nao;Lista revisada a cada 120 dias por ato conjunto MF/CGIBS (art. 134). Aliquota zero quando adquiridas por orgaos publicos (art. 146, par. 2)
311;247;VI;Composicoes para nutricao enteral ou parenteral e composicoes especiais e formulas nutricionais para pessoas com erros inatos do metabolismo submetidas a reducao de 60%;48;Preparação líquida, de quatro partes de trioleato de glicerol de ácido para uma parte de trierucato de glicerol;Reducao de 60%;60.0;40.0;IBS e CBS;NCM/SH;2202.99.00;22029900;8 digitos (item completo);Art. 133, par. 1;Nao;Lista revisada a cada 120 dias por ato conjunto MF/CGIBS (art. 134). Aliquota zero quando adquiridas por orgaos publicos (art. 146, par. 2)
312;248;VI;Composicoes para nutricao enteral ou parenteral e composicoes especiais e formulas nutricionais para pessoas com erros inatos do metabolismo submetidas a reducao de 60%;49;Fosfato de potássio dibásico;Reducao de 60%;60.0;40.0;IBS e CBS;NCM/SH;2835.24.00;28352400;8 digitos (item completo);Art. 133, par. 1;Nao;Lista revisada a cada 120 dias por ato conjunto MF/CGIBS (art. 134). Aliquota zero quando adquiridas por orgaos publicos (art. 146, par. 2)
313;249;VI;Composicoes para nutricao enteral ou parenteral e composicoes especiais e formulas nutricionais para pessoas com erros inatos do metabolismo submetidas a reducao de 60%;50;Fosfato de potássio monobásico;Reducao de 60%;60.0;40.0;IBS e CBS;NCM/SH;2835.24.00;28352400;8 digitos (item completo);Art. 133, par. 1;Nao;Lista revisada a cada 120 dias por ato conjunto MF/CGIBS (art. 134). Aliquota zero quando adquiridas por orgaos publicos (art. 146, par. 2)
314;250;VI;Composicoes para nutricao enteral ou parenteral e composicoes especiais e formulas nutricionais para pessoas com erros inatos do metabolismo submetidas a reducao de 60%;51;Fosfato de sódio monobásico;Reducao de 60%;60.0;40.0;IBS e CBS;NCM/SH;2835.22.00;28352200;8 digitos (item completo);Art. 133, par. 1;Nao;Lista revisada a cada 120 dias por ato conjunto MF/CGIBS (art. 134). Aliquota zero quando adquiridas por orgaos publicos (art. 146, par. 2)
315;251;VI;Composicoes para nutricao enteral ou parenteral e composicoes especiais e formulas nutricionais para pessoas com erros inatos do metabolismo submetidas a reducao de 60%;52;Fosfato de tiamina;Reducao de 60%;60.0;40.0;IBS e CBS;NCM/SH;2936.22.90;29362290;8 digitos (item completo);Art. 133, par. 1;Nao;Lista revisada a cada 120 dias por ato conjunto MF/CGIBS (art. 134). Aliquota zero quando adquiridas por orgaos publicos (art. 146, par. 2)
316;252;VI;Composicoes para nutricao enteral ou parenteral e composicoes especiais e formulas nutricionais para pessoas com erros inatos do metabolismo submetidas a reducao de 60%;53;Fosfato sódico de riboflavina;Reducao de 60%;60.0;40.0;IBS e CBS;NCM/SH;2936.23.20;29362320;8 digitos (item completo);Art. 133, par. 1;Nao;Lista revisada a cada 120 dias por ato conjunto MF/CGIBS (art. 134). Aliquota zero quando adquiridas por orgaos publicos (art. 146, par. 2)
317;253;VI;Composicoes para nutricao enteral ou parenteral e composicoes especiais e formulas nutricionais para pessoas com erros inatos do metabolismo submetidas a reducao de 60%;54;Frutose;Reducao de 60%;60.0;40.0;IBS e CBS;NCM/SH;1702.50.00;17025000;8 digitos (item completo);Art. 133, par. 1;Nao;Lista revisada a cada 120 dias por ato conjunto MF/CGIBS (art. 134). Aliquota zero quando adquiridas por orgaos publicos (art. 146, par. 2)
318;254;VI;Composicoes para nutricao enteral ou parenteral e composicoes especiais e formulas nutricionais para pessoas com erros inatos do metabolismo submetidas a reducao de 60%;55;Glicerofosfato de sódio;Reducao de 60%;60.0;40.0;IBS e CBS;NCM/SH;2919.90.90;29199090;8 digitos (item completo);Art. 133, par. 1;Nao;Lista revisada a cada 120 dias por ato conjunto MF/CGIBS (art. 134). Aliquota zero quando adquiridas por orgaos publicos (art. 146, par. 2)
319;255;VI;Composicoes para nutricao enteral ou parenteral e composicoes especiais e formulas nutricionais para pessoas com erros inatos do metabolismo submetidas a reducao de 60%;56;Glicina;Reducao de 60%;60.0;40.0;IBS e CBS;NCM/SH;2922.49.10;29224910;8 digitos (item completo);Art. 133, par. 1;Nao;Lista revisada a cada 120 dias por ato conjunto MF/CGIBS (art. 134). Aliquota zero quando adquiridas por orgaos publicos (art. 146, par. 2)
320;256;VI;Composicoes para nutricao enteral ou parenteral e composicoes especiais e formulas nutricionais para pessoas com erros inatos do metabolismo submetidas a reducao de 60%;57;Gliconato de cálcio;Reducao de 60%;60.0;40.0;IBS e CBS;NCM/SH;2918.16.10;29181610;8 digitos (item completo);Art. 133, par. 1;Nao;Lista revisada a cada 120 dias por ato conjunto MF/CGIBS (art. 134). Aliquota zero quando adquiridas por orgaos publicos (art. 146, par. 2)
321;257;VI;Composicoes para nutricao enteral ou parenteral e composicoes especiais e formulas nutricionais para pessoas com erros inatos do metabolismo submetidas a reducao de 60%;58;Glicose;Reducao de 60%;60.0;40.0;IBS e CBS;NCM/SH;1702.30.11;17023011;8 digitos (item completo);Art. 133, par. 1;Nao;Lista revisada a cada 120 dias por ato conjunto MF/CGIBS (art. 134). Aliquota zero quando adquiridas por orgaos publicos (art. 146, par. 2)
322;258;VI;Composicoes para nutricao enteral ou parenteral e composicoes especiais e formulas nutricionais para pessoas com erros inatos do metabolismo submetidas a reducao de 60%;59;Histidina;Reducao de 60%;60.0;40.0;IBS e CBS;NCM/SH;2933.29.92;29332992;8 digitos (item completo);Art. 133, par. 1;Nao;Lista revisada a cada 120 dias por ato conjunto MF/CGIBS (art. 134). Aliquota zero quando adquiridas por orgaos publicos (art. 146, par. 2)
323;259;VI;Composicoes para nutricao enteral ou parenteral e composicoes especiais e formulas nutricionais para pessoas com erros inatos do metabolismo submetidas a reducao de 60%;60;Icodextrina;Reducao de 60%;60.0;40.0;IBS e CBS;NCM/SH;3505.10.00;35051000;8 digitos (item completo);Art. 133, par. 1;Nao;Lista revisada a cada 120 dias por ato conjunto MF/CGIBS (art. 134). Aliquota zero quando adquiridas por orgaos publicos (art. 146, par. 2)
324;260;VI;Composicoes para nutricao enteral ou parenteral e composicoes especiais e formulas nutricionais para pessoas com erros inatos do metabolismo submetidas a reducao de 60%;61;Iodeto de potássio;Reducao de 60%;60.0;40.0;IBS e CBS;NCM/SH;2827.60.12;28276012;8 digitos (item completo);Art. 133, par. 1;Nao;Lista revisada a cada 120 dias por ato conjunto MF/CGIBS (art. 134). Aliquota zero quando adquiridas por orgaos publicos (art. 146, par. 2)
325;261;VI;Composicoes para nutricao enteral ou parenteral e composicoes especiais e formulas nutricionais para pessoas com erros inatos do metabolismo submetidas a reducao de 60%;62;Isoleucina;Reducao de 60%;60.0;40.0;IBS e CBS;NCM/SH;2922.49.90;29224990;8 digitos (item completo);Art. 133, par. 1;Nao;Lista revisada a cada 120 dias por ato conjunto MF/CGIBS (art. 134). Aliquota zero quando adquiridas por orgaos publicos (art. 146, par. 2)
326;262;VI;Composicoes para nutricao enteral ou parenteral e composicoes especiais e formulas nutricionais para pessoas com erros inatos do metabolismo submetidas a reducao de 60%;63;Lecitina de ovo;Reducao de 60%;60.0;40.0;IBS e CBS;NCM/SH;2923.20.00;29232000;8 digitos (item completo);Art. 133, par. 1;Nao;Lista revisada a cada 120 dias por ato conjunto MF/CGIBS (art. 134). Aliquota zero quando adquiridas por orgaos publicos (art. 146, par. 2)
327;263;VI;Composicoes para nutricao enteral ou parenteral e composicoes especiais e formulas nutricionais para pessoas com erros inatos do metabolismo submetidas a reducao de 60%;64;Leucina;Reducao de 60%;60.0;40.0;IBS e CBS;NCM/SH;2922.49.90;29224990;8 digitos (item completo);Art. 133, par. 1;Nao;Lista revisada a cada 120 dias por ato conjunto MF/CGIBS (art. 134). Aliquota zero quando adquiridas por orgaos publicos (art. 146, par. 2)
328;264;VI;Composicoes para nutricao enteral ou parenteral e composicoes especiais e formulas nutricionais para pessoas com erros inatos do metabolismo submetidas a reducao de 60%;65;Levovalina;Reducao de 60%;60.0;40.0;IBS e CBS;NCM/SH;2922.49.90;29224990;8 digitos (item completo);Art. 133, par. 1;Nao;Lista revisada a cada 120 dias por ato conjunto MF/CGIBS (art. 134). Aliquota zero quando adquiridas por orgaos publicos (art. 146, par. 2)
329;265;VI;Composicoes para nutricao enteral ou parenteral e composicoes especiais e formulas nutricionais para pessoas com erros inatos do metabolismo submetidas a reducao de 60%;66;Lisina;Reducao de 60%;60.0;40.0;IBS e CBS;NCM/SH;2922.41.10;29224110;8 digitos (item completo);Art. 133, par. 1;Nao;Lista revisada a cada 120 dias por ato conjunto MF/CGIBS (art. 134). Aliquota zero quando adquiridas por orgaos publicos (art. 146, par. 2)
330;266;VI;Composicoes para nutricao enteral ou parenteral e composicoes especiais e formulas nutricionais para pessoas com erros inatos do metabolismo submetidas a reducao de 60%;67;Metionina;Reducao de 60%;60.0;40.0;IBS e CBS;NCM/SH;2930.40.10;29304010;8 digitos (item completo);Art. 133, par. 1;Nao;Lista revisada a cada 120 dias por ato conjunto MF/CGIBS (art. 134). Aliquota zero quando adquiridas por orgaos publicos (art. 146, par. 2)
331;266;VI;Composicoes para nutricao enteral ou parenteral e composicoes especiais e formulas nutricionais para pessoas com erros inatos do metabolismo submetidas a reducao de 60%;67;Metionina;Reducao de 60%;60.0;40.0;IBS e CBS;NCM/SH;2930.40.90;29304090;8 digitos (item completo);Art. 133, par. 1;Nao;Lista revisada a cada 120 dias por ato conjunto MF/CGIBS (art. 134). Aliquota zero quando adquiridas por orgaos publicos (art. 146, par. 2)
332;267;VI;Composicoes para nutricao enteral ou parenteral e composicoes especiais e formulas nutricionais para pessoas com erros inatos do metabolismo submetidas a reducao de 60%;68;Nicotinamida;Reducao de 60%;60.0;40.0;IBS e CBS;NCM/SH;2936.29.52;29362952;8 digitos (item completo);Art. 133, par. 1;Nao;Lista revisada a cada 120 dias por ato conjunto MF/CGIBS (art. 134). Aliquota zero quando adquiridas por orgaos publicos (art. 146, par. 2)
333;268;VI;Composicoes para nutricao enteral ou parenteral e composicoes especiais e formulas nutricionais para pessoas com erros inatos do metabolismo submetidas a reducao de 60%;69;Palmitato de retinol;Reducao de 60%;60.0;40.0;IBS e CBS;NCM/SH;2936.21.13;29362113;8 digitos (item completo);Art. 133, par. 1;Nao;Lista revisada a cada 120 dias por ato conjunto MF/CGIBS (art. 134). Aliquota zero quando adquiridas por orgaos publicos (art. 146, par. 2)
334;269;VI;Composicoes para nutricao enteral ou parenteral e composicoes especiais e formulas nutricionais para pessoas com erros inatos do metabolismo submetidas a reducao de 60%;70;Prolina;Reducao de 60%;60.0;40.0;IBS e CBS;NCM/SH;2922.49.90;29224990;8 digitos (item completo);Art. 133, par. 1;Nao;Lista revisada a cada 120 dias por ato conjunto MF/CGIBS (art. 134). Aliquota zero quando adquiridas por orgaos publicos (art. 146, par. 2)
335;270;VI;Composicoes para nutricao enteral ou parenteral e composicoes especiais e formulas nutricionais para pessoas com erros inatos do metabolismo submetidas a reducao de 60%;71;Riboflavina;Reducao de 60%;60.0;40.0;IBS e CBS;NCM/SH;2936.23.10;29362310;8 digitos (item completo);Art. 133, par. 1;Nao;Lista revisada a cada 120 dias por ato conjunto MF/CGIBS (art. 134). Aliquota zero quando adquiridas por orgaos publicos (art. 146, par. 2)
336;271;VI;Composicoes para nutricao enteral ou parenteral e composicoes especiais e formulas nutricionais para pessoas com erros inatos do metabolismo submetidas a reducao de 60%;72;Selenito de sódio;Reducao de 60%;60.0;40.0;IBS e CBS;NCM/SH;2842.90.00;28429000;8 digitos (item completo);Art. 133, par. 1;Nao;Lista revisada a cada 120 dias por ato conjunto MF/CGIBS (art. 134). Aliquota zero quando adquiridas por orgaos publicos (art. 146, par. 2)
337;272;VI;Composicoes para nutricao enteral ou parenteral e composicoes especiais e formulas nutricionais para pessoas com erros inatos do metabolismo submetidas a reducao de 60%;73;Serina;Reducao de 60%;60.0;40.0;IBS e CBS;NCM/SH;2922.50.99;29225099;8 digitos (item completo);Art. 133, par. 1;Nao;Lista revisada a cada 120 dias por ato conjunto MF/CGIBS (art. 134). Aliquota zero quando adquiridas por orgaos publicos (art. 146, par. 2)
338;273;VI;Composicoes para nutricao enteral ou parenteral e composicoes especiais e formulas nutricionais para pessoas com erros inatos do metabolismo submetidas a reducao de 60%;74;Sorbitol;Reducao de 60%;60.0;40.0;IBS e CBS;NCM/SH;2905.44.00;29054400;8 digitos (item completo);Art. 133, par. 1;Nao;Lista revisada a cada 120 dias por ato conjunto MF/CGIBS (art. 134). Aliquota zero quando adquiridas por orgaos publicos (art. 146, par. 2)
339;274;VI;Composicoes para nutricao enteral ou parenteral e composicoes especiais e formulas nutricionais para pessoas com erros inatos do metabolismo submetidas a reducao de 60%;75;Sulfato de magnésio;Reducao de 60%;60.0;40.0;IBS e CBS;NCM/SH;2833.21.00;28332100;8 digitos (item completo);Art. 133, par. 1;Nao;Lista revisada a cada 120 dias por ato conjunto MF/CGIBS (art. 134). Aliquota zero quando adquiridas por orgaos publicos (art. 146, par. 2)
340;275;VI;Composicoes para nutricao enteral ou parenteral e composicoes especiais e formulas nutricionais para pessoas com erros inatos do metabolismo submetidas a reducao de 60%;76;Sulfato de zinco;Reducao de 60%;60.0;40.0;IBS e CBS;NCM/SH;2833.29.70;28332970;8 digitos (item completo);Art. 133, par. 1;Nao;Lista revisada a cada 120 dias por ato conjunto MF/CGIBS (art. 134). Aliquota zero quando adquiridas por orgaos publicos (art. 146, par. 2)
341;276;VI;Composicoes para nutricao enteral ou parenteral e composicoes especiais e formulas nutricionais para pessoas com erros inatos do metabolismo submetidas a reducao de 60%;77;Taurina;Reducao de 60%;60.0;40.0;IBS e CBS;NCM/SH;2922.49.90;29224990;8 digitos (item completo);Art. 133, par. 1;Nao;Lista revisada a cada 120 dias por ato conjunto MF/CGIBS (art. 134). Aliquota zero quando adquiridas por orgaos publicos (art. 146, par. 2)
342;277;VI;Composicoes para nutricao enteral ou parenteral e composicoes especiais e formulas nutricionais para pessoas com erros inatos do metabolismo submetidas a reducao de 60%;78;Tirosina;Reducao de 60%;60.0;40.0;IBS e CBS;NCM/SH;2922.50.39;29225039;8 digitos (item completo);Art. 133, par. 1;Nao;Lista revisada a cada 120 dias por ato conjunto MF/CGIBS (art. 134). Aliquota zero quando adquiridas por orgaos publicos (art. 146, par. 2)
343;278;VI;Composicoes para nutricao enteral ou parenteral e composicoes especiais e formulas nutricionais para pessoas com erros inatos do metabolismo submetidas a reducao de 60%;79;Tocoferol;Reducao de 60%;60.0;40.0;IBS e CBS;NCM/SH;2936.28.11;29362811;8 digitos (item completo);Art. 133, par. 1;Nao;Lista revisada a cada 120 dias por ato conjunto MF/CGIBS (art. 134). Aliquota zero quando adquiridas por orgaos publicos (art. 146, par. 2)
344;279;VI;Composicoes para nutricao enteral ou parenteral e composicoes especiais e formulas nutricionais para pessoas com erros inatos do metabolismo submetidas a reducao de 60%;80;Treonina;Reducao de 60%;60.0;40.0;IBS e CBS;NCM/SH;2922.50.99;29225099;8 digitos (item completo);Art. 133, par. 1;Nao;Lista revisada a cada 120 dias por ato conjunto MF/CGIBS (art. 134). Aliquota zero quando adquiridas por orgaos publicos (art. 146, par. 2)
345;280;VI;Composicoes para nutricao enteral ou parenteral e composicoes especiais e formulas nutricionais para pessoas com erros inatos do metabolismo submetidas a reducao de 60%;81;Triglicerídeos de cadeia média;Reducao de 60%;60.0;40.0;IBS e CBS;NCM/SH;1513.19.00;15131900;8 digitos (item completo);Art. 133, par. 1;Nao;Lista revisada a cada 120 dias por ato conjunto MF/CGIBS (art. 134). Aliquota zero quando adquiridas por orgaos publicos (art. 146, par. 2)
346;280;VI;Composicoes para nutricao enteral ou parenteral e composicoes especiais e formulas nutricionais para pessoas com erros inatos do metabolismo submetidas a reducao de 60%;81;Triglicerídeos de cadeia média;Reducao de 60%;60.0;40.0;IBS e CBS;NCM/SH;1513.29.11;15132911;8 digitos (item completo);Art. 133, par. 1;Nao;Lista revisada a cada 120 dias por ato conjunto MF/CGIBS (art. 134). Aliquota zero quando adquiridas por orgaos publicos (art. 146, par. 2)
347;281;VII;Alimentos destinados ao consumo humano submetidos a reducao de 60%;1;"Crustáceos (exceto lagostas e lagostim) e moluscos dos seguintes códigos e subposições da NCM/SH: a) 0306.1 e 0306.3, exceto os produtos da subposição 0306.11 e dos códigos 0306.15.00, 0306.31.00, 0306.34.00, 0306.39.10; e b) 0307.31.00, 0307.32.00, 0307.42.00, 0307.43, 0307.51.00, 0307.52.00, 0307.91.00 e 0307.92.00";Reducao de 60%;60.0;40.0;IBS e CBS;NCM/SH;0306.1;03061;5 digitos (subposicao);Art. 135;Nao;Ressalvados os produtos dos Anexos I e XV
348;281;VII;Alimentos destinados ao consumo humano submetidos a reducao de 60%;1;"Crustáceos (exceto lagostas e lagostim) e moluscos dos seguintes códigos e subposições da NCM/SH: a) 0306.1 e 0306.3, exceto os produtos da subposição 0306.11 e dos códigos 0306.15.00, 0306.31.00, 0306.34.00, 0306.39.10; e b) 0307.31.00, 0307.32.00, 0307.42.00, 0307.43, 0307.51.00, 0307.52.00, 0307.91.00 e 0307.92.00";Reducao de 60%;60.0;40.0;IBS e CBS;NCM/SH;0306.3;03063;5 digitos (subposicao);Art. 135;Nao;Ressalvados os produtos dos Anexos I e XV
349;281;VII;Alimentos destinados ao consumo humano submetidos a reducao de 60%;1;"Crustáceos (exceto lagostas e lagostim) e moluscos dos seguintes códigos e subposições da NCM/SH: a) 0306.1 e 0306.3, exceto os produtos da subposição 0306.11 e dos códigos 0306.15.00, 0306.31.00, 0306.34.00, 0306.39.10; e b) 0307.31.00, 0307.32.00, 0307.42.00, 0307.43, 0307.51.00, 0307.52.00, 0307.91.00 e 0307.92.00";Reducao de 60%;60.0;40.0;IBS e CBS;NCM/SH;0307.31.00;03073100;8 digitos (item completo);Art. 135;Nao;Ressalvados os produtos dos Anexos I e XV
350;281;VII;Alimentos destinados ao consumo humano submetidos a reducao de 60%;1;"Crustáceos (exceto lagostas e lagostim) e moluscos dos seguintes códigos e subposições da NCM/SH: a) 0306.1 e 0306.3, exceto os produtos da subposição 0306.11 e dos códigos 0306.15.00, 0306.31.00, 0306.34.00, 0306.39.10; e b) 0307.31.00, 0307.32.00, 0307.42.00, 0307.43, 0307.51.00, 0307.52.00, 0307.91.00 e 0307.92.00";Reducao de 60%;60.0;40.0;IBS e CBS;NCM/SH;0307.32.00;03073200;8 digitos (item completo);Art. 135;Nao;Ressalvados os produtos dos Anexos I e XV
351;281;VII;Alimentos destinados ao consumo humano submetidos a reducao de 60%;1;"Crustáceos (exceto lagostas e lagostim) e moluscos dos seguintes códigos e subposições da NCM/SH: a) 0306.1 e 0306.3, exceto os produtos da subposição 0306.11 e dos códigos 0306.15.00, 0306.31.00, 0306.34.00, 0306.39.10; e b) 0307.31.00, 0307.32.00, 0307.42.00, 0307.43, 0307.51.00, 0307.52.00, 0307.91.00 e 0307.92.00";Reducao de 60%;60.0;40.0;IBS e CBS;NCM/SH;0307.42.00;03074200;8 digitos (item completo);Art. 135;Nao;Ressalvados os produtos dos Anexos I e XV
352;281;VII;Alimentos destinados ao consumo humano submetidos a reducao de 60%;1;"Crustáceos (exceto lagostas e lagostim) e moluscos dos seguintes códigos e subposições da NCM/SH: a) 0306.1 e 0306.3, exceto os produtos da subposição 0306.11 e dos códigos 0306.15.00, 0306.31.00, 0306.34.00, 0306.39.10; e b) 0307.31.00, 0307.32.00, 0307.42.00, 0307.43, 0307.51.00, 0307.52.00, 0307.91.00 e 0307.92.00";Reducao de 60%;60.0;40.0;IBS e CBS;NCM/SH;0307.43;030743;6 digitos (subposicao);Art. 135;Nao;Ressalvados os produtos dos Anexos I e XV
353;281;VII;Alimentos destinados ao consumo humano submetidos a reducao de 60%;1;"Crustáceos (exceto lagostas e lagostim) e moluscos dos seguintes códigos e subposições da NCM/SH: a) 0306.1 e 0306.3, exceto os produtos da subposição 0306.11 e dos códigos 0306.15.00, 0306.31.00, 0306.34.00, 0306.39.10; e b) 0307.31.00, 0307.32.00, 0307.42.00, 0307.43, 0307.51.00, 0307.52.00, 0307.91.00 e 0307.92.00";Reducao de 60%;60.0;40.0;IBS e CBS;NCM/SH;0307.51.00;03075100;8 digitos (item completo);Art. 135;Nao;Ressalvados os produtos dos Anexos I e XV
354;281;VII;Alimentos destinados ao consumo humano submetidos a reducao de 60%;1;"Crustáceos (exceto lagostas e lagostim) e moluscos dos seguintes códigos e subposições da NCM/SH: a) 0306.1 e 0306.3, exceto os produtos da subposição 0306.11 e dos códigos 0306.15.00, 0306.31.00, 0306.34.00, 0306.39.10; e b) 0307.31.00, 0307.32.00, 0307.42.00, 0307.43, 0307.51.00, 0307.52.00, 0307.91.00 e 0307.92.00";Reducao de 60%;60.0;40.0;IBS e CBS;NCM/SH;0307.52.00;03075200;8 digitos (item completo);Art. 135;Nao;Ressalvados os produtos dos Anexos I e XV
355;281;VII;Alimentos destinados ao consumo humano submetidos a reducao de 60%;1;"Crustáceos (exceto lagostas e lagostim) e moluscos dos seguintes códigos e subposições da NCM/SH: a) 0306.1 e 0306.3, exceto os produtos da subposição 0306.11 e dos códigos 0306.15.00, 0306.31.00, 0306.34.00, 0306.39.10; e b) 0307.31.00, 0307.32.00, 0307.42.00, 0307.43, 0307.51.00, 0307.52.00, 0307.91.00 e 0307.92.00";Reducao de 60%;60.0;40.0;IBS e CBS;NCM/SH;0307.91.00;03079100;8 digitos (item completo);Art. 135;Nao;Ressalvados os produtos dos Anexos I e XV
356;281;VII;Alimentos destinados ao consumo humano submetidos a reducao de 60%;1;"Crustáceos (exceto lagostas e lagostim) e moluscos dos seguintes códigos e subposições da NCM/SH: a) 0306.1 e 0306.3, exceto os produtos da subposição 0306.11 e dos códigos 0306.15.00, 0306.31.00, 0306.34.00, 0306.39.10; e b) 0307.31.00, 0307.32.00, 0307.42.00, 0307.43, 0307.51.00, 0307.52.00, 0307.91.00 e 0307.92.00";Reducao de 60%;60.0;40.0;IBS e CBS;NCM/SH;0307.92.00;03079200;8 digitos (item completo);Art. 135;Nao;Ressalvados os produtos dos Anexos I e XV
357;282;VII;Alimentos destinados ao consumo humano submetidos a reducao de 60%;2;Leite fermentado, bebidas e compostos lácteos, em conformidade com os requisitos da legislação específica, classificados nos códigos 0403.20.00, 0403.90.00 e 2202.99.00 da NCM/SH;Reducao de 60%;60.0;40.0;IBS e CBS;NCM/SH;0403.20.00;04032000;8 digitos (item completo);Art. 135;Nao;Ressalvados os produtos dos Anexos I e XV
358;282;VII;Alimentos destinados ao consumo humano submetidos a reducao de 60%;2;Leite fermentado, bebidas e compostos lácteos, em conformidade com os requisitos da legislação específica, classificados nos códigos 0403.20.00, 0403.90.00 e 2202.99.00 da NCM/SH;Reducao de 60%;60.0;40.0;IBS e CBS;NCM/SH;0403.90.00;04039000;8 digitos (item completo);Art. 135;Nao;Ressalvados os produtos dos Anexos I e XV
359;282;VII;Alimentos destinados ao consumo humano submetidos a reducao de 60%;2;Leite fermentado, bebidas e compostos lácteos, em conformidade com os requisitos da legislação específica, classificados nos códigos 0403.20.00, 0403.90.00 e 2202.99.00 da NCM/SH;Reducao de 60%;60.0;40.0;IBS e CBS;NCM/SH;2202.99.00;22029900;8 digitos (item completo);Art. 135;Nao;Ressalvados os produtos dos Anexos I e XV
360;283;VII;Alimentos destinados ao consumo humano submetidos a reducao de 60%;3;Mel natural do código 0409.00.00 da NCM/SH;Reducao de 60%;60.0;40.0;IBS e CBS;NCM/SH;0409.00.00;04090000;8 digitos (item completo);Art. 135;Nao;Ressalvados os produtos dos Anexos I e XV
361;284;VII;Alimentos destinados ao consumo humano submetidos a reducao de 60%;4;"Farinha das posições 1101.00, 11.02, 11.05, 11.06 e 12.08 da NCM/SH; ressalvados os produtos relacionados no Anexo I";Reducao de 60%;60.0;40.0;IBS e CBS;NCM/SH;1101.00;110100;6 digitos (subposicao);Art. 135;Nao;Ressalvados os produtos dos Anexos I e XV
362;284;VII;Alimentos destinados ao consumo humano submetidos a reducao de 60%;4;"Farinha das posições 1101.00, 11.02, 11.05, 11.06 e 12.08 da NCM/SH; ressalvados os produtos relacionados no Anexo I";Reducao de 60%;60.0;40.0;IBS e CBS;NCM/SH;11.02;1102;4 digitos (posicao);Art. 135;Nao;Ressalvados os produtos dos Anexos I e XV
363;284;VII;Alimentos destinados ao consumo humano submetidos a reducao de 60%;4;"Farinha das posições 1101.00, 11.02, 11.05, 11.06 e 12.08 da NCM/SH; ressalvados os produtos relacionados no Anexo I";Reducao de 60%;60.0;40.0;IBS e CBS;NCM/SH;11.05;1105;4 digitos (posicao);Art. 135;Nao;Ressalvados os produtos dos Anexos I e XV
364;284;VII;Alimentos destinados ao consumo humano submetidos a reducao de 60%;4;"Farinha das posições 1101.00, 11.02, 11.05, 11.06 e 12.08 da NCM/SH; ressalvados os produtos relacionados no Anexo I";Reducao de 60%;60.0;40.0;IBS e CBS;NCM/SH;11.06;1106;4 digitos (posicao);Art. 135;Nao;Ressalvados os produtos dos Anexos I e XV
365;284;VII;Alimentos destinados ao consumo humano submetidos a reducao de 60%;4;"Farinha das posições 1101.00, 11.02, 11.05, 11.06 e 12.08 da NCM/SH; ressalvados os produtos relacionados no Anexo I";Reducao de 60%;60.0;40.0;IBS e CBS;NCM/SH;12.08;1208;4 digitos (posicao);Art. 135;Nao;Ressalvados os produtos dos Anexos I e XV
366;285;VII;Alimentos destinados ao consumo humano submetidos a reducao de 60%;5;"Grumos e sêmolas de cereais dos códigos 1103.11.00 e 1103.19.00 da NCM/SH; ressalvados os produtos relacionados no Anexo I";Reducao de 60%;60.0;40.0;IBS e CBS;NCM/SH;1103.11.00;11031100;8 digitos (item completo);Art. 135;Nao;Ressalvados os produtos dos Anexos I e XV
367;285;VII;Alimentos destinados ao consumo humano submetidos a reducao de 60%;5;"Grumos e sêmolas de cereais dos códigos 1103.11.00 e 1103.19.00 da NCM/SH; ressalvados os produtos relacionados no Anexo I";Reducao de 60%;60.0;40.0;IBS e CBS;NCM/SH;1103.19.00;11031900;8 digitos (item completo);Art. 135;Nao;Ressalvados os produtos dos Anexos I e XV
368;286;VII;Alimentos destinados ao consumo humano submetidos a reducao de 60%;6;"Grãos de cereais das subposições 1104.1 e 1104.2 da NCM/SH; ressalvados os produtos relacionados no Anexo I";Reducao de 60%;60.0;40.0;IBS e CBS;NCM/SH;1104.1;11041;5 digitos (subposicao);Art. 135;Nao;Ressalvados os produtos dos Anexos I e XV
369;286;VII;Alimentos destinados ao consumo humano submetidos a reducao de 60%;6;"Grãos de cereais das subposições 1104.1 e 1104.2 da NCM/SH; ressalvados os produtos relacionados no Anexo I";Reducao de 60%;60.0;40.0;IBS e CBS;NCM/SH;1104.2;11042;5 digitos (subposicao);Art. 135;Nao;Ressalvados os produtos dos Anexos I e XV
370;287;VII;Alimentos destinados ao consumo humano submetidos a reducao de 60%;7;Amido de milho do código 1108.12.00 da NCM/SH;Reducao de 60%;60.0;40.0;IBS e CBS;NCM/SH;1108.12.00;11081200;8 digitos (item completo);Art. 135;Nao;Ressalvados os produtos dos Anexos I e XV
371;288;VII;Alimentos destinados ao consumo humano submetidos a reducao de 60%;8;Óleos de soja, de milho, canola e demais óleos vegetais, em conformidade com os requisitos da legislação específica relativos ao consumo como alimento, classificados na subposição 1507.90 e nas posições 15.08, 15.11, 15.12, 15.13, 15.14 e 15.15 da NCM/SH;Reducao de 60%;60.0;40.0;IBS e CBS;NCM/SH;1507.90;150790;6 digitos (subposicao);Art. 135;Nao;Ressalvados os produtos dos Anexos I e XV
372;288;VII;Alimentos destinados ao consumo humano submetidos a reducao de 60%;8;Óleos de soja, de milho, canola e demais óleos vegetais, em conformidade com os requisitos da legislação específica relativos ao consumo como alimento, classificados na subposição 1507.90 e nas posições 15.08, 15.11, 15.12, 15.13, 15.14 e 15.15 da NCM/SH;Reducao de 60%;60.0;40.0;IBS e CBS;NCM/SH;15.08;1508;4 digitos (posicao);Art. 135;Nao;Ressalvados os produtos dos Anexos I e XV
373;288;VII;Alimentos destinados ao consumo humano submetidos a reducao de 60%;8;Óleos de soja, de milho, canola e demais óleos vegetais, em conformidade com os requisitos da legislação específica relativos ao consumo como alimento, classificados na subposição 1507.90 e nas posições 15.08, 15.11, 15.12, 15.13, 15.14 e 15.15 da NCM/SH;Reducao de 60%;60.0;40.0;IBS e CBS;NCM/SH;15.11;1511;4 digitos (posicao);Art. 135;Nao;Ressalvados os produtos dos Anexos I e XV
374;288;VII;Alimentos destinados ao consumo humano submetidos a reducao de 60%;8;Óleos de soja, de milho, canola e demais óleos vegetais, em conformidade com os requisitos da legislação específica relativos ao consumo como alimento, classificados na subposição 1507.90 e nas posições 15.08, 15.11, 15.12, 15.13, 15.14 e 15.15 da NCM/SH;Reducao de 60%;60.0;40.0;IBS e CBS;NCM/SH;15.12;1512;4 digitos (posicao);Art. 135;Nao;Ressalvados os produtos dos Anexos I e XV
375;288;VII;Alimentos destinados ao consumo humano submetidos a reducao de 60%;8;Óleos de soja, de milho, canola e demais óleos vegetais, em conformidade com os requisitos da legislação específica relativos ao consumo como alimento, classificados na subposição 1507.90 e nas posições 15.08, 15.11, 15.12, 15.13, 15.14 e 15.15 da NCM/SH;Reducao de 60%;60.0;40.0;IBS e CBS;NCM/SH;15.13;1513;4 digitos (posicao);Art. 135;Nao;Ressalvados os produtos dos Anexos I e XV
376;288;VII;Alimentos destinados ao consumo humano submetidos a reducao de 60%;8;Óleos de soja, de milho, canola e demais óleos vegetais, em conformidade com os requisitos da legislação específica relativos ao consumo como alimento, classificados na subposição 1507.90 e nas posições 15.08, 15.11, 15.12, 15.13, 15.14 e 15.15 da NCM/SH;Reducao de 60%;60.0;40.0;IBS e CBS;NCM/SH;15.14;1514;4 digitos (posicao);Art. 135;Nao;Ressalvados os produtos dos Anexos I e XV
377;288;VII;Alimentos destinados ao consumo humano submetidos a reducao de 60%;8;Óleos de soja, de milho, canola e demais óleos vegetais, em conformidade com os requisitos da legislação específica relativos ao consumo como alimento, classificados na subposição 1507.90 e nas posições 15.08, 15.11, 15.12, 15.13, 15.14 e 15.15 da NCM/SH;Reducao de 60%;60.0;40.0;IBS e CBS;NCM/SH;15.15;1515;4 digitos (posicao);Art. 135;Nao;Ressalvados os produtos dos Anexos I e XV
378;289;VII;Alimentos destinados ao consumo humano submetidos a reducao de 60%;9;Massas alimentícias dos códigos 1902.20.00 e 1902.30.00 da NCM/SH;Reducao de 60%;60.0;40.0;IBS e CBS;NCM/SH;1902.20.00;19022000;8 digitos (item completo);Art. 135;Nao;Ressalvados os produtos dos Anexos I e XV
379;289;VII;Alimentos destinados ao consumo humano submetidos a reducao de 60%;9;Massas alimentícias dos códigos 1902.20.00 e 1902.30.00 da NCM/SH;Reducao de 60%;60.0;40.0;IBS e CBS;NCM/SH;1902.30.00;19023000;8 digitos (item completo);Art. 135;Nao;Ressalvados os produtos dos Anexos I e XV
380;290;VII;Alimentos destinados ao consumo humano submetidos a reducao de 60%;10;Sucos naturais de fruta ou de produtos hortícolas sem adição de açúcar ou de outros edulcorantes e sem conservantes classificados na posição 20.09 da NCM/SH;Reducao de 60%;60.0;40.0;IBS e CBS;NCM/SH;20.09;2009;4 digitos (posicao);Art. 135;Nao;Ressalvados os produtos dos Anexos I e XV
381;291;VII;Alimentos destinados ao consumo humano submetidos a reducao de 60%;11;Polpas de frutas ou de produtos hortícolas sem adição de açúcar ou de outros edulcorantes e sem conservantes classificadas na posição 20.08 da NCM/SH;Reducao de 60%;60.0;40.0;IBS e CBS;NCM/SH;20.08;2008;4 digitos (posicao);Art. 135;Nao;Ressalvados os produtos dos Anexos I e XV
382;292;VII;Alimentos destinados ao consumo humano submetidos a reducao de 60%;12;Pão de Forma do código 1905.90.10 da NCM/SH;Reducao de 60%;60.0;40.0;IBS e CBS;NCM/SH;1905.90.10;19059010;8 digitos (item completo);Art. 135;Nao;Ressalvados os produtos dos Anexos I e XV
383;293;VII;Alimentos destinados ao consumo humano submetidos a reducao de 60%;13;Extrato de tomate classificado no código 2002.90.00 da NCM/SH;Reducao de 60%;60.0;40.0;IBS e CBS;NCM/SH;2002.90.00;20029000;8 digitos (item completo);Art. 135;Nao;Ressalvados os produtos dos Anexos I e XV
384;294;VII;Alimentos destinados ao consumo humano submetidos a reducao de 60%;14;Frutas, produtos hortícolas e demais produtos vegetais, sem adição de açúcar ou de outros edulcorantes, classificados nos capítulos 7 e 8 da NCM/SH, ressalvados as frutas de casca rija não regionais e os produtos relacionados nos Anexos I e XV e excetuadas as posições 07.11, 08.12 e 0814.00.00;Reducao de 60%;60.0;40.0;IBS e CBS;NCM/SH;Capítulo 7;07;Capitulo (2 digitos);Art. 135;Nao;Ressalvados os produtos dos Anexos I e XV
385;294;VII;Alimentos destinados ao consumo humano submetidos a reducao de 60%;14;Frutas, produtos hortícolas e demais produtos vegetais, sem adição de açúcar ou de outros edulcorantes, classificados nos capítulos 7 e 8 da NCM/SH, ressalvados as frutas de casca rija não regionais e os produtos relacionados nos Anexos I e XV e excetuadas as posições 07.11, 08.12 e 0814.00.00;Reducao de 60%;60.0;40.0;IBS e CBS;NCM/SH;Capítulo 8;08;Capitulo (2 digitos);Art. 135;Nao;Ressalvados os produtos dos Anexos I e XV
386;295;VII;Alimentos destinados ao consumo humano submetidos a reducao de 60%;15;Cereais do capítulo 10 e sementes e frutos oleaginosos classificados no capítulo 12, ambos da NCM/SH, ressalvados os produtos relacionados no Anexo I;Reducao de 60%;60.0;40.0;IBS e CBS;NCM/SH;Capítulo 10;10;Capitulo (2 digitos);Art. 135;Nao;Ressalvados os produtos dos Anexos I e XV
387;295;VII;Alimentos destinados ao consumo humano submetidos a reducao de 60%;15;Cereais do capítulo 10 e sementes e frutos oleaginosos classificados no capítulo 12, ambos da NCM/SH, ressalvados os produtos relacionados no Anexo I;Reducao de 60%;60.0;40.0;IBS e CBS;NCM/SH;Capítulo 12;12;Capitulo (2 digitos);Art. 135;Nao;Ressalvados os produtos dos Anexos I e XV
388;296;VII;Alimentos destinados ao consumo humano submetidos a reducao de 60%;16;Produtos hortícolas, mesmo misturados entre si, apenas pré-cozidos ou cozidos em água ou vapor, sem adição de sal ou de quaisquer outros produtos e substâncias, classificados nas posições 20.04 e 20.05 e no código 2002.10.00 da NCM/SH;Reducao de 60%;60.0;40.0;IBS e CBS;NCM/SH;20.04;2004;4 digitos (posicao);Art. 135;Nao;Ressalvados os produtos dos Anexos I e XV
389;296;VII;Alimentos destinados ao consumo humano submetidos a reducao de 60%;16;Produtos hortícolas, mesmo misturados entre si, apenas pré-cozidos ou cozidos em água ou vapor, sem adição de sal ou de quaisquer outros produtos e substâncias, classificados nas posições 20.04 e 20.05 e no código 2002.10.00 da NCM/SH;Reducao de 60%;60.0;40.0;IBS e CBS;NCM/SH;20.05;2005;4 digitos (posicao);Art. 135;Nao;Ressalvados os produtos dos Anexos I e XV
390;296;VII;Alimentos destinados ao consumo humano submetidos a reducao de 60%;16;Produtos hortícolas, mesmo misturados entre si, apenas pré-cozidos ou cozidos em água ou vapor, sem adição de sal ou de quaisquer outros produtos e substâncias, classificados nas posições 20.04 e 20.05 e no código 2002.10.00 da NCM/SH;Reducao de 60%;60.0;40.0;IBS e CBS;NCM/SH;2002.10.00;20021000;8 digitos (item completo);Art. 135;Nao;Ressalvados os produtos dos Anexos I e XV
391;297;VII;Alimentos destinados ao consumo humano submetidos a reducao de 60%;17;Fruta de casca rija regional, amendoins e outras sementes, mesmo misturados entre si, apenas torrados ou cozidos, sem adição de sal ou de quaisquer outros produtos e substâncias, classificados na subposição 2008.1 da NCM/SH;Reducao de 60%;60.0;40.0;IBS e CBS;NCM/SH;2008.1;20081;5 digitos (subposicao);Art. 135;Nao;Ressalvados os produtos dos Anexos I e XV
392;298;VIII;Produtos de higiene pessoal e limpeza majoritariamente consumidos por familias de baixa renda submetidos a reducao de 60%;1;Sabões de toucador classificados no código 3401.11.90 da NCM/SH;Reducao de 60%;60.0;40.0;IBS e CBS;NCM/SH;3401.11.90;34011190;8 digitos (item completo);Art. 136;Nao;
393;299;VIII;Produtos de higiene pessoal e limpeza majoritariamente consumidos por familias de baixa renda submetidos a reducao de 60%;2;Dentifrícios do código 3306.10.00 da NCM/SH;Reducao de 60%;60.0;40.0;IBS e CBS;NCM/SH;3306.10.00;33061000;8 digitos (item completo);Art. 136;Nao;
394;300;VIII;Produtos de higiene pessoal e limpeza majoritariamente consumidos por familias de baixa renda submetidos a reducao de 60%;3;Escovas de dentes do código 9603.21.00 da NCM/SH;Reducao de 60%;60.0;40.0;IBS e CBS;NCM/SH;9603.21.00;96032100;8 digitos (item completo);Art. 136;Nao;
395;301;VIII;Produtos de higiene pessoal e limpeza majoritariamente consumidos por familias de baixa renda submetidos a reducao de 60%;4;Papel higiênico do código 4818.10.00 da NCM/SH;Reducao de 60%;60.0;40.0;IBS e CBS;NCM/SH;4818.10.00;48181000;8 digitos (item completo);Art. 136;Nao;
396;302;VIII;Produtos de higiene pessoal e limpeza majoritariamente consumidos por familias de baixa renda submetidos a reducao de 60%;5;Água sanitária classificada no código 3808.94.19 da NCM/SH;Reducao de 60%;60.0;40.0;IBS e CBS;NCM/SH;3808.94.19;38089419;8 digitos (item completo);Art. 136;Nao;
397;303;VIII;Produtos de higiene pessoal e limpeza majoritariamente consumidos por familias de baixa renda submetidos a reducao de 60%;6;Sabões em barra classificados no código 3401.19.00 da NCM/SH;Reducao de 60%;60.0;40.0;IBS e CBS;NCM/SH;3401.19.00;34011900;8 digitos (item completo);Art. 136;Nao;
398;304;VIII;Produtos de higiene pessoal e limpeza majoritariamente consumidos por familias de baixa renda submetidos a reducao de 60%;7;Fraldas e artigos higiênicos semelhantes, de qualquer matéria classificadas no código 9619.00.00 da NCM/SH;Reducao de 60%;60.0;40.0;IBS e CBS;NCM/SH;9619.00.00;96190000;8 digitos (item completo);Art. 136;Nao;
399;305;IX;Insumos agropecuarios e aquicolas submetidos a reducao de 60%;1;Biofertilizantes, em conformidade com as definições e demais requisitos da legislação específica;Reducao de 60%;60.0;40.0;IBS e CBS;NBS e NCM/SH;3101.00.00;31010000;8 digitos (item completo);Art. 138;Nao;Diversos itens condicionados a destinacao especifica e a legislacao setorial
400;306;IX;Insumos agropecuarios e aquicolas submetidos a reducao de 60%;2;Fertilizantes (adubos), em conformidade com as definições e demais requisitos da legislação específica;Reducao de 60%;60.0;40.0;IBS e CBS;NBS e NCM/SH;Capítulo 31;31;Capitulo (2 digitos);Art. 138;Nao;Diversos itens condicionados a destinacao especifica e a legislacao setorial
401;306;IX;Insumos agropecuarios e aquicolas submetidos a reducao de 60%;2;Fertilizantes (adubos), em conformidade com as definições e demais requisitos da legislação específica;Reducao de 60%;60.0;40.0;IBS e CBS;NBS e NCM/SH;3824.99.77;38249977;8 digitos (item completo);Art. 138;Nao;Diversos itens condicionados a destinacao especifica e a legislacao setorial
402;306;IX;Insumos agropecuarios e aquicolas submetidos a reducao de 60%;2;Fertilizantes (adubos), em conformidade com as definições e demais requisitos da legislação específica;Reducao de 60%;60.0;40.0;IBS e CBS;NBS e NCM/SH;3824.99.79;38249979;8 digitos (item completo);Art. 138;Nao;Diversos itens condicionados a destinacao especifica e a legislacao setorial
403;306;IX;Insumos agropecuarios e aquicolas submetidos a reducao de 60%;2;Fertilizantes (adubos), em conformidade com as definições e demais requisitos da legislação específica;Reducao de 60%;60.0;40.0;IBS e CBS;NBS e NCM/SH;3824.99.89;38249989;8 digitos (item completo);Art. 138;Nao;Diversos itens condicionados a destinacao especifica e a legislacao setorial
404;307;IX;Insumos agropecuarios e aquicolas submetidos a reducao de 60%;3;"Corretivos de solo (inclusive condicionadores), remineralizadores e substratos para plantas; em conformidade com as definições e demais requisitos da legislação específica";Reducao de 60%;60.0;40.0;IBS e CBS;NBS e NCM/SH;Capítulo 25;25;Capitulo (2 digitos);Art. 138;Nao;Diversos itens condicionados a destinacao especifica e a legislacao setorial
405;308;IX;Insumos agropecuarios e aquicolas submetidos a reducao de 60%;4;"Inoculantes, meios de cultura e outros microorganismos para uso agrícola; em conformidade com as definições e demais requisitos da legislação específica";Reducao de 60%;60.0;40.0;IBS e CBS;NBS e NCM/SH;3002.49;300249;6 digitos (subposicao);Art. 138;Nao;Diversos itens condicionados a destinacao especifica e a legislacao setorial
406;308;IX;Insumos agropecuarios e aquicolas submetidos a reducao de 60%;4;"Inoculantes, meios de cultura e outros microorganismos para uso agrícola; em conformidade com as definições e demais requisitos da legislação específica";Reducao de 60%;60.0;40.0;IBS e CBS;NBS e NCM/SH;3002.90.00;30029000;8 digitos (item completo);Art. 138;Nao;Diversos itens condicionados a destinacao especifica e a legislacao setorial
407;308;IX;Insumos agropecuarios e aquicolas submetidos a reducao de 60%;4;"Inoculantes, meios de cultura e outros microorganismos para uso agrícola; em conformidade com as definições e demais requisitos da legislação específica";Reducao de 60%;60.0;40.0;IBS e CBS;NBS e NCM/SH;3821.00.00;38210000;8 digitos (item completo);Art. 138;Nao;Diversos itens condicionados a destinacao especifica e a legislacao setorial
408;309;IX;Insumos agropecuarios e aquicolas submetidos a reducao de 60%;5;Bioestimulantes e bioinsumos para controle fitossanitário, em conformidade com as definições e demais requisitos da legislação específica;Reducao de 60%;60.0;40.0;IBS e CBS;NBS e NCM/SH;38.24;3824;4 digitos (posicao);Art. 138;Nao;Diversos itens condicionados a destinacao especifica e a legislacao setorial
409;309;IX;Insumos agropecuarios e aquicolas submetidos a reducao de 60%;5;Bioestimulantes e bioinsumos para controle fitossanitário, em conformidade com as definições e demais requisitos da legislação específica;Reducao de 60%;60.0;40.0;IBS e CBS;NBS e NCM/SH;3807.00.00;38070000;8 digitos (item completo);Art. 138;Nao;Diversos itens condicionados a destinacao especifica e a legislacao setorial
410;309;IX;Insumos agropecuarios e aquicolas submetidos a reducao de 60%;5;Bioestimulantes e bioinsumos para controle fitossanitário, em conformidade com as definições e demais requisitos da legislação específica;Reducao de 60%;60.0;40.0;IBS e CBS;NBS e NCM/SH;12.11;1211;4 digitos (posicao);Art. 138;Nao;Diversos itens condicionados a destinacao especifica e a legislacao setorial
411;309;IX;Insumos agropecuarios e aquicolas submetidos a reducao de 60%;5;Bioestimulantes e bioinsumos para controle fitossanitário, em conformidade com as definições e demais requisitos da legislação específica;Reducao de 60%;60.0;40.0;IBS e CBS;NBS e NCM/SH;38.08;3808;4 digitos (posicao);Art. 138;Nao;Diversos itens condicionados a destinacao especifica e a legislacao setorial
412;310;IX;Insumos agropecuarios e aquicolas submetidos a reducao de 60%;6;"Inseticidas, fungicidas, formicidas, herbicidas, parasiticidas, germicidas, acaricidas, nematicidas, raticidas, desfolhantes, dessecantes, espalhantes adesivos, estimuladores e inibidores de crescimento (reguladores); todos destinados diretamente ao uso agropecuário ou destinados diretamente à fabricação de defensivo agropecuário; em conformidade com as definições e demais requisitos da legislação específica";Reducao de 60%;60.0;40.0;IBS e CBS;NBS e NCM/SH;38.08;3808;4 digitos (posicao);Art. 138;Nao;Diversos itens condicionados a destinacao especifica e a legislacao setorial
413;310;IX;Insumos agropecuarios e aquicolas submetidos a reducao de 60%;6;"Inseticidas, fungicidas, formicidas, herbicidas, parasiticidas, germicidas, acaricidas, nematicidas, raticidas, desfolhantes, dessecantes, espalhantes adesivos, estimuladores e inibidores de crescimento (reguladores); todos destinados diretamente ao uso agropecuário ou destinados diretamente à fabricação de defensivo agropecuário; em conformidade com as definições e demais requisitos da legislação específica";Reducao de 60%;60.0;40.0;IBS e CBS;NBS e NCM/SH;3824.99.89;38249989;8 digitos (item completo);Art. 138;Nao;Diversos itens condicionados a destinacao especifica e a legislacao setorial
414;311;IX;Insumos agropecuarios e aquicolas submetidos a reducao de 60%;7;"Calcário, casca de coco triturada, turfa; tortas, bagaços e demais resíduos e desperdícios vegetais das indústrias alimentares; cascas, serragens e demais resíduos e desperdícios de madeira; resíduos da indústria de celulose (dregs e grits), ossos, borra de carnaúba, cinzas, resíduos agroindustriais orgânicos, DL-Metionina e seus análogos, vermiculita e argilas expandidas, palhas e cascas de produtos vegetais, fibra de coco e outras fibras vegetais, silicatos de potássio ou de magnésio, resinas e oleorresinas naturais, sucos e extratos vegetais, aminoácidos e microrganismos mortos, óleos essenciais, argilas e terras, carvão vegetal e pastas mecânicas de madeira; todos destinados diretamente à fabricação de biofertilizantes, fertilizantes, corretivos de solo (inclusive condicionadores), remineralizadores, substratos para plantas, bioestimulantes ou biodefensivos para controle fitossanitário ou utilizados diretamente como biofertilizantes, fertilizantes, corretivos de solo (inclusive condicionadores), remineralizadores, substratos para plantas, bioestimulantes ou biodefensivos para controle fitossanitário; em conformidade com as definições e demais requisitos da legislação específica";Reducao de 60%;60.0;40.0;IBS e CBS;NBS e NCM/SH;05.06;0506;4 digitos (posicao);Art. 138;Nao;Diversos itens condicionados a destinacao especifica e a legislacao setorial
415;311;IX;Insumos agropecuarios e aquicolas submetidos a reducao de 60%;7;"Calcário, casca de coco triturada, turfa; tortas, bagaços e demais resíduos e desperdícios vegetais das indústrias alimentares; cascas, serragens e demais resíduos e desperdícios de madeira; resíduos da indústria de celulose (dregs e grits), ossos, borra de carnaúba, cinzas, resíduos agroindustriais orgânicos, DL-Metionina e seus análogos, vermiculita e argilas expandidas, palhas e cascas de produtos vegetais, fibra de coco e outras fibras vegetais, silicatos de potássio ou de magnésio, resinas e oleorresinas naturais, sucos e extratos vegetais, aminoácidos e microrganismos mortos, óleos essenciais, argilas e terras, carvão vegetal e pastas mecânicas de madeira; todos destinados diretamente à fabricação de biofertilizantes, fertilizantes, corretivos de solo (inclusive condicionadores), remineralizadores, substratos para plantas, bioestimulantes ou biodefensivos para controle fitossanitário ou utilizados diretamente como biofertilizantes, fertilizantes, corretivos de solo (inclusive condicionadores), remineralizadores, substratos para plantas, bioestimulantes ou biodefensivos para controle fitossanitário; em conformidade com as definições e demais requisitos da legislação específica";Reducao de 60%;60.0;40.0;IBS e CBS;NBS e NCM/SH;1201.10.00;12011000;8 digitos (item completo);Art. 138;Nao;Diversos itens condicionados a destinacao especifica e a legislacao setorial
416;311;IX;Insumos agropecuarios e aquicolas submetidos a reducao de 60%;7;"Calcário, casca de coco triturada, turfa; tortas, bagaços e demais resíduos e desperdícios vegetais das indústrias alimentares; cascas, serragens e demais resíduos e desperdícios de madeira; resíduos da indústria de celulose (dregs e grits), ossos, borra de carnaúba, cinzas, resíduos agroindustriais orgânicos, DL-Metionina e seus análogos, vermiculita e argilas expandidas, palhas e cascas de produtos vegetais, fibra de coco e outras fibras vegetais, silicatos de potássio ou de magnésio, resinas e oleorresinas naturais, sucos e extratos vegetais, aminoácidos e microrganismos mortos, óleos essenciais, argilas e terras, carvão vegetal e pastas mecânicas de madeira; todos destinados diretamente à fabricação de biofertilizantes, fertilizantes, corretivos de solo (inclusive condicionadores), remineralizadores, substratos para plantas, bioestimulantes ou biodefensivos para controle fitossanitário ou utilizados diretamente como biofertilizantes, fertilizantes, corretivos de solo (inclusive condicionadores), remineralizadores, substratos para plantas, bioestimulantes ou biodefensivos para controle fitossanitário; em conformidade com as definições e demais requisitos da legislação específica";Reducao de 60%;60.0;40.0;IBS e CBS;NBS e NCM/SH;1213.00.00;12130000;8 digitos (item completo);Art. 138;Nao;Diversos itens condicionados a destinacao especifica e a legislacao setorial
417;311;IX;Insumos agropecuarios e aquicolas submetidos a reducao de 60%;7;"Calcário, casca de coco triturada, turfa; tortas, bagaços e demais resíduos e desperdícios vegetais das indústrias alimentares; cascas, serragens e demais resíduos e desperdícios de madeira; resíduos da indústria de celulose (dregs e grits), ossos, borra de carnaúba, cinzas, resíduos agroindustriais orgânicos, DL-Metionina e seus análogos, vermiculita e argilas expandidas, palhas e cascas de produtos vegetais, fibra de coco e outras fibras vegetais, silicatos de potássio ou de magnésio, resinas e oleorresinas naturais, sucos e extratos vegetais, aminoácidos e microrganismos mortos, óleos essenciais, argilas e terras, carvão vegetal e pastas mecânicas de madeira; todos destinados diretamente à fabricação de biofertilizantes, fertilizantes, corretivos de solo (inclusive condicionadores), remineralizadores, substratos para plantas, bioestimulantes ou biodefensivos para controle fitossanitário ou utilizados diretamente como biofertilizantes, fertilizantes, corretivos de solo (inclusive condicionadores), remineralizadores, substratos para plantas, bioestimulantes ou biodefensivos para controle fitossanitário; em conformidade com as definições e demais requisitos da legislação específica";Reducao de 60%;60.0;40.0;IBS e CBS;NBS e NCM/SH;1301.90.90;13019090;8 digitos (item completo);Art. 138;Nao;Diversos itens condicionados a destinacao especifica e a legislacao setorial
418;311;IX;Insumos agropecuarios e aquicolas submetidos a reducao de 60%;7;"Calcário, casca de coco triturada, turfa; tortas, bagaços e demais resíduos e desperdícios vegetais das indústrias alimentares; cascas, serragens e demais resíduos e desperdícios de madeira; resíduos da indústria de celulose (dregs e grits), ossos, borra de carnaúba, cinzas, resíduos agroindustriais orgânicos, DL-Metionina e seus análogos, vermiculita e argilas expandidas, palhas e cascas de produtos vegetais, fibra de coco e outras fibras vegetais, silicatos de potássio ou de magnésio, resinas e oleorresinas naturais, sucos e extratos vegetais, aminoácidos e microrganismos mortos, óleos essenciais, argilas e terras, carvão vegetal e pastas mecânicas de madeira; todos destinados diretamente à fabricação de biofertilizantes, fertilizantes, corretivos de solo (inclusive condicionadores), remineralizadores, substratos para plantas, bioestimulantes ou biodefensivos para controle fitossanitário ou utilizados diretamente como biofertilizantes, fertilizantes, corretivos de solo (inclusive condicionadores), remineralizadores, substratos para plantas, bioestimulantes ou biodefensivos para controle fitossanitário; em conformidade com as definições e demais requisitos da legislação específica";Reducao de 60%;60.0;40.0;IBS e CBS;NBS e NCM/SH;1302.19.9;1302199;7 digitos (item);Art. 138;Nao;Diversos itens condicionados a destinacao especifica e a legislacao setorial
419;311;IX;Insumos agropecuarios e aquicolas submetidos a reducao de 60%;7;"Calcário, casca de coco triturada, turfa; tortas, bagaços e demais resíduos e desperdícios vegetais das indústrias alimentares; cascas, serragens e demais resíduos e desperdícios de madeira; resíduos da indústria de celulose (dregs e grits), ossos, borra de carnaúba, cinzas, resíduos agroindustriais orgânicos, DL-Metionina e seus análogos, vermiculita e argilas expandidas, palhas e cascas de produtos vegetais, fibra de coco e outras fibras vegetais, silicatos de potássio ou de magnésio, resinas e oleorresinas naturais, sucos e extratos vegetais, aminoácidos e microrganismos mortos, óleos essenciais, argilas e terras, carvão vegetal e pastas mecânicas de madeira; todos destinados diretamente à fabricação de biofertilizantes, fertilizantes, corretivos de solo (inclusive condicionadores), remineralizadores, substratos para plantas, bioestimulantes ou biodefensivos para controle fitossanitário ou utilizados diretamente como biofertilizantes, fertilizantes, corretivos de solo (inclusive condicionadores), remineralizadores, substratos para plantas, bioestimulantes ou biodefensivos para controle fitossanitário; em conformidade com as definições e demais requisitos da legislação específica";Reducao de 60%;60.0;40.0;IBS e CBS;NBS e NCM/SH;1401.90.00;14019000;8 digitos (item completo);Art. 138;Nao;Diversos itens condicionados a destinacao especifica e a legislacao setorial
420;311;IX;Insumos agropecuarios e aquicolas submetidos a reducao de 60%;7;"Calcário, casca de coco triturada, turfa; tortas, bagaços e demais resíduos e desperdícios vegetais das indústrias alimentares; cascas, serragens e demais resíduos e desperdícios de madeira; resíduos da indústria de celulose (dregs e grits), ossos, borra de carnaúba, cinzas, resíduos agroindustriais orgânicos, DL-Metionina e seus análogos, vermiculita e argilas expandidas, palhas e cascas de produtos vegetais, fibra de coco e outras fibras vegetais, silicatos de potássio ou de magnésio, resinas e oleorresinas naturais, sucos e extratos vegetais, aminoácidos e microrganismos mortos, óleos essenciais, argilas e terras, carvão vegetal e pastas mecânicas de madeira; todos destinados diretamente à fabricação de biofertilizantes, fertilizantes, corretivos de solo (inclusive condicionadores), remineralizadores, substratos para plantas, bioestimulantes ou biodefensivos para controle fitossanitário ou utilizados diretamente como biofertilizantes, fertilizantes, corretivos de solo (inclusive condicionadores), remineralizadores, substratos para plantas, bioestimulantes ou biodefensivos para controle fitossanitário; em conformidade com as definições e demais requisitos da legislação específica";Reducao de 60%;60.0;40.0;IBS e CBS;NBS e NCM/SH;1404.90.90;14049090;8 digitos (item completo);Art. 138;Nao;Diversos itens condicionados a destinacao especifica e a legislacao setorial
421;311;IX;Insumos agropecuarios e aquicolas submetidos a reducao de 60%;7;"Calcário, casca de coco triturada, turfa; tortas, bagaços e demais resíduos e desperdícios vegetais das indústrias alimentares; cascas, serragens e demais resíduos e desperdícios de madeira; resíduos da indústria de celulose (dregs e grits), ossos, borra de carnaúba, cinzas, resíduos agroindustriais orgânicos, DL-Metionina e seus análogos, vermiculita e argilas expandidas, palhas e cascas de produtos vegetais, fibra de coco e outras fibras vegetais, silicatos de potássio ou de magnésio, resinas e oleorresinas naturais, sucos e extratos vegetais, aminoácidos e microrganismos mortos, óleos essenciais, argilas e terras, carvão vegetal e pastas mecânicas de madeira; todos destinados diretamente à fabricação de biofertilizantes, fertilizantes, corretivos de solo (inclusive condicionadores), remineralizadores, substratos para plantas, bioestimulantes ou biodefensivos para controle fitossanitário ou utilizados diretamente como biofertilizantes, fertilizantes, corretivos de solo (inclusive condicionadores), remineralizadores, substratos para plantas, bioestimulantes ou biodefensivos para controle fitossanitário; em conformidade com as definições e demais requisitos da legislação específica";Reducao de 60%;60.0;40.0;IBS e CBS;NBS e NCM/SH;2102.20.00;21022000;8 digitos (item completo);Art. 138;Nao;Diversos itens condicionados a destinacao especifica e a legislacao setorial
422;311;IX;Insumos agropecuarios e aquicolas submetidos a reducao de 60%;7;"Calcário, casca de coco triturada, turfa; tortas, bagaços e demais resíduos e desperdícios vegetais das indústrias alimentares; cascas, serragens e demais resíduos e desperdícios de madeira; resíduos da indústria de celulose (dregs e grits), ossos, borra de carnaúba, cinzas, resíduos agroindustriais orgânicos, DL-Metionina e seus análogos, vermiculita e argilas expandidas, palhas e cascas de produtos vegetais, fibra de coco e outras fibras vegetais, silicatos de potássio ou de magnésio, resinas e oleorresinas naturais, sucos e extratos vegetais, aminoácidos e microrganismos mortos, óleos essenciais, argilas e terras, carvão vegetal e pastas mecânicas de madeira; todos destinados diretamente à fabricação de biofertilizantes, fertilizantes, corretivos de solo (inclusive condicionadores), remineralizadores, substratos para plantas, bioestimulantes ou biodefensivos para controle fitossanitário ou utilizados diretamente como biofertilizantes, fertilizantes, corretivos de solo (inclusive condicionadores), remineralizadores, substratos para plantas, bioestimulantes ou biodefensivos para controle fitossanitário; em conformidade com as definições e demais requisitos da legislação específica";Reducao de 60%;60.0;40.0;IBS e CBS;NBS e NCM/SH;23.02;2302;4 digitos (posicao);Art. 138;Nao;Diversos itens condicionados a destinacao especifica e a legislacao setorial
423;311;IX;Insumos agropecuarios e aquicolas submetidos a reducao de 60%;7;"Calcário, casca de coco triturada, turfa; tortas, bagaços e demais resíduos e desperdícios vegetais das indústrias alimentares; cascas, serragens e demais resíduos e desperdícios de madeira; resíduos da indústria de celulose (dregs e grits), ossos, borra de carnaúba, cinzas, resíduos agroindustriais orgânicos, DL-Metionina e seus análogos, vermiculita e argilas expandidas, palhas e cascas de produtos vegetais, fibra de coco e outras fibras vegetais, silicatos de potássio ou de magnésio, resinas e oleorresinas naturais, sucos e extratos vegetais, aminoácidos e microrganismos mortos, óleos essenciais, argilas e terras, carvão vegetal e pastas mecânicas de madeira; todos destinados diretamente à fabricação de biofertilizantes, fertilizantes, corretivos de solo (inclusive condicionadores), remineralizadores, substratos para plantas, bioestimulantes ou biodefensivos para controle fitossanitário ou utilizados diretamente como biofertilizantes, fertilizantes, corretivos de solo (inclusive condicionadores), remineralizadores, substratos para plantas, bioestimulantes ou biodefensivos para controle fitossanitário; em conformidade com as definições e demais requisitos da legislação específica";Reducao de 60%;60.0;40.0;IBS e CBS;NBS e NCM/SH;23.03;2303;4 digitos (posicao);Art. 138;Nao;Diversos itens condicionados a destinacao especifica e a legislacao setorial
424;311;IX;Insumos agropecuarios e aquicolas submetidos a reducao de 60%;7;"Calcário, casca de coco triturada, turfa; tortas, bagaços e demais resíduos e desperdícios vegetais das indústrias alimentares; cascas, serragens e demais resíduos e desperdícios de madeira; resíduos da indústria de celulose (dregs e grits), ossos, borra de carnaúba, cinzas, resíduos agroindustriais orgânicos, DL-Metionina e seus análogos, vermiculita e argilas expandidas, palhas e cascas de produtos vegetais, fibra de coco e outras fibras vegetais, silicatos de potássio ou de magnésio, resinas e oleorresinas naturais, sucos e extratos vegetais, aminoácidos e microrganismos mortos, óleos essenciais, argilas e terras, carvão vegetal e pastas mecânicas de madeira; todos destinados diretamente à fabricação de biofertilizantes, fertilizantes, corretivos de solo (inclusive condicionadores), remineralizadores, substratos para plantas, bioestimulantes ou biodefensivos para controle fitossanitário ou utilizados diretamente como biofertilizantes, fertilizantes, corretivos de solo (inclusive condicionadores), remineralizadores, substratos para plantas, bioestimulantes ou biodefensivos para controle fitossanitário; em conformidade com as definições e demais requisitos da legislação específica";Reducao de 60%;60.0;40.0;IBS e CBS;NBS e NCM/SH;2304.00;230400;6 digitos (subposicao);Art. 138;Nao;Diversos itens condicionados a destinacao especifica e a legislacao setorial
425;311;IX;Insumos agropecuarios e aquicolas submetidos a reducao de 60%;7;"Calcário, casca de coco triturada, turfa; tortas, bagaços e demais resíduos e desperdícios vegetais das indústrias alimentares; cascas, serragens e demais resíduos e desperdícios de madeira; resíduos da indústria de celulose (dregs e grits), ossos, borra de carnaúba, cinzas, resíduos agroindustriais orgânicos, DL-Metionina e seus análogos, vermiculita e argilas expandidas, palhas e cascas de produtos vegetais, fibra de coco e outras fibras vegetais, silicatos de potássio ou de magnésio, resinas e oleorresinas naturais, sucos e extratos vegetais, aminoácidos e microrganismos mortos, óleos essenciais, argilas e terras, carvão vegetal e pastas mecânicas de madeira; todos destinados diretamente à fabricação de biofertilizantes, fertilizantes, corretivos de solo (inclusive condicionadores), remineralizadores, substratos para plantas, bioestimulantes ou biodefensivos para controle fitossanitário ou utilizados diretamente como biofertilizantes, fertilizantes, corretivos de solo (inclusive condicionadores), remineralizadores, substratos para plantas, bioestimulantes ou biodefensivos para controle fitossanitário; em conformidade com as definições e demais requisitos da legislação específica";Reducao de 60%;60.0;40.0;IBS e CBS;NBS e NCM/SH;2305.00.00;23050000;8 digitos (item completo);Art. 138;Nao;Diversos itens condicionados a destinacao especifica e a legislacao setorial
426;311;IX;Insumos agropecuarios e aquicolas submetidos a reducao de 60%;7;"Calcário, casca de coco triturada, turfa; tortas, bagaços e demais resíduos e desperdícios vegetais das indústrias alimentares; cascas, serragens e demais resíduos e desperdícios de madeira; resíduos da indústria de celulose (dregs e grits), ossos, borra de carnaúba, cinzas, resíduos agroindustriais orgânicos, DL-Metionina e seus análogos, vermiculita e argilas expandidas, palhas e cascas de produtos vegetais, fibra de coco e outras fibras vegetais, silicatos de potássio ou de magnésio, resinas e oleorresinas naturais, sucos e extratos vegetais, aminoácidos e microrganismos mortos, óleos essenciais, argilas e terras, carvão vegetal e pastas mecânicas de madeira; todos destinados diretamente à fabricação de biofertilizantes, fertilizantes, corretivos de solo (inclusive condicionadores), remineralizadores, substratos para plantas, bioestimulantes ou biodefensivos para controle fitossanitário ou utilizados diretamente como biofertilizantes, fertilizantes, corretivos de solo (inclusive condicionadores), remineralizadores, substratos para plantas, bioestimulantes ou biodefensivos para controle fitossanitário; em conformidade com as definições e demais requisitos da legislação específica";Reducao de 60%;60.0;40.0;IBS e CBS;NBS e NCM/SH;23.06;2306;4 digitos (posicao);Art. 138;Nao;Diversos itens condicionados a destinacao especifica e a legislacao setorial
427;311;IX;Insumos agropecuarios e aquicolas submetidos a reducao de 60%;7;"Calcário, casca de coco triturada, turfa; tortas, bagaços e demais resíduos e desperdícios vegetais das indústrias alimentares; cascas, serragens e demais resíduos e desperdícios de madeira; resíduos da indústria de celulose (dregs e grits), ossos, borra de carnaúba, cinzas, resíduos agroindustriais orgânicos, DL-Metionina e seus análogos, vermiculita e argilas expandidas, palhas e cascas de produtos vegetais, fibra de coco e outras fibras vegetais, silicatos de potássio ou de magnésio, resinas e oleorresinas naturais, sucos e extratos vegetais, aminoácidos e microrganismos mortos, óleos essenciais, argilas e terras, carvão vegetal e pastas mecânicas de madeira; todos destinados diretamente à fabricação de biofertilizantes, fertilizantes, corretivos de solo (inclusive condicionadores), remineralizadores, substratos para plantas, bioestimulantes ou biodefensivos para controle fitossanitário ou utilizados diretamente como biofertilizantes, fertilizantes, corretivos de solo (inclusive condicionadores), remineralizadores, substratos para plantas, bioestimulantes ou biodefensivos para controle fitossanitário; em conformidade com as definições e demais requisitos da legislação específica";Reducao de 60%;60.0;40.0;IBS e CBS;NBS e NCM/SH;2308.00.00;23080000;8 digitos (item completo);Art. 138;Nao;Diversos itens condicionados a destinacao especifica e a legislacao setorial
428;311;IX;Insumos agropecuarios e aquicolas submetidos a reducao de 60%;7;"Calcário, casca de coco triturada, turfa; tortas, bagaços e demais resíduos e desperdícios vegetais das indústrias alimentares; cascas, serragens e demais resíduos e desperdícios de madeira; resíduos da indústria de celulose (dregs e grits), ossos, borra de carnaúba, cinzas, resíduos agroindustriais orgânicos, DL-Metionina e seus análogos, vermiculita e argilas expandidas, palhas e cascas de produtos vegetais, fibra de coco e outras fibras vegetais, silicatos de potássio ou de magnésio, resinas e oleorresinas naturais, sucos e extratos vegetais, aminoácidos e microrganismos mortos, óleos essenciais, argilas e terras, carvão vegetal e pastas mecânicas de madeira; todos destinados diretamente à fabricação de biofertilizantes, fertilizantes, corretivos de solo (inclusive condicionadores), remineralizadores, substratos para plantas, bioestimulantes ou biodefensivos para controle fitossanitário ou utilizados diretamente como biofertilizantes, fertilizantes, corretivos de solo (inclusive condicionadores), remineralizadores, substratos para plantas, bioestimulantes ou biodefensivos para controle fitossanitário; em conformidade com as definições e demais requisitos da legislação específica";Reducao de 60%;60.0;40.0;IBS e CBS;NBS e NCM/SH;2703.00.00;27030000;8 digitos (item completo);Art. 138;Nao;Diversos itens condicionados a destinacao especifica e a legislacao setorial
429;311;IX;Insumos agropecuarios e aquicolas submetidos a reducao de 60%;7;"Calcário, casca de coco triturada, turfa; tortas, bagaços e demais resíduos e desperdícios vegetais das indústrias alimentares; cascas, serragens e demais resíduos e desperdícios de madeira; resíduos da indústria de celulose (dregs e grits), ossos, borra de carnaúba, cinzas, resíduos agroindustriais orgânicos, DL-Metionina e seus análogos, vermiculita e argilas expandidas, palhas e cascas de produtos vegetais, fibra de coco e outras fibras vegetais, silicatos de potássio ou de magnésio, resinas e oleorresinas naturais, sucos e extratos vegetais, aminoácidos e microrganismos mortos, óleos essenciais, argilas e terras, carvão vegetal e pastas mecânicas de madeira; todos destinados diretamente à fabricação de biofertilizantes, fertilizantes, corretivos de solo (inclusive condicionadores), remineralizadores, substratos para plantas, bioestimulantes ou biodefensivos para controle fitossanitário ou utilizados diretamente como biofertilizantes, fertilizantes, corretivos de solo (inclusive condicionadores), remineralizadores, substratos para plantas, bioestimulantes ou biodefensivos para controle fitossanitário; em conformidade com as definições e demais requisitos da legislação específica";Reducao de 60%;60.0;40.0;IBS e CBS;NBS e NCM/SH;2839.90.10;28399010;8 digitos (item completo);Art. 138;Nao;Diversos itens condicionados a destinacao especifica e a legislacao setorial
430;311;IX;Insumos agropecuarios e aquicolas submetidos a reducao de 60%;7;"Calcário, casca de coco triturada, turfa; tortas, bagaços e demais resíduos e desperdícios vegetais das indústrias alimentares; cascas, serragens e demais resíduos e desperdícios de madeira; resíduos da indústria de celulose (dregs e grits), ossos, borra de carnaúba, cinzas, resíduos agroindustriais orgânicos, DL-Metionina e seus análogos, vermiculita e argilas expandidas, palhas e cascas de produtos vegetais, fibra de coco e outras fibras vegetais, silicatos de potássio ou de magnésio, resinas e oleorresinas naturais, sucos e extratos vegetais, aminoácidos e microrganismos mortos, óleos essenciais, argilas e terras, carvão vegetal e pastas mecânicas de madeira; todos destinados diretamente à fabricação de biofertilizantes, fertilizantes, corretivos de solo (inclusive condicionadores), remineralizadores, substratos para plantas, bioestimulantes ou biodefensivos para controle fitossanitário ou utilizados diretamente como biofertilizantes, fertilizantes, corretivos de solo (inclusive condicionadores), remineralizadores, substratos para plantas, bioestimulantes ou biodefensivos para controle fitossanitário; em conformidade com as definições e demais requisitos da legislação específica";Reducao de 60%;60.0;40.0;IBS e CBS;NBS e NCM/SH;2839.90.50;28399050;8 digitos (item completo);Art. 138;Nao;Diversos itens condicionados a destinacao especifica e a legislacao setorial
431;311;IX;Insumos agropecuarios e aquicolas submetidos a reducao de 60%;7;"Calcário, casca de coco triturada, turfa; tortas, bagaços e demais resíduos e desperdícios vegetais das indústrias alimentares; cascas, serragens e demais resíduos e desperdícios de madeira; resíduos da indústria de celulose (dregs e grits), ossos, borra de carnaúba, cinzas, resíduos agroindustriais orgânicos, DL-Metionina e seus análogos, vermiculita e argilas expandidas, palhas e cascas de produtos vegetais, fibra de coco e outras fibras vegetais, silicatos de potássio ou de magnésio, resinas e oleorresinas naturais, sucos e extratos vegetais, aminoácidos e microrganismos mortos, óleos essenciais, argilas e terras, carvão vegetal e pastas mecânicas de madeira; todos destinados diretamente à fabricação de biofertilizantes, fertilizantes, corretivos de solo (inclusive condicionadores), remineralizadores, substratos para plantas, bioestimulantes ou biodefensivos para controle fitossanitário ou utilizados diretamente como biofertilizantes, fertilizantes, corretivos de solo (inclusive condicionadores), remineralizadores, substratos para plantas, bioestimulantes ou biodefensivos para controle fitossanitário; em conformidade com as definições e demais requisitos da legislação específica";Reducao de 60%;60.0;40.0;IBS e CBS;NBS e NCM/SH;2922.4;29224;5 digitos (subposicao);Art. 138;Nao;Diversos itens condicionados a destinacao especifica e a legislacao setorial
432;311;IX;Insumos agropecuarios e aquicolas submetidos a reducao de 60%;7;"Calcário, casca de coco triturada, turfa; tortas, bagaços e demais resíduos e desperdícios vegetais das indústrias alimentares; cascas, serragens e demais resíduos e desperdícios de madeira; resíduos da indústria de celulose (dregs e grits), ossos, borra de carnaúba, cinzas, resíduos agroindustriais orgânicos, DL-Metionina e seus análogos, vermiculita e argilas expandidas, palhas e cascas de produtos vegetais, fibra de coco e outras fibras vegetais, silicatos de potássio ou de magnésio, resinas e oleorresinas naturais, sucos e extratos vegetais, aminoácidos e microrganismos mortos, óleos essenciais, argilas e terras, carvão vegetal e pastas mecânicas de madeira; todos destinados diretamente à fabricação de biofertilizantes, fertilizantes, corretivos de solo (inclusive condicionadores), remineralizadores, substratos para plantas, bioestimulantes ou biodefensivos para controle fitossanitário ou utilizados diretamente como biofertilizantes, fertilizantes, corretivos de solo (inclusive condicionadores), remineralizadores, substratos para plantas, bioestimulantes ou biodefensivos para controle fitossanitário; em conformidade com as definições e demais requisitos da legislação específica";Reducao de 60%;60.0;40.0;IBS e CBS;NBS e NCM/SH;2930.40;293040;6 digitos (subposicao);Art. 138;Nao;Diversos itens condicionados a destinacao especifica e a legislacao setorial
433;311;IX;Insumos agropecuarios e aquicolas submetidos a reducao de 60%;7;"Calcário, casca de coco triturada, turfa; tortas, bagaços e demais resíduos e desperdícios vegetais das indústrias alimentares; cascas, serragens e demais resíduos e desperdícios de madeira; resíduos da indústria de celulose (dregs e grits), ossos, borra de carnaúba, cinzas, resíduos agroindustriais orgânicos, DL-Metionina e seus análogos, vermiculita e argilas expandidas, palhas e cascas de produtos vegetais, fibra de coco e outras fibras vegetais, silicatos de potássio ou de magnésio, resinas e oleorresinas naturais, sucos e extratos vegetais, aminoácidos e microrganismos mortos, óleos essenciais, argilas e terras, carvão vegetal e pastas mecânicas de madeira; todos destinados diretamente à fabricação de biofertilizantes, fertilizantes, corretivos de solo (inclusive condicionadores), remineralizadores, substratos para plantas, bioestimulantes ou biodefensivos para controle fitossanitário ou utilizados diretamente como biofertilizantes, fertilizantes, corretivos de solo (inclusive condicionadores), remineralizadores, substratos para plantas, bioestimulantes ou biodefensivos para controle fitossanitário; em conformidade com as definições e demais requisitos da legislação específica";Reducao de 60%;60.0;40.0;IBS e CBS;NBS e NCM/SH;33.01;3301;4 digitos (posicao);Art. 138;Nao;Diversos itens condicionados a destinacao especifica e a legislacao setorial
434;311;IX;Insumos agropecuarios e aquicolas submetidos a reducao de 60%;7;"Calcário, casca de coco triturada, turfa; tortas, bagaços e demais resíduos e desperdícios vegetais das indústrias alimentares; cascas, serragens e demais resíduos e desperdícios de madeira; resíduos da indústria de celulose (dregs e grits), ossos, borra de carnaúba, cinzas, resíduos agroindustriais orgânicos, DL-Metionina e seus análogos, vermiculita e argilas expandidas, palhas e cascas de produtos vegetais, fibra de coco e outras fibras vegetais, silicatos de potássio ou de magnésio, resinas e oleorresinas naturais, sucos e extratos vegetais, aminoácidos e microrganismos mortos, óleos essenciais, argilas e terras, carvão vegetal e pastas mecânicas de madeira; todos destinados diretamente à fabricação de biofertilizantes, fertilizantes, corretivos de solo (inclusive condicionadores), remineralizadores, substratos para plantas, bioestimulantes ou biodefensivos para controle fitossanitário ou utilizados diretamente como biofertilizantes, fertilizantes, corretivos de solo (inclusive condicionadores), remineralizadores, substratos para plantas, bioestimulantes ou biodefensivos para controle fitossanitário; em conformidade com as definições e demais requisitos da legislação específica";Reducao de 60%;60.0;40.0;IBS e CBS;NBS e NCM/SH;3802.90.40;38029040;8 digitos (item completo);Art. 138;Nao;Diversos itens condicionados a destinacao especifica e a legislacao setorial
435;311;IX;Insumos agropecuarios e aquicolas submetidos a reducao de 60%;7;"Calcário, casca de coco triturada, turfa; tortas, bagaços e demais resíduos e desperdícios vegetais das indústrias alimentares; cascas, serragens e demais resíduos e desperdícios de madeira; resíduos da indústria de celulose (dregs e grits), ossos, borra de carnaúba, cinzas, resíduos agroindustriais orgânicos, DL-Metionina e seus análogos, vermiculita e argilas expandidas, palhas e cascas de produtos vegetais, fibra de coco e outras fibras vegetais, silicatos de potássio ou de magnésio, resinas e oleorresinas naturais, sucos e extratos vegetais, aminoácidos e microrganismos mortos, óleos essenciais, argilas e terras, carvão vegetal e pastas mecânicas de madeira; todos destinados diretamente à fabricação de biofertilizantes, fertilizantes, corretivos de solo (inclusive condicionadores), remineralizadores, substratos para plantas, bioestimulantes ou biodefensivos para controle fitossanitário ou utilizados diretamente como biofertilizantes, fertilizantes, corretivos de solo (inclusive condicionadores), remineralizadores, substratos para plantas, bioestimulantes ou biodefensivos para controle fitossanitário; em conformidade com as definições e demais requisitos da legislação específica";Reducao de 60%;60.0;40.0;IBS e CBS;NBS e NCM/SH;3804.00;380400;6 digitos (subposicao);Art. 138;Nao;Diversos itens condicionados a destinacao especifica e a legislacao setorial
436;311;IX;Insumos agropecuarios e aquicolas submetidos a reducao de 60%;7;"Calcário, casca de coco triturada, turfa; tortas, bagaços e demais resíduos e desperdícios vegetais das indústrias alimentares; cascas, serragens e demais resíduos e desperdícios de madeira; resíduos da indústria de celulose (dregs e grits), ossos, borra de carnaúba, cinzas, resíduos agroindustriais orgânicos, DL-Metionina e seus análogos, vermiculita e argilas expandidas, palhas e cascas de produtos vegetais, fibra de coco e outras fibras vegetais, silicatos de potássio ou de magnésio, resinas e oleorresinas naturais, sucos e extratos vegetais, aminoácidos e microrganismos mortos, óleos essenciais, argilas e terras, carvão vegetal e pastas mecânicas de madeira; todos destinados diretamente à fabricação de biofertilizantes, fertilizantes, corretivos de solo (inclusive condicionadores), remineralizadores, substratos para plantas, bioestimulantes ou biodefensivos para controle fitossanitário ou utilizados diretamente como biofertilizantes, fertilizantes, corretivos de solo (inclusive condicionadores), remineralizadores, substratos para plantas, bioestimulantes ou biodefensivos para controle fitossanitário; em conformidade com as definições e demais requisitos da legislação específica";Reducao de 60%;60.0;40.0;IBS e CBS;NBS e NCM/SH;3824.99.71;38249971;8 digitos (item completo);Art. 138;Nao;Diversos itens condicionados a destinacao especifica e a legislacao setorial
437;311;IX;Insumos agropecuarios e aquicolas submetidos a reducao de 60%;7;"Calcário, casca de coco triturada, turfa; tortas, bagaços e demais resíduos e desperdícios vegetais das indústrias alimentares; cascas, serragens e demais resíduos e desperdícios de madeira; resíduos da indústria de celulose (dregs e grits), ossos, borra de carnaúba, cinzas, resíduos agroindustriais orgânicos, DL-Metionina e seus análogos, vermiculita e argilas expandidas, palhas e cascas de produtos vegetais, fibra de coco e outras fibras vegetais, silicatos de potássio ou de magnésio, resinas e oleorresinas naturais, sucos e extratos vegetais, aminoácidos e microrganismos mortos, óleos essenciais, argilas e terras, carvão vegetal e pastas mecânicas de madeira; todos destinados diretamente à fabricação de biofertilizantes, fertilizantes, corretivos de solo (inclusive condicionadores), remineralizadores, substratos para plantas, bioestimulantes ou biodefensivos para controle fitossanitário ou utilizados diretamente como biofertilizantes, fertilizantes, corretivos de solo (inclusive condicionadores), remineralizadores, substratos para plantas, bioestimulantes ou biodefensivos para controle fitossanitário; em conformidade com as definições e demais requisitos da legislação específica";Reducao de 60%;60.0;40.0;IBS e CBS;NBS e NCM/SH;4401.39.00;44013900;8 digitos (item completo);Art. 138;Nao;Diversos itens condicionados a destinacao especifica e a legislacao setorial
438;311;IX;Insumos agropecuarios e aquicolas submetidos a reducao de 60%;7;"Calcário, casca de coco triturada, turfa; tortas, bagaços e demais resíduos e desperdícios vegetais das indústrias alimentares; cascas, serragens e demais resíduos e desperdícios de madeira; resíduos da indústria de celulose (dregs e grits), ossos, borra de carnaúba, cinzas, resíduos agroindustriais orgânicos, DL-Metionina e seus análogos, vermiculita e argilas expandidas, palhas e cascas de produtos vegetais, fibra de coco e outras fibras vegetais, silicatos de potássio ou de magnésio, resinas e oleorresinas naturais, sucos e extratos vegetais, aminoácidos e microrganismos mortos, óleos essenciais, argilas e terras, carvão vegetal e pastas mecânicas de madeira; todos destinados diretamente à fabricação de biofertilizantes, fertilizantes, corretivos de solo (inclusive condicionadores), remineralizadores, substratos para plantas, bioestimulantes ou biodefensivos para controle fitossanitário ou utilizados diretamente como biofertilizantes, fertilizantes, corretivos de solo (inclusive condicionadores), remineralizadores, substratos para plantas, bioestimulantes ou biodefensivos para controle fitossanitário; em conformidade com as definições e demais requisitos da legislação específica";Reducao de 60%;60.0;40.0;IBS e CBS;NBS e NCM/SH;4401.4;44014;5 digitos (subposicao);Art. 138;Nao;Diversos itens condicionados a destinacao especifica e a legislacao setorial
439;311;IX;Insumos agropecuarios e aquicolas submetidos a reducao de 60%;7;"Calcário, casca de coco triturada, turfa; tortas, bagaços e demais resíduos e desperdícios vegetais das indústrias alimentares; cascas, serragens e demais resíduos e desperdícios de madeira; resíduos da indústria de celulose (dregs e grits), ossos, borra de carnaúba, cinzas, resíduos agroindustriais orgânicos, DL-Metionina e seus análogos, vermiculita e argilas expandidas, palhas e cascas de produtos vegetais, fibra de coco e outras fibras vegetais, silicatos de potássio ou de magnésio, resinas e oleorresinas naturais, sucos e extratos vegetais, aminoácidos e microrganismos mortos, óleos essenciais, argilas e terras, carvão vegetal e pastas mecânicas de madeira; todos destinados diretamente à fabricação de biofertilizantes, fertilizantes, corretivos de solo (inclusive condicionadores), remineralizadores, substratos para plantas, bioestimulantes ou biodefensivos para controle fitossanitário ou utilizados diretamente como biofertilizantes, fertilizantes, corretivos de solo (inclusive condicionadores), remineralizadores, substratos para plantas, bioestimulantes ou biodefensivos para controle fitossanitário; em conformidade com as definições e demais requisitos da legislação específica";Reducao de 60%;60.0;40.0;IBS e CBS;NBS e NCM/SH;4402.90.00;44029000;8 digitos (item completo);Art. 138;Nao;Diversos itens condicionados a destinacao especifica e a legislacao setorial
440;311;IX;Insumos agropecuarios e aquicolas submetidos a reducao de 60%;7;"Calcário, casca de coco triturada, turfa; tortas, bagaços e demais resíduos e desperdícios vegetais das indústrias alimentares; cascas, serragens e demais resíduos e desperdícios de madeira; resíduos da indústria de celulose (dregs e grits), ossos, borra de carnaúba, cinzas, resíduos agroindustriais orgânicos, DL-Metionina e seus análogos, vermiculita e argilas expandidas, palhas e cascas de produtos vegetais, fibra de coco e outras fibras vegetais, silicatos de potássio ou de magnésio, resinas e oleorresinas naturais, sucos e extratos vegetais, aminoácidos e microrganismos mortos, óleos essenciais, argilas e terras, carvão vegetal e pastas mecânicas de madeira; todos destinados diretamente à fabricação de biofertilizantes, fertilizantes, corretivos de solo (inclusive condicionadores), remineralizadores, substratos para plantas, bioestimulantes ou biodefensivos para controle fitossanitário ou utilizados diretamente como biofertilizantes, fertilizantes, corretivos de solo (inclusive condicionadores), remineralizadores, substratos para plantas, bioestimulantes ou biodefensivos para controle fitossanitário; em conformidade com as definições e demais requisitos da legislação específica";Reducao de 60%;60.0;40.0;IBS e CBS;NBS e NCM/SH;4701.00.00;47010000;8 digitos (item completo);Art. 138;Nao;Diversos itens condicionados a destinacao especifica e a legislacao setorial
441;311;IX;Insumos agropecuarios e aquicolas submetidos a reducao de 60%;7;"Calcário, casca de coco triturada, turfa; tortas, bagaços e demais resíduos e desperdícios vegetais das indústrias alimentares; cascas, serragens e demais resíduos e desperdícios de madeira; resíduos da indústria de celulose (dregs e grits), ossos, borra de carnaúba, cinzas, resíduos agroindustriais orgânicos, DL-Metionina e seus análogos, vermiculita e argilas expandidas, palhas e cascas de produtos vegetais, fibra de coco e outras fibras vegetais, silicatos de potássio ou de magnésio, resinas e oleorresinas naturais, sucos e extratos vegetais, aminoácidos e microrganismos mortos, óleos essenciais, argilas e terras, carvão vegetal e pastas mecânicas de madeira; todos destinados diretamente à fabricação de biofertilizantes, fertilizantes, corretivos de solo (inclusive condicionadores), remineralizadores, substratos para plantas, bioestimulantes ou biodefensivos para controle fitossanitário ou utilizados diretamente como biofertilizantes, fertilizantes, corretivos de solo (inclusive condicionadores), remineralizadores, substratos para plantas, bioestimulantes ou biodefensivos para controle fitossanitário; em conformidade com as definições e demais requisitos da legislação específica";Reducao de 60%;60.0;40.0;IBS e CBS;NBS e NCM/SH;5305.00.90;53050090;8 digitos (item completo);Art. 138;Nao;Diversos itens condicionados a destinacao especifica e a legislacao setorial
442;311;IX;Insumos agropecuarios e aquicolas submetidos a reducao de 60%;7;"Calcário, casca de coco triturada, turfa; tortas, bagaços e demais resíduos e desperdícios vegetais das indústrias alimentares; cascas, serragens e demais resíduos e desperdícios de madeira; resíduos da indústria de celulose (dregs e grits), ossos, borra de carnaúba, cinzas, resíduos agroindustriais orgânicos, DL-Metionina e seus análogos, vermiculita e argilas expandidas, palhas e cascas de produtos vegetais, fibra de coco e outras fibras vegetais, silicatos de potássio ou de magnésio, resinas e oleorresinas naturais, sucos e extratos vegetais, aminoácidos e microrganismos mortos, óleos essenciais, argilas e terras, carvão vegetal e pastas mecânicas de madeira; todos destinados diretamente à fabricação de biofertilizantes, fertilizantes, corretivos de solo (inclusive condicionadores), remineralizadores, substratos para plantas, bioestimulantes ou biodefensivos para controle fitossanitário ou utilizados diretamente como biofertilizantes, fertilizantes, corretivos de solo (inclusive condicionadores), remineralizadores, substratos para plantas, bioestimulantes ou biodefensivos para controle fitossanitário; em conformidade com as definições e demais requisitos da legislação específica";Reducao de 60%;60.0;40.0;IBS e CBS;NBS e NCM/SH;6806.20.00;68062000;8 digitos (item completo);Art. 138;Nao;Diversos itens condicionados a destinacao especifica e a legislacao setorial
443;312;IX;Insumos agropecuarios e aquicolas submetidos a reducao de 60%;8;"Ácido nítrico, ácido sulfúrico, ácido fosfórico, fosfatos de cálcio naturais, enxofre, ácido clorídrico, ácido fosforoso, ácido acético, hidróxido de sódio e carbonato dissódico; todos destinados diretamente à fabricação de fertilizantes";Reducao de 60%;60.0;40.0;IBS e CBS;NBS e NCM/SH;2503.00.10;25030010;8 digitos (item completo);Art. 138;Nao;Diversos itens condicionados a destinacao especifica e a legislacao setorial
444;312;IX;Insumos agropecuarios e aquicolas submetidos a reducao de 60%;8;"Ácido nítrico, ácido sulfúrico, ácido fosfórico, fosfatos de cálcio naturais, enxofre, ácido clorídrico, ácido fosforoso, ácido acético, hidróxido de sódio e carbonato dissódico; todos destinados diretamente à fabricação de fertilizantes";Reducao de 60%;60.0;40.0;IBS e CBS;NBS e NCM/SH;2503.00.90;25030090;8 digitos (item completo);Art. 138;Nao;Diversos itens condicionados a destinacao especifica e a legislacao setorial
445;312;IX;Insumos agropecuarios e aquicolas submetidos a reducao de 60%;8;"Ácido nítrico, ácido sulfúrico, ácido fosfórico, fosfatos de cálcio naturais, enxofre, ácido clorídrico, ácido fosforoso, ácido acético, hidróxido de sódio e carbonato dissódico; todos destinados diretamente à fabricação de fertilizantes";Reducao de 60%;60.0;40.0;IBS e CBS;NBS e NCM/SH;2510.10.10;25101010;8 digitos (item completo);Art. 138;Nao;Diversos itens condicionados a destinacao especifica e a legislacao setorial
446;312;IX;Insumos agropecuarios e aquicolas submetidos a reducao de 60%;8;"Ácido nítrico, ácido sulfúrico, ácido fosfórico, fosfatos de cálcio naturais, enxofre, ácido clorídrico, ácido fosforoso, ácido acético, hidróxido de sódio e carbonato dissódico; todos destinados diretamente à fabricação de fertilizantes";Reducao de 60%;60.0;40.0;IBS e CBS;NBS e NCM/SH;2510.10.90;25101090;8 digitos (item completo);Art. 138;Nao;Diversos itens condicionados a destinacao especifica e a legislacao setorial
447;312;IX;Insumos agropecuarios e aquicolas submetidos a reducao de 60%;8;"Ácido nítrico, ácido sulfúrico, ácido fosfórico, fosfatos de cálcio naturais, enxofre, ácido clorídrico, ácido fosforoso, ácido acético, hidróxido de sódio e carbonato dissódico; todos destinados diretamente à fabricação de fertilizantes";Reducao de 60%;60.0;40.0;IBS e CBS;NBS e NCM/SH;2510.20.10;25102010;8 digitos (item completo);Art. 138;Nao;Diversos itens condicionados a destinacao especifica e a legislacao setorial
448;312;IX;Insumos agropecuarios e aquicolas submetidos a reducao de 60%;8;"Ácido nítrico, ácido sulfúrico, ácido fosfórico, fosfatos de cálcio naturais, enxofre, ácido clorídrico, ácido fosforoso, ácido acético, hidróxido de sódio e carbonato dissódico; todos destinados diretamente à fabricação de fertilizantes";Reducao de 60%;60.0;40.0;IBS e CBS;NBS e NCM/SH;2510.20.90;25102090;8 digitos (item completo);Art. 138;Nao;Diversos itens condicionados a destinacao especifica e a legislacao setorial
449;312;IX;Insumos agropecuarios e aquicolas submetidos a reducao de 60%;8;"Ácido nítrico, ácido sulfúrico, ácido fosfórico, fosfatos de cálcio naturais, enxofre, ácido clorídrico, ácido fosforoso, ácido acético, hidróxido de sódio e carbonato dissódico; todos destinados diretamente à fabricação de fertilizantes";Reducao de 60%;60.0;40.0;IBS e CBS;NBS e NCM/SH;2802.00.00;28020000;8 digitos (item completo);Art. 138;Nao;Diversos itens condicionados a destinacao especifica e a legislacao setorial
450;312;IX;Insumos agropecuarios e aquicolas submetidos a reducao de 60%;8;"Ácido nítrico, ácido sulfúrico, ácido fosfórico, fosfatos de cálcio naturais, enxofre, ácido clorídrico, ácido fosforoso, ácido acético, hidróxido de sódio e carbonato dissódico; todos destinados diretamente à fabricação de fertilizantes";Reducao de 60%;60.0;40.0;IBS e CBS;NBS e NCM/SH;2806.10.20;28061020;8 digitos (item completo);Art. 138;Nao;Diversos itens condicionados a destinacao especifica e a legislacao setorial
451;312;IX;Insumos agropecuarios e aquicolas submetidos a reducao de 60%;8;"Ácido nítrico, ácido sulfúrico, ácido fosfórico, fosfatos de cálcio naturais, enxofre, ácido clorídrico, ácido fosforoso, ácido acético, hidróxido de sódio e carbonato dissódico; todos destinados diretamente à fabricação de fertilizantes";Reducao de 60%;60.0;40.0;IBS e CBS;NBS e NCM/SH;2807.00.10;28070010;8 digitos (item completo);Art. 138;Nao;Diversos itens condicionados a destinacao especifica e a legislacao setorial
452;312;IX;Insumos agropecuarios e aquicolas submetidos a reducao de 60%;8;"Ácido nítrico, ácido sulfúrico, ácido fosfórico, fosfatos de cálcio naturais, enxofre, ácido clorídrico, ácido fosforoso, ácido acético, hidróxido de sódio e carbonato dissódico; todos destinados diretamente à fabricação de fertilizantes";Reducao de 60%;60.0;40.0;IBS e CBS;NBS e NCM/SH;2808.00.10;28080010;8 digitos (item completo);Art. 138;Nao;Diversos itens condicionados a destinacao especifica e a legislacao setorial
453;312;IX;Insumos agropecuarios e aquicolas submetidos a reducao de 60%;8;"Ácido nítrico, ácido sulfúrico, ácido fosfórico, fosfatos de cálcio naturais, enxofre, ácido clorídrico, ácido fosforoso, ácido acético, hidróxido de sódio e carbonato dissódico; todos destinados diretamente à fabricação de fertilizantes";Reducao de 60%;60.0;40.0;IBS e CBS;NBS e NCM/SH;2809.20.11;28092011;8 digitos (item completo);Art. 138;Nao;Diversos itens condicionados a destinacao especifica e a legislacao setorial
454;312;IX;Insumos agropecuarios e aquicolas submetidos a reducao de 60%;8;"Ácido nítrico, ácido sulfúrico, ácido fosfórico, fosfatos de cálcio naturais, enxofre, ácido clorídrico, ácido fosforoso, ácido acético, hidróxido de sódio e carbonato dissódico; todos destinados diretamente à fabricação de fertilizantes";Reducao de 60%;60.0;40.0;IBS e CBS;NBS e NCM/SH;2809.20.19;28092019;8 digitos (item completo);Art. 138;Nao;Diversos itens condicionados a destinacao especifica e a legislacao setorial
455;312;IX;Insumos agropecuarios e aquicolas submetidos a reducao de 60%;8;"Ácido nítrico, ácido sulfúrico, ácido fosfórico, fosfatos de cálcio naturais, enxofre, ácido clorídrico, ácido fosforoso, ácido acético, hidróxido de sódio e carbonato dissódico; todos destinados diretamente à fabricação de fertilizantes";Reducao de 60%;60.0;40.0;IBS e CBS;NBS e NCM/SH;2811.19.20;28111920;8 digitos (item completo);Art. 138;Nao;Diversos itens condicionados a destinacao especifica e a legislacao setorial
456;312;IX;Insumos agropecuarios e aquicolas submetidos a reducao de 60%;8;"Ácido nítrico, ácido sulfúrico, ácido fosfórico, fosfatos de cálcio naturais, enxofre, ácido clorídrico, ácido fosforoso, ácido acético, hidróxido de sódio e carbonato dissódico; todos destinados diretamente à fabricação de fertilizantes";Reducao de 60%;60.0;40.0;IBS e CBS;NBS e NCM/SH;2815.11.00;28151100;8 digitos (item completo);Art. 138;Nao;Diversos itens condicionados a destinacao especifica e a legislacao setorial
457;312;IX;Insumos agropecuarios e aquicolas submetidos a reducao de 60%;8;"Ácido nítrico, ácido sulfúrico, ácido fosfórico, fosfatos de cálcio naturais, enxofre, ácido clorídrico, ácido fosforoso, ácido acético, hidróxido de sódio e carbonato dissódico; todos destinados diretamente à fabricação de fertilizantes";Reducao de 60%;60.0;40.0;IBS e CBS;NBS e NCM/SH;2815.12.00;28151200;8 digitos (item completo);Art. 138;Nao;Diversos itens condicionados a destinacao especifica e a legislacao setorial
458;312;IX;Insumos agropecuarios e aquicolas submetidos a reducao de 60%;8;"Ácido nítrico, ácido sulfúrico, ácido fosfórico, fosfatos de cálcio naturais, enxofre, ácido clorídrico, ácido fosforoso, ácido acético, hidróxido de sódio e carbonato dissódico; todos destinados diretamente à fabricação de fertilizantes";Reducao de 60%;60.0;40.0;IBS e CBS;NBS e NCM/SH;2836.20.10;28362010;8 digitos (item completo);Art. 138;Nao;Diversos itens condicionados a destinacao especifica e a legislacao setorial
459;312;IX;Insumos agropecuarios e aquicolas submetidos a reducao de 60%;8;"Ácido nítrico, ácido sulfúrico, ácido fosfórico, fosfatos de cálcio naturais, enxofre, ácido clorídrico, ácido fosforoso, ácido acético, hidróxido de sódio e carbonato dissódico; todos destinados diretamente à fabricação de fertilizantes";Reducao de 60%;60.0;40.0;IBS e CBS;NBS e NCM/SH;2836.20.90;28362090;8 digitos (item completo);Art. 138;Nao;Diversos itens condicionados a destinacao especifica e a legislacao setorial
460;312;IX;Insumos agropecuarios e aquicolas submetidos a reducao de 60%;8;"Ácido nítrico, ácido sulfúrico, ácido fosfórico, fosfatos de cálcio naturais, enxofre, ácido clorídrico, ácido fosforoso, ácido acético, hidróxido de sódio e carbonato dissódico; todos destinados diretamente à fabricação de fertilizantes";Reducao de 60%;60.0;40.0;IBS e CBS;NBS e NCM/SH;2915.21.00;29152100;8 digitos (item completo);Art. 138;Nao;Diversos itens condicionados a destinacao especifica e a legislacao setorial
461;313;IX;Insumos agropecuarios e aquicolas submetidos a reducao de 60%;9;Enzimas preparadas para decomposição de matéria orgânica animal e vegetal;Reducao de 60%;60.0;40.0;IBS e CBS;NBS e NCM/SH;3507.90.4;3507904;7 digitos (item);Art. 138;Nao;Diversos itens condicionados a destinacao especifica e a legislacao setorial
462;314;IX;Insumos agropecuarios e aquicolas submetidos a reducao de 60%;10;"Semente genética, semente básica, semente nativa in natura, semente certificada de primeira geração (C1), semente certificada de segunda geração (C2), semente não certificada de primeira geração (S1), semente não certificada de segunda geração (S2) e sementes de cultivar local, tradicional ou crioula; em conformidade com as definições e demais requisitos da legislação específica";Reducao de 60%;60.0;40.0;IBS e CBS;NBS e NCM/SH;Capítulo 7;07;Capitulo (2 digitos);Art. 138;Nao;Diversos itens condicionados a destinacao especifica e a legislacao setorial
463;314;IX;Insumos agropecuarios e aquicolas submetidos a reducao de 60%;10;"Semente genética, semente básica, semente nativa in natura, semente certificada de primeira geração (C1), semente certificada de segunda geração (C2), semente não certificada de primeira geração (S1), semente não certificada de segunda geração (S2) e sementes de cultivar local, tradicional ou crioula; em conformidade com as definições e demais requisitos da legislação específica";Reducao de 60%;60.0;40.0;IBS e CBS;NBS e NCM/SH;Capítulo 10;10;Capitulo (2 digitos);Art. 138;Nao;Diversos itens condicionados a destinacao especifica e a legislacao setorial
464;314;IX;Insumos agropecuarios e aquicolas submetidos a reducao de 60%;10;"Semente genética, semente básica, semente nativa in natura, semente certificada de primeira geração (C1), semente certificada de segunda geração (C2), semente não certificada de primeira geração (S1), semente não certificada de segunda geração (S2) e sementes de cultivar local, tradicional ou crioula; em conformidade com as definições e demais requisitos da legislação específica";Reducao de 60%;60.0;40.0;IBS e CBS;NBS e NCM/SH;Capítulo 12;12;Capitulo (2 digitos);Art. 138;Nao;Diversos itens condicionados a destinacao especifica e a legislacao setorial
465;315;IX;Insumos agropecuarios e aquicolas submetidos a reducao de 60%;11;"Mudas de plantas e demais materiais propagativos de plantas e fungos, inclusive plantas e fungos nativos de espécies florestais; em conformidade com as definições e demais requisitos da legislação específica";Reducao de 60%;60.0;40.0;IBS e CBS;NBS e NCM/SH;06.01;0601;4 digitos (posicao);Art. 138;Nao;Diversos itens condicionados a destinacao especifica e a legislacao setorial
466;315;IX;Insumos agropecuarios e aquicolas submetidos a reducao de 60%;11;"Mudas de plantas e demais materiais propagativos de plantas e fungos, inclusive plantas e fungos nativos de espécies florestais; em conformidade com as definições e demais requisitos da legislação específica";Reducao de 60%;60.0;40.0;IBS e CBS;NBS e NCM/SH;06.02;0602;4 digitos (posicao);Art. 138;Nao;Diversos itens condicionados a destinacao especifica e a legislacao setorial
467;316;IX;Insumos agropecuarios e aquicolas submetidos a reducao de 60%;12;Vacinas, soros e medicamentos, de uso veterinário, exceto de animais domésticos;Reducao de 60%;60.0;40.0;IBS e CBS;NBS e NCM/SH;3002.12;300212;6 digitos (subposicao);Art. 138;Nao;Diversos itens condicionados a destinacao especifica e a legislacao setorial
468;316;IX;Insumos agropecuarios e aquicolas submetidos a reducao de 60%;12;Vacinas, soros e medicamentos, de uso veterinário, exceto de animais domésticos;Reducao de 60%;60.0;40.0;IBS e CBS;NBS e NCM/SH;3002.15;300215;6 digitos (subposicao);Art. 138;Nao;Diversos itens condicionados a destinacao especifica e a legislacao setorial
469;316;IX;Insumos agropecuarios e aquicolas submetidos a reducao de 60%;12;Vacinas, soros e medicamentos, de uso veterinário, exceto de animais domésticos;Reducao de 60%;60.0;40.0;IBS e CBS;NBS e NCM/SH;3002.42;300242;6 digitos (subposicao);Art. 138;Nao;Diversos itens condicionados a destinacao especifica e a legislacao setorial
470;316;IX;Insumos agropecuarios e aquicolas submetidos a reducao de 60%;12;Vacinas, soros e medicamentos, de uso veterinário, exceto de animais domésticos;Reducao de 60%;60.0;40.0;IBS e CBS;NBS e NCM/SH;3002.90.00;30029000;8 digitos (item completo);Art. 138;Nao;Diversos itens condicionados a destinacao especifica e a legislacao setorial
471;316;IX;Insumos agropecuarios e aquicolas submetidos a reducao de 60%;12;Vacinas, soros e medicamentos, de uso veterinário, exceto de animais domésticos;Reducao de 60%;60.0;40.0;IBS e CBS;NBS e NCM/SH;30.04;3004;4 digitos (posicao);Art. 138;Nao;Diversos itens condicionados a destinacao especifica e a legislacao setorial
472;317;IX;Insumos agropecuarios e aquicolas submetidos a reducao de 60%;13;Aves de um dia, exceto as ornamentais;Reducao de 60%;60.0;40.0;IBS e CBS;NBS e NCM/SH;0105.1;01051;5 digitos (subposicao);Art. 138;Nao;Diversos itens condicionados a destinacao especifica e a legislacao setorial
473;318;IX;Insumos agropecuarios e aquicolas submetidos a reducao de 60%;14;Embriões e sêmen, congelado ou resfriado;Reducao de 60%;60.0;40.0;IBS e CBS;NBS e NCM/SH;0511.10.00;05111000;8 digitos (item completo);Art. 138;Nao;Diversos itens condicionados a destinacao especifica e a legislacao setorial
474;318;IX;Insumos agropecuarios e aquicolas submetidos a reducao de 60%;14;Embriões e sêmen, congelado ou resfriado;Reducao de 60%;60.0;40.0;IBS e CBS;NBS e NCM/SH;0511.9;05119;5 digitos (subposicao);Art. 138;Nao;Diversos itens condicionados a destinacao especifica e a legislacao setorial
475;319;IX;Insumos agropecuarios e aquicolas submetidos a reducao de 60%;15;"Reprodutores de raça pura, inclusive matrizes de animais puros de origem com registro genealógico; em conformidade com as definições e demais requisitos da legislação específica";Reducao de 60%;60.0;40.0;IBS e CBS;NBS e NCM/SH;01.02;0102;4 digitos (posicao);Art. 138;Nao;Diversos itens condicionados a destinacao especifica e a legislacao setorial
476;319;IX;Insumos agropecuarios e aquicolas submetidos a reducao de 60%;15;"Reprodutores de raça pura, inclusive matrizes de animais puros de origem com registro genealógico; em conformidade com as definições e demais requisitos da legislação específica";Reducao de 60%;60.0;40.0;IBS e CBS;NBS e NCM/SH;01.03;0103;4 digitos (posicao);Art. 138;Nao;Diversos itens condicionados a destinacao especifica e a legislacao setorial
477;319;IX;Insumos agropecuarios e aquicolas submetidos a reducao de 60%;15;"Reprodutores de raça pura, inclusive matrizes de animais puros de origem com registro genealógico; em conformidade com as definições e demais requisitos da legislação específica";Reducao de 60%;60.0;40.0;IBS e CBS;NBS e NCM/SH;01.04;0104;4 digitos (posicao);Art. 138;Nao;Diversos itens condicionados a destinacao especifica e a legislacao setorial
478;320;IX;Insumos agropecuarios e aquicolas submetidos a reducao de 60%;16;Ovos fertilizados;Reducao de 60%;60.0;40.0;IBS e CBS;NBS e NCM/SH;0407.1;04071;5 digitos (subposicao);Art. 138;Nao;Diversos itens condicionados a destinacao especifica e a legislacao setorial
479;321;IX;Insumos agropecuarios e aquicolas submetidos a reducao de 60%;17;Girinos e alevinos;Reducao de 60%;60.0;40.0;IBS e CBS;NBS e NCM/SH;0106.90.00;01069000;8 digitos (item completo);Art. 138;Nao;Diversos itens condicionados a destinacao especifica e a legislacao setorial
480;322;IX;Insumos agropecuarios e aquicolas submetidos a reducao de 60%;18;Rações para animais, concentrados, suplementos, aditivos, premix ou núcleo, exceto para animais domésticos;Reducao de 60%;60.0;40.0;IBS e CBS;NBS e NCM/SH;2309.90;230990;6 digitos (subposicao);Art. 138;Nao;Diversos itens condicionados a destinacao especifica e a legislacao setorial
481;323;IX;Insumos agropecuarios e aquicolas submetidos a reducao de 60%;19;"Sementes e cereais, mesmo triturados, em grãos esmagados ou trabalhados de outro modo; todos destinados diretamente à fabricação de ração para animais ou diretamente à alimentação animal, exceto de animais domésticos";Reducao de 60%;60.0;40.0;IBS e CBS;NBS e NCM/SH;Capítulo 10;10;Capitulo (2 digitos);Art. 138;Nao;Diversos itens condicionados a destinacao especifica e a legislacao setorial
482;323;IX;Insumos agropecuarios e aquicolas submetidos a reducao de 60%;19;"Sementes e cereais, mesmo triturados, em grãos esmagados ou trabalhados de outro modo; todos destinados diretamente à fabricação de ração para animais ou diretamente à alimentação animal, exceto de animais domésticos";Reducao de 60%;60.0;40.0;IBS e CBS;NBS e NCM/SH;Capítulo 11;11;Capitulo (2 digitos);Art. 138;Nao;Diversos itens condicionados a destinacao especifica e a legislacao setorial
483;323;IX;Insumos agropecuarios e aquicolas submetidos a reducao de 60%;19;"Sementes e cereais, mesmo triturados, em grãos esmagados ou trabalhados de outro modo; todos destinados diretamente à fabricação de ração para animais ou diretamente à alimentação animal, exceto de animais domésticos";Reducao de 60%;60.0;40.0;IBS e CBS;NBS e NCM/SH;Capítulo 12;12;Capitulo (2 digitos);Art. 138;Nao;Diversos itens condicionados a destinacao especifica e a legislacao setorial
484;324;IX;Insumos agropecuarios e aquicolas submetidos a reducao de 60%;20;"Farelos e tortas de produtos vegetais e demais resíduos e desperdícios das indústrias alimentares; todos destinados diretamente à fabricação de ração para animais ou diretamente à alimentação animal, exceto de animais domésticos";Reducao de 60%;60.0;40.0;IBS e CBS;NBS e NCM/SH;23.01;2301;4 digitos (posicao);Art. 138;Nao;Diversos itens condicionados a destinacao especifica e a legislacao setorial
485;324;IX;Insumos agropecuarios e aquicolas submetidos a reducao de 60%;20;"Farelos e tortas de produtos vegetais e demais resíduos e desperdícios das indústrias alimentares; todos destinados diretamente à fabricação de ração para animais ou diretamente à alimentação animal, exceto de animais domésticos";Reducao de 60%;60.0;40.0;IBS e CBS;NBS e NCM/SH;23.02;2302;4 digitos (posicao);Art. 138;Nao;Diversos itens condicionados a destinacao especifica e a legislacao setorial
486;324;IX;Insumos agropecuarios e aquicolas submetidos a reducao de 60%;20;"Farelos e tortas de produtos vegetais e demais resíduos e desperdícios das indústrias alimentares; todos destinados diretamente à fabricação de ração para animais ou diretamente à alimentação animal, exceto de animais domésticos";Reducao de 60%;60.0;40.0;IBS e CBS;NBS e NCM/SH;23.03;2303;4 digitos (posicao);Art. 138;Nao;Diversos itens condicionados a destinacao especifica e a legislacao setorial
487;324;IX;Insumos agropecuarios e aquicolas submetidos a reducao de 60%;20;"Farelos e tortas de produtos vegetais e demais resíduos e desperdícios das indústrias alimentares; todos destinados diretamente à fabricação de ração para animais ou diretamente à alimentação animal, exceto de animais domésticos";Reducao de 60%;60.0;40.0;IBS e CBS;NBS e NCM/SH;2304.00;230400;6 digitos (subposicao);Art. 138;Nao;Diversos itens condicionados a destinacao especifica e a legislacao setorial
488;324;IX;Insumos agropecuarios e aquicolas submetidos a reducao de 60%;20;"Farelos e tortas de produtos vegetais e demais resíduos e desperdícios das indústrias alimentares; todos destinados diretamente à fabricação de ração para animais ou diretamente à alimentação animal, exceto de animais domésticos";Reducao de 60%;60.0;40.0;IBS e CBS;NBS e NCM/SH;2305.00.00;23050000;8 digitos (item completo);Art. 138;Nao;Diversos itens condicionados a destinacao especifica e a legislacao setorial
489;324;IX;Insumos agropecuarios e aquicolas submetidos a reducao de 60%;20;"Farelos e tortas de produtos vegetais e demais resíduos e desperdícios das indústrias alimentares; todos destinados diretamente à fabricação de ração para animais ou diretamente à alimentação animal, exceto de animais domésticos";Reducao de 60%;60.0;40.0;IBS e CBS;NBS e NCM/SH;23.06;2306;4 digitos (posicao);Art. 138;Nao;Diversos itens condicionados a destinacao especifica e a legislacao setorial
490;324;IX;Insumos agropecuarios e aquicolas submetidos a reducao de 60%;20;"Farelos e tortas de produtos vegetais e demais resíduos e desperdícios das indústrias alimentares; todos destinados diretamente à fabricação de ração para animais ou diretamente à alimentação animal, exceto de animais domésticos";Reducao de 60%;60.0;40.0;IBS e CBS;NBS e NCM/SH;2308.00.00;23080000;8 digitos (item completo);Art. 138;Nao;Diversos itens condicionados a destinacao especifica e a legislacao setorial
491;325;IX;Insumos agropecuarios e aquicolas submetidos a reducao de 60%;21;"Alho em pó, sal mineralizado, farinhas de peixe, de ostra, de carne, de osso, de pena, de sangue e de víscera, calcário calcítico, gorduras e óleos animais, resíduos de óleo e de gordura de origem animal ou vegetal descartados por empresas do ramo alimentício, e DL-Metionina e seus análogos; todos destinados diretamente à fabricação de ração para animais ou diretamente à alimentação animal, exceto de animais domésticos";Reducao de 60%;60.0;40.0;IBS e CBS;NBS e NCM/SH;02.10;0210;4 digitos (posicao);Art. 138;Nao;Diversos itens condicionados a destinacao especifica e a legislacao setorial
492;325;IX;Insumos agropecuarios e aquicolas submetidos a reducao de 60%;21;"Alho em pó, sal mineralizado, farinhas de peixe, de ostra, de carne, de osso, de pena, de sangue e de víscera, calcário calcítico, gorduras e óleos animais, resíduos de óleo e de gordura de origem animal ou vegetal descartados por empresas do ramo alimentício, e DL-Metionina e seus análogos; todos destinados diretamente à fabricação de ração para animais ou diretamente à alimentação animal, exceto de animais domésticos";Reducao de 60%;60.0;40.0;IBS e CBS;NBS e NCM/SH;03.09;0309;4 digitos (posicao);Art. 138;Nao;Diversos itens condicionados a destinacao especifica e a legislacao setorial
493;325;IX;Insumos agropecuarios e aquicolas submetidos a reducao de 60%;21;"Alho em pó, sal mineralizado, farinhas de peixe, de ostra, de carne, de osso, de pena, de sangue e de víscera, calcário calcítico, gorduras e óleos animais, resíduos de óleo e de gordura de origem animal ou vegetal descartados por empresas do ramo alimentício, e DL-Metionina e seus análogos; todos destinados diretamente à fabricação de ração para animais ou diretamente à alimentação animal, exceto de animais domésticos";Reducao de 60%;60.0;40.0;IBS e CBS;NBS e NCM/SH;0712.90.10;07129010;8 digitos (item completo);Art. 138;Nao;Diversos itens condicionados a destinacao especifica e a legislacao setorial
494;325;IX;Insumos agropecuarios e aquicolas submetidos a reducao de 60%;21;"Alho em pó, sal mineralizado, farinhas de peixe, de ostra, de carne, de osso, de pena, de sangue e de víscera, calcário calcítico, gorduras e óleos animais, resíduos de óleo e de gordura de origem animal ou vegetal descartados por empresas do ramo alimentício, e DL-Metionina e seus análogos; todos destinados diretamente à fabricação de ração para animais ou diretamente à alimentação animal, exceto de animais domésticos";Reducao de 60%;60.0;40.0;IBS e CBS;NBS e NCM/SH;Capítulo 15;15;Capitulo (2 digitos);Art. 138;Nao;Diversos itens condicionados a destinacao especifica e a legislacao setorial
495;325;IX;Insumos agropecuarios e aquicolas submetidos a reducao de 60%;21;"Alho em pó, sal mineralizado, farinhas de peixe, de ostra, de carne, de osso, de pena, de sangue e de víscera, calcário calcítico, gorduras e óleos animais, resíduos de óleo e de gordura de origem animal ou vegetal descartados por empresas do ramo alimentício, e DL-Metionina e seus análogos; todos destinados diretamente à fabricação de ração para animais ou diretamente à alimentação animal, exceto de animais domésticos";Reducao de 60%;60.0;40.0;IBS e CBS;NBS e NCM/SH;2501.00;250100;6 digitos (subposicao);Art. 138;Nao;Diversos itens condicionados a destinacao especifica e a legislacao setorial
496;325;IX;Insumos agropecuarios e aquicolas submetidos a reducao de 60%;21;"Alho em pó, sal mineralizado, farinhas de peixe, de ostra, de carne, de osso, de pena, de sangue e de víscera, calcário calcítico, gorduras e óleos animais, resíduos de óleo e de gordura de origem animal ou vegetal descartados por empresas do ramo alimentício, e DL-Metionina e seus análogos; todos destinados diretamente à fabricação de ração para animais ou diretamente à alimentação animal, exceto de animais domésticos";Reducao de 60%;60.0;40.0;IBS e CBS;NBS e NCM/SH;2521.00.00;25210000;8 digitos (item completo);Art. 138;Nao;Diversos itens condicionados a destinacao especifica e a legislacao setorial
497;325;IX;Insumos agropecuarios e aquicolas submetidos a reducao de 60%;21;"Alho em pó, sal mineralizado, farinhas de peixe, de ostra, de carne, de osso, de pena, de sangue e de víscera, calcário calcítico, gorduras e óleos animais, resíduos de óleo e de gordura de origem animal ou vegetal descartados por empresas do ramo alimentício, e DL-Metionina e seus análogos; todos destinados diretamente à fabricação de ração para animais ou diretamente à alimentação animal, exceto de animais domésticos";Reducao de 60%;60.0;40.0;IBS e CBS;NBS e NCM/SH;2930.40;293040;6 digitos (subposicao);Art. 138;Nao;Diversos itens condicionados a destinacao especifica e a legislacao setorial
498;326;IX;Insumos agropecuarios e aquicolas submetidos a reducao de 60%;22;Serviços agronômicos;Reducao de 60%;60.0;40.0;IBS e CBS;NBS e NCM/SH;1.1410.90.00;114109000;NBS (9 digitos);Art. 138;Nao;Diversos itens condicionados a destinacao especifica e a legislacao setorial
499;327;IX;Insumos agropecuarios e aquicolas submetidos a reducao de 60%;23;Serviços de técnico agrícola, agropecuário ou em agroecologia;Reducao de 60%;60.0;40.0;IBS e CBS;NBS e NCM/SH;1.1410.90.00;114109000;NBS (9 digitos);Art. 138;Nao;Diversos itens condicionados a destinacao especifica e a legislacao setorial
500;328;IX;Insumos agropecuarios e aquicolas submetidos a reducao de 60%;24;Serviços veterinários para produção animal;Reducao de 60%;60.0;40.0;IBS e CBS;NBS e NCM/SH;1.1405.21.00;114052100;NBS (9 digitos);Art. 138;Nao;Diversos itens condicionados a destinacao especifica e a legislacao setorial
501;328;IX;Insumos agropecuarios e aquicolas submetidos a reducao de 60%;24;Serviços veterinários para produção animal;Reducao de 60%;60.0;40.0;IBS e CBS;NBS e NCM/SH;1.1405.22.00;114052200;NBS (9 digitos);Art. 138;Nao;Diversos itens condicionados a destinacao especifica e a legislacao setorial
502;328;IX;Insumos agropecuarios e aquicolas submetidos a reducao de 60%;24;Serviços veterinários para produção animal;Reducao de 60%;60.0;40.0;IBS e CBS;NBS e NCM/SH;1.1405.90.00;114059000;NBS (9 digitos);Art. 138;Nao;Diversos itens condicionados a destinacao especifica e a legislacao setorial
503;329;IX;Insumos agropecuarios e aquicolas submetidos a reducao de 60%;25;Serviços de zootecnistas;Reducao de 60%;60.0;40.0;IBS e CBS;NBS e NCM/SH;1.1410.90.00;114109000;NBS (9 digitos);Art. 138;Nao;Diversos itens condicionados a destinacao especifica e a legislacao setorial
504;330;IX;Insumos agropecuarios e aquicolas submetidos a reducao de 60%;26;Serviços de inseminação e fertilização de animais de criação;Reducao de 60%;60.0;40.0;IBS e CBS;NBS e NCM/SH;1.1405.22.00;114052200;NBS (9 digitos);Art. 138;Nao;Diversos itens condicionados a destinacao especifica e a legislacao setorial
505;331;IX;Insumos agropecuarios e aquicolas submetidos a reducao de 60%;27;Serviços de engenharia florestal;Reducao de 60%;60.0;40.0;IBS e CBS;NBS e NCM/SH;1.1403.10.00;114031000;NBS (9 digitos);Art. 138;Nao;Diversos itens condicionados a destinacao especifica e a legislacao setorial
506;332;IX;Insumos agropecuarios e aquicolas submetidos a reducao de 60%;28;Serviços de pulverização e controle de pragas;Reducao de 60%;60.0;40.0;IBS e CBS;NBS e NCM/SH;1.1901.10.00;119011000;NBS (9 digitos);Art. 138;Nao;Diversos itens condicionados a destinacao especifica e a legislacao setorial
507;333;IX;Insumos agropecuarios e aquicolas submetidos a reducao de 60%;29;Serviços de semeadura, adubação, inclusive mistura de adubos, reparação de solo, plantio e colheita;Reducao de 60%;60.0;40.0;IBS e CBS;NBS e NCM/SH;1.1901.10.00;119011000;NBS (9 digitos);Art. 138;Nao;Diversos itens condicionados a destinacao especifica e a legislacao setorial
508;334;IX;Insumos agropecuarios e aquicolas submetidos a reducao de 60%;30;Serviços de projetos para irrigação e fertirrigação;Reducao de 60%;60.0;40.0;IBS e CBS;NBS e NCM/SH;1.1403.29.00;114032900;NBS (9 digitos);Art. 138;Nao;Diversos itens condicionados a destinacao especifica e a legislacao setorial
509;335;IX;Insumos agropecuarios e aquicolas submetidos a reducao de 60%;31;Serviços de análise laboratorial de solos, sementes e outros materiais propagativos, fitossanitários, água de produção, bromatologia e sanidade animal;Reducao de 60%;60.0;40.0;IBS e CBS;NBS e NCM/SH;1.1404.41.00;114044100;NBS (9 digitos);Art. 138;Nao;Diversos itens condicionados a destinacao especifica e a legislacao setorial
510;336;IX;Insumos agropecuarios e aquicolas submetidos a reducao de 60%;32;Licenciamento de direitos sobre cultivares;Reducao de 60%;60.0;40.0;IBS e CBS;NBS e NCM/SH;1.1105.10.00;111051000;NBS (9 digitos);Art. 138;Nao;Diversos itens condicionados a destinacao especifica e a legislacao setorial
511;337;IX;Insumos agropecuarios e aquicolas submetidos a reducao de 60%;33;Cessão definitiva de direitos sobre cultivares;Reducao de 60%;60.0;40.0;IBS e CBS;NBS e NCM/SH;1.1109.10.00;111091000;NBS (9 digitos);Art. 138;Nao;Diversos itens condicionados a destinacao especifica e a legislacao setorial
512;338;IX;Insumos agropecuarios e aquicolas submetidos a reducao de 60%;34;Melhoramento genético de animais e plantas e biotecnologia, inclusive seus royalties;Reducao de 60%;60.0;40.0;IBS e CBS;NBS e NCM/SH;;;Nao informado;Art. 138;Nao;Diversos itens condicionados a destinacao especifica e a legislacao setorial
513;339;IX;Insumos agropecuarios e aquicolas submetidos a reducao de 60%;35;Vinhaça;Reducao de 60%;60.0;40.0;IBS e CBS;NBS e NCM/SH;2303.30.00;23033000;8 digitos (item completo);Art. 138;Nao;Diversos itens condicionados a destinacao especifica e a legislacao setorial
514;339;IX;Insumos agropecuarios e aquicolas submetidos a reducao de 60%;35;Vinhaça;Reducao de 60%;60.0;40.0;IBS e CBS;NBS e NCM/SH;2303.20.00;23032000;8 digitos (item completo);Art. 138;Nao;Diversos itens condicionados a destinacao especifica e a legislacao setorial
515;340;X;Producoes nacionais artisticas, culturais, de eventos, jornalisticas e audiovisuais submetidas a reducao de 60%;1;Licenciamento de direitos de autor e de direitos conexos;Reducao de 60%;60.0;40.0;IBS e CBS;NBS e NCM/SH;1.1103;11103;5 digitos (subposicao);Art. 139;Nao;
516;341;X;Producoes nacionais artisticas, culturais, de eventos, jornalisticas e audiovisuais submetidas a reducao de 60%;2;Licenciamento de direitos de obras literárias;Reducao de 60%;60.0;40.0;IBS e CBS;NBS e NCM/SH;1.1103.10.00;111031000;NBS (9 digitos);Art. 139;Nao;
517;342;X;Producoes nacionais artisticas, culturais, de eventos, jornalisticas e audiovisuais submetidas a reducao de 60%;3;Licenciamento de direitos de autor de obras cinematográficas;Reducao de 60%;60.0;40.0;IBS e CBS;NBS e NCM/SH;1.1103.31.00;111033100;NBS (9 digitos);Art. 139;Nao;
518;343;X;Producoes nacionais artisticas, culturais, de eventos, jornalisticas e audiovisuais submetidas a reducao de 60%;4;Licenciamento de direitos de autor de obras jornalísticas;Reducao de 60%;60.0;40.0;IBS e CBS;NBS e NCM/SH;1.1103.32.00;111033200;NBS (9 digitos);Art. 139;Nao;
519;344;X;Producoes nacionais artisticas, culturais, de eventos, jornalisticas e audiovisuais submetidas a reducao de 60%;5;Licenciamento de direitos conexos de artistas intérpretes ou executantes em obras audiovisuais;Reducao de 60%;60.0;40.0;IBS e CBS;NBS e NCM/SH;1.1103.34.00;111033400;NBS (9 digitos);Art. 139;Nao;
520;345;X;Producoes nacionais artisticas, culturais, de eventos, jornalisticas e audiovisuais submetidas a reducao de 60%;6;Licenciamento de direitos conexos de produtores de obras audiovisuais;Reducao de 60%;60.0;40.0;IBS e CBS;NBS e NCM/SH;1.1103.35.00;111033500;NBS (9 digitos);Art. 139;Nao;
521;346;X;Producoes nacionais artisticas, culturais, de eventos, jornalisticas e audiovisuais submetidas a reducao de 60%;7;Licenciamento de direitos de obras audiovisuais destinadas à televisão;Reducao de 60%;60.0;40.0;IBS e CBS;NBS e NCM/SH;1.1103.36;1110336;7 digitos (item);Art. 139;Nao;
522;347;X;Producoes nacionais artisticas, culturais, de eventos, jornalisticas e audiovisuais submetidas a reducao de 60%;8;Licenciamento de direitos de obras musicais e fonogramas;Reducao de 60%;60.0;40.0;IBS e CBS;NBS e NCM/SH;1.1103.4;111034;6 digitos (subposicao);Art. 139;Nao;
523;348;X;Producoes nacionais artisticas, culturais, de eventos, jornalisticas e audiovisuais submetidas a reducao de 60%;9;Cessão temporária de direitos de obras literárias;Reducao de 60%;60.0;40.0;IBS e CBS;NBS e NCM/SH;1.1106.10.00;111061000;NBS (9 digitos);Art. 139;Nao;
524;349;X;Producoes nacionais artisticas, culturais, de eventos, jornalisticas e audiovisuais submetidas a reducao de 60%;10;Cessão temporária de direitos de autor de obras cinematográficas;Reducao de 60%;60.0;40.0;IBS e CBS;NBS e NCM/SH;1.1106.31.00;111063100;NBS (9 digitos);Art. 139;Nao;
525;350;X;Producoes nacionais artisticas, culturais, de eventos, jornalisticas e audiovisuais submetidas a reducao de 60%;11;Cessão temporária de direitos de autor de obras jornalísticas;Reducao de 60%;60.0;40.0;IBS e CBS;NBS e NCM/SH;1.1106.32.00;111063200;NBS (9 digitos);Art. 139;Nao;
526;351;X;Producoes nacionais artisticas, culturais, de eventos, jornalisticas e audiovisuais submetidas a reducao de 60%;12;Cessão temporária de direitos conexos de artistas intérpretes ou executantes em obras audiovisuais;Reducao de 60%;60.0;40.0;IBS e CBS;NBS e NCM/SH;1.1106.34.00;111063400;NBS (9 digitos);Art. 139;Nao;
527;352;X;Producoes nacionais artisticas, culturais, de eventos, jornalisticas e audiovisuais submetidas a reducao de 60%;13;Cessão temporária de direitos conexos de produtores de obras audiovisuais;Reducao de 60%;60.0;40.0;IBS e CBS;NBS e NCM/SH;1.1106.35.00;111063500;NBS (9 digitos);Art. 139;Nao;
528;353;X;Producoes nacionais artisticas, culturais, de eventos, jornalisticas e audiovisuais submetidas a reducao de 60%;14;Cessão temporária de direitos de obras audiovisuais destinadas à televisão;Reducao de 60%;60.0;40.0;IBS e CBS;NBS e NCM/SH;1.1106.36;1110636;7 digitos (item);Art. 139;Nao;
529;354;X;Producoes nacionais artisticas, culturais, de eventos, jornalisticas e audiovisuais submetidas a reducao de 60%;15;Cessão temporária de direitos de obras musicais e fonogramas;Reducao de 60%;60.0;40.0;IBS e CBS;NBS e NCM/SH;1.1106.4;111064;6 digitos (subposicao);Art. 139;Nao;
530;355;X;Producoes nacionais artisticas, culturais, de eventos, jornalisticas e audiovisuais submetidas a reducao de 60%;16;Cessão definitiva de direitos de obras literárias;Reducao de 60%;60.0;40.0;IBS e CBS;NBS e NCM/SH;1.1107.10.00;111071000;NBS (9 digitos);Art. 139;Nao;
531;356;X;Producoes nacionais artisticas, culturais, de eventos, jornalisticas e audiovisuais submetidas a reducao de 60%;17;Cessão definitiva de direitos de obras cinematográficas;Reducao de 60%;60.0;40.0;IBS e CBS;NBS e NCM/SH;1.1107.31.00;111073100;NBS (9 digitos);Art. 139;Nao;
532;357;X;Producoes nacionais artisticas, culturais, de eventos, jornalisticas e audiovisuais submetidas a reducao de 60%;18;Cessão definitiva de direitos de obras jornalísticas;Reducao de 60%;60.0;40.0;IBS e CBS;NBS e NCM/SH;1.1107.32.00;111073200;NBS (9 digitos);Art. 139;Nao;
533;358;X;Producoes nacionais artisticas, culturais, de eventos, jornalisticas e audiovisuais submetidas a reducao de 60%;19;Cessão definitiva de direitos de obras musicais e fonogramas;Reducao de 60%;60.0;40.0;IBS e CBS;NBS e NCM/SH;1.1107.40.00;111074000;NBS (9 digitos);Art. 139;Nao;
534;359;X;Producoes nacionais artisticas, culturais, de eventos, jornalisticas e audiovisuais submetidas a reducao de 60%;20;Serviços de agências de notícias para jornais e periódicos;Reducao de 60%;60.0;40.0;IBS e CBS;NBS e NCM/SH;1.1704.10.00;117041000;NBS (9 digitos);Art. 139;Nao;
535;360;X;Producoes nacionais artisticas, culturais, de eventos, jornalisticas e audiovisuais submetidas a reducao de 60%;21;Serviços de agências de notícias para mídia audiovisual;Reducao de 60%;60.0;40.0;IBS e CBS;NBS e NCM/SH;1.1704.20.00;117042000;NBS (9 digitos);Art. 139;Nao;
536;361;X;Producoes nacionais artisticas, culturais, de eventos, jornalisticas e audiovisuais submetidas a reducao de 60%;22;Serviços de assistência e organização de convenções, feiras de negócios, exposições e outros eventos;Reducao de 60%;60.0;40.0;IBS e CBS;NBS e NCM/SH;1.1806.6;118066;6 digitos (subposicao);Art. 139;Nao;
537;362;X;Producoes nacionais artisticas, culturais, de eventos, jornalisticas e audiovisuais submetidas a reducao de 60%;23;Serviços de gravação de som em estúdio destinados diretamente às produções nacionais artísticas, culturais e audiovisuais;Reducao de 60%;60.0;40.0;IBS e CBS;NBS e NCM/SH;1.2501.11.00;125011100;NBS (9 digitos);Art. 139;Nao;
538;363;X;Producoes nacionais artisticas, culturais, de eventos, jornalisticas e audiovisuais submetidas a reducao de 60%;24;Serviços de gravação de som ao vivo destinados diretamente às produções nacionais artísticas, culturais e audiovisuais;Reducao de 60%;60.0;40.0;IBS e CBS;NBS e NCM/SH;1.2501.12.00;125011200;NBS (9 digitos);Art. 139;Nao;
539;364;X;Producoes nacionais artisticas, culturais, de eventos, jornalisticas e audiovisuais submetidas a reducao de 60%;25;Serviços de produção de programas de televisão, videoteipes e filmes;Reducao de 60%;60.0;40.0;IBS e CBS;NBS e NCM/SH;1.2501.21.00;125012100;NBS (9 digitos);Art. 139;Nao;
540;365;X;Producoes nacionais artisticas, culturais, de eventos, jornalisticas e audiovisuais submetidas a reducao de 60%;26;Serviços de produção de programas de rádio;Reducao de 60%;60.0;40.0;IBS e CBS;NBS e NCM/SH;1.2501.22.00;125012200;NBS (9 digitos);Art. 139;Nao;
541;366;X;Producoes nacionais artisticas, culturais, de eventos, jornalisticas e audiovisuais submetidas a reducao de 60%;27;Serviços de edição de obras audiovisuais destinados diretamente às produções nacionais artísticas, culturais e audiovisuais;Reducao de 60%;60.0;40.0;IBS e CBS;NBS e NCM/SH;1.2501.31.00;125013100;NBS (9 digitos);Art. 139;Nao;
542;367;X;Producoes nacionais artisticas, culturais, de eventos, jornalisticas e audiovisuais submetidas a reducao de 60%;28;Serviços de duplicação e transferência de obras audiovisuais destinados diretamente às produções nacionais artísticas, culturais e audiovisuais;Reducao de 60%;60.0;40.0;IBS e CBS;NBS e NCM/SH;1.2501.32.00;125013200;NBS (9 digitos);Art. 139;Nao;
543;368;X;Producoes nacionais artisticas, culturais, de eventos, jornalisticas e audiovisuais submetidas a reducao de 60%;29;Serviços de correção de cor e restauração digital de obras audiovisuais destinados diretamente às produções nacionais artísticas, culturais e audiovisuais;Reducao de 60%;60.0;40.0;IBS e CBS;NBS e NCM/SH;1.2501.33.00;125013300;NBS (9 digitos);Art. 139;Nao;
544;369;X;Producoes nacionais artisticas, culturais, de eventos, jornalisticas e audiovisuais submetidas a reducao de 60%;30;Serviços de efeitos visuais em obras audiovisuais destinados diretamente às produções nacionais artísticas, culturais e audiovisuais;Reducao de 60%;60.0;40.0;IBS e CBS;NBS e NCM/SH;1.2501.34.00;125013400;NBS (9 digitos);Art. 139;Nao;
545;370;X;Producoes nacionais artisticas, culturais, de eventos, jornalisticas e audiovisuais submetidas a reducao de 60%;31;Serviços de animação destinados diretamente às produções nacionais artísticas, culturais e audiovisuais;Reducao de 60%;60.0;40.0;IBS e CBS;NBS e NCM/SH;1.2501.35.00;125013500;NBS (9 digitos);Art. 139;Nao;
546;371;X;Producoes nacionais artisticas, culturais, de eventos, jornalisticas e audiovisuais submetidas a reducao de 60%;32;Serviços de legendas, títulos e dublagem em obras audiovisuais destinados diretamente às produções nacionais artísticas, culturais e audiovisuais;Reducao de 60%;60.0;40.0;IBS e CBS;NBS e NCM/SH;1.2501.36.00;125013600;NBS (9 digitos);Art. 139;Nao;
547;372;X;Producoes nacionais artisticas, culturais, de eventos, jornalisticas e audiovisuais submetidas a reducao de 60%;33;Serviços de projeto e edição de som em obras audiovisuais destinados diretamente às produções nacionais artísticas, culturais e audiovisuais;Reducao de 60%;60.0;40.0;IBS e CBS;NBS e NCM/SH;1.2501.37.00;125013700;NBS (9 digitos);Art. 139;Nao;
548;373;X;Producoes nacionais artisticas, culturais, de eventos, jornalisticas e audiovisuais submetidas a reducao de 60%;34;Serviços de projeção de filmes;Reducao de 60%;60.0;40.0;IBS e CBS;NBS e NCM/SH;1.2501.50.00;125015000;NBS (9 digitos);Art. 139;Nao;
549;374;X;Producoes nacionais artisticas, culturais, de eventos, jornalisticas e audiovisuais submetidas a reducao de 60%;35;Serviços de produção audiovisual, de apoio e relacionados não classificados em subposições anteriores;Reducao de 60%;60.0;40.0;IBS e CBS;NBS e NCM/SH;1.2501.90.00;125019000;NBS (9 digitos);Art. 139;Nao;
550;375;X;Producoes nacionais artisticas, culturais, de eventos, jornalisticas e audiovisuais submetidas a reducao de 60%;36;Serviços de organização e promoção de atuações artísticas ao vivo;Reducao de 60%;60.0;40.0;IBS e CBS;NBS e NCM/SH;1.2502.10.00;125021000;NBS (9 digitos);Art. 139;Nao;
551;376;X;Producoes nacionais artisticas, culturais, de eventos, jornalisticas e audiovisuais submetidas a reducao de 60%;37;Serviços de produção e apresentação de atuações artísticas ao vivo, inclusive os ingressos relativos a estes serviços;Reducao de 60%;60.0;40.0;IBS e CBS;NBS e NCM/SH;1.2502.20.00;125022000;NBS (9 digitos);Art. 139;Nao;
552;377;X;Producoes nacionais artisticas, culturais, de eventos, jornalisticas e audiovisuais submetidas a reducao de 60%;38;Serviços de atuação artística;Reducao de 60%;60.0;40.0;IBS e CBS;NBS e NCM/SH;1.2503.10.00;125031000;NBS (9 digitos);Art. 139;Nao;
553;378;X;Producoes nacionais artisticas, culturais, de eventos, jornalisticas e audiovisuais submetidas a reducao de 60%;39;Serviços de autores, compositores, escultores, pintores e outros artistas, exceto os de atuação artística;Reducao de 60%;60.0;40.0;IBS e CBS;NBS e NCM/SH;1.2503.20.00;125032000;NBS (9 digitos);Art. 139;Nao;
554;379;X;Producoes nacionais artisticas, culturais, de eventos, jornalisticas e audiovisuais submetidas a reducao de 60%;40;Serviços de museus, inclusive serviços relativos a mostras e coleções de arte;Reducao de 60%;60.0;40.0;IBS e CBS;NBS e NCM/SH;1.2504.11.00;125041100;NBS (9 digitos);Art. 139;Nao;
555;380;X;Producoes nacionais artisticas, culturais, de eventos, jornalisticas e audiovisuais submetidas a reducao de 60%;41;Serviços de reservas de ingressos para eventos de produções nacionais artísticas, culturais e audiovisuais;Reducao de 60%;60.0;40.0;IBS e CBS;NBS e NCM/SH;1.1805.32.00;118053200;NBS (9 digitos);Art. 139;Nao;
556;381;X;Producoes nacionais artisticas, culturais, de eventos, jornalisticas e audiovisuais submetidas a reducao de 60%;42;Fotografias artísticas originais;Reducao de 60%;60.0;40.0;IBS e CBS;NBS e NCM/SH;4911.91.00;49119100;8 digitos (item completo);Art. 139;Nao;
557;382;X;Producoes nacionais artisticas, culturais, de eventos, jornalisticas e audiovisuais submetidas a reducao de 60%;43;Quadros, pinturas e desenhos, artísticos originais;Reducao de 60%;60.0;40.0;IBS e CBS;NBS e NCM/SH;9701.91.00;97019100;8 digitos (item completo);Art. 139;Nao;
558;383;X;Producoes nacionais artisticas, culturais, de eventos, jornalisticas e audiovisuais submetidas a reducao de 60%;44;Gravuras, estampas e litografias, artísticas originais;Reducao de 60%;60.0;40.0;IBS e CBS;NBS e NCM/SH;9702.90.00;97029000;8 digitos (item completo);Art. 139;Nao;
559;384;X;Producoes nacionais artisticas, culturais, de eventos, jornalisticas e audiovisuais submetidas a reducao de 60%;45;Produções originais de arte estatutária ou de escultura;Reducao de 60%;60.0;40.0;IBS e CBS;NBS e NCM/SH;9703.90.00;97039000;8 digitos (item completo);Art. 139;Nao;
560;385;X;Producoes nacionais artisticas, culturais, de eventos, jornalisticas e audiovisuais submetidas a reducao de 60%;46;Licenciamento de direitos conexos de artistas intérpretes ou executantes;Reducao de 60%;60.0;40.0;IBS e CBS;NBS e NCM/SH;1.1103.42.00;111034200;NBS (9 digitos);Art. 139;Nao;
561;386;X;Producoes nacionais artisticas, culturais, de eventos, jornalisticas e audiovisuais submetidas a reducao de 60%;47;Cessão temporária de direitos de autor e de direitos conexos;Reducao de 60%;60.0;40.0;IBS e CBS;NBS e NCM/SH;1.1106;11106;5 digitos (subposicao);Art. 139;Nao;
562;387;X;Producoes nacionais artisticas, culturais, de eventos, jornalisticas e audiovisuais submetidas a reducao de 60%;48;Cessão temporária de direitos conexos de artistas intérpretes ou executantes;Reducao de 60%;60.0;40.0;IBS e CBS;NBS e NCM/SH;1.1106.42.00;111064200;NBS (9 digitos);Art. 139;Nao;
563;388;X;Producoes nacionais artisticas, culturais, de eventos, jornalisticas e audiovisuais submetidas a reducao de 60%;49;Licenciamento de direitos de autor de obras teatrais;Reducao de 60%;60.0;40.0;IBS e CBS;NBS e NCM/SH;;;Nao informado;Art. 139;Nao;
564;389;X;Producoes nacionais artisticas, culturais, de eventos, jornalisticas e audiovisuais submetidas a reducao de 60%;50;Licenciamento de direitos conexos de produtores de obras teatrais;Reducao de 60%;60.0;40.0;IBS e CBS;NBS e NCM/SH;;;Nao informado;Art. 139;Nao;
565;390;X;Producoes nacionais artisticas, culturais, de eventos, jornalisticas e audiovisuais submetidas a reducao de 60%;51;Licenciamento de direitos conexos de artistas intérpretes ou executantes em obras teatrais;Reducao de 60%;60.0;40.0;IBS e CBS;NBS e NCM/SH;;;Nao informado;Art. 139;Nao;
566;391;X;Producoes nacionais artisticas, culturais, de eventos, jornalisticas e audiovisuais submetidas a reducao de 60%;52;Cessão temporária de direitos de autor de obras teatrais;Reducao de 60%;60.0;40.0;IBS e CBS;NBS e NCM/SH;;;Nao informado;Art. 139;Nao;
567;392;X;Producoes nacionais artisticas, culturais, de eventos, jornalisticas e audiovisuais submetidas a reducao de 60%;53;Cessão temporária de direitos conexos de artistas intérpretes ou executantes em obras teatrais;Reducao de 60%;60.0;40.0;IBS e CBS;NBS e NCM/SH;;;Nao informado;Art. 139;Nao;
568;393;X;Producoes nacionais artisticas, culturais, de eventos, jornalisticas e audiovisuais submetidas a reducao de 60%;54;Cessão temporária de direitos conexos de produtores intérpretes ou executantes em obras teatrais;Reducao de 60%;60.0;40.0;IBS e CBS;NBS e NCM/SH;;;Nao informado;Art. 139;Nao;
569;394;X;Producoes nacionais artisticas, culturais, de eventos, jornalisticas e audiovisuais submetidas a reducao de 60%;55;Serviços de sonorização, iluminação, figurino, videografia e cenografia para atuações artísticas ao vivo, destinados às produções de que trata o art. 139 desta Lei Complementar;Reducao de 60%;60.0;40.0;IBS e CBS;NBS e NCM/SH;1.2502.30.00;125023000;NBS (9 digitos);Art. 139;Nao;
570;395;X;Producoes nacionais artisticas, culturais, de eventos, jornalisticas e audiovisuais submetidas a reducao de 60%;56;Serviços de locação, montagem e desmontagem de palcos, destinados às produções de que trata o art. 139 desta Lei Complementar;Reducao de 60%;60.0;40.0;IBS e CBS;NBS e NCM/SH;1.0105.70.00;101057000;NBS (9 digitos);Art. 139;Nao;
571;396;X;Producoes nacionais artisticas, culturais, de eventos, jornalisticas e audiovisuais submetidas a reducao de 60%;57;Serviços de apresentação e promoção de atuações artísticas, inclusive gestão de espaços destinados a apresentações de exposições de artes cênicas, espetáculos e demais produções de que trata o art. 139 desta Lei Complementar;Reducao de 60%;60.0;40.0;IBS e CBS;NBS e NCM/SH;1.2502.90.00;125029000;NBS (9 digitos);Art. 139;Nao;
572;397;XI;Bens e servicos relacionados a soberania e a seguranca nacional, a seguranca da informacao e a seguranca cibernetica submetidos a reducao de 60%;1;SERVIÇOS RELACIONADOS À SOBERANIA E À SEGURANÇA NACIONAL, À SEGURANÇA DA INFORMAÇÃO E À SEGURANÇA CIBERNÉTICA;Reducao de 60%;60.0;40.0;IBS e CBS;NBS e NCM/SH;;;Nao informado;Art. 142;Sim;Item 1: fornecimento a administracao publica direta, autarquias e fundacoes publicas
573;398;XI;Bens e servicos relacionados a soberania e a seguranca nacional, a seguranca da informacao e a seguranca cibernetica submetidos a reducao de 60%;1.1;Segurança em Tecnologia da Informação (TI);Reducao de 60%;60.0;40.0;IBS e CBS;NBS e NCM/SH;1.1501.20.00;115012000;NBS (9 digitos);Art. 142;Nao;Item 1: fornecimento a administracao publica direta, autarquias e fundacoes publicas
574;399;XI;Bens e servicos relacionados a soberania e a seguranca nacional, a seguranca da informacao e a seguranca cibernetica submetidos a reducao de 60%;1.2;Serviços de projeto e desenvolvimento de aplicativos e programas em Tecnologia da Informação (TI) não classificados em subposições anteriores;Reducao de 60%;60.0;40.0;IBS e CBS;NBS e NCM/SH;1.1502.90.00;115029000;NBS (9 digitos);Art. 142;Nao;Item 1: fornecimento a administracao publica direta, autarquias e fundacoes publicas
575;400;XI;Bens e servicos relacionados a soberania e a seguranca nacional, a seguranca da informacao e a seguranca cibernetica submetidos a reducao de 60%;1.3;Serviços de Tecnologia da Informação (TI) não classificados em subposições anteriores;Reducao de 60%;60.0;40.0;IBS e CBS;NBS e NCM/SH;1.1510.00.00;115100000;NBS (9 digitos);Art. 142;Nao;Item 1: fornecimento a administracao publica direta, autarquias e fundacoes publicas
576;401;XI;Bens e servicos relacionados a soberania e a seguranca nacional, a seguranca da informacao e a seguranca cibernetica submetidos a reducao de 60%;1.4;(VETADO);Reducao de 60%;60.0;40.0;IBS e CBS;NBS e NCM/SH;1.1802.90.00;118029000;NBS (9 digitos);Art. 142;Nao;Item 1: fornecimento a administracao publica direta, autarquias e fundacoes publicas
577;402;XI;Bens e servicos relacionados a soberania e a seguranca nacional, a seguranca da informacao e a seguranca cibernetica submetidos a reducao de 60%;1.5;(VETADO);Reducao de 60%;60.0;40.0;IBS e CBS;NBS e NCM/SH;1.1802.30.00;118023000;NBS (9 digitos);Art. 142;Nao;Item 1: fornecimento a administracao publica direta, autarquias e fundacoes publicas
578;403;XI;Bens e servicos relacionados a soberania e a seguranca nacional, a seguranca da informacao e a seguranca cibernetica submetidos a reducao de 60%;1.6;Serviço de localização de dispositivo perdido ou furtado, para proteção de informações pessoais;Reducao de 60%;60.0;40.0;IBS e CBS;NBS e NCM/SH;pendente de classificação;;Pendente de classificacao;Art. 142;Nao;Item 1: fornecimento a administracao publica direta, autarquias e fundacoes publicas
579;404;XI;Bens e servicos relacionados a soberania e a seguranca nacional, a seguranca da informacao e a seguranca cibernetica submetidos a reducao de 60%;1.7;Serviço de bloqueio de dispositivo perdido ou furtado, para proteção de informações pessoais;Reducao de 60%;60.0;40.0;IBS e CBS;NBS e NCM/SH;pendente de classificação;;Pendente de classificacao;Art. 142;Nao;Item 1: fornecimento a administracao publica direta, autarquias e fundacoes publicas
580;405;XI;Bens e servicos relacionados a soberania e a seguranca nacional, a seguranca da informacao e a seguranca cibernetica submetidos a reducao de 60%;1.8;(VETADO);Reducao de 60%;60.0;40.0;IBS e CBS;NBS e NCM/SH;pendente de classificação;;Pendente de classificacao;Art. 142;Nao;Item 1: fornecimento a administracao publica direta, autarquias e fundacoes publicas
581;406;XI;Bens e servicos relacionados a soberania e a seguranca nacional, a seguranca da informacao e a seguranca cibernetica submetidos a reducao de 60%;1.9;(VETADO);Reducao de 60%;60.0;40.0;IBS e CBS;NBS e NCM/SH;pendente de classificação;;Pendente de classificacao;Art. 142;Nao;Item 1: fornecimento a administracao publica direta, autarquias e fundacoes publicas
582;407;XI;Bens e servicos relacionados a soberania e a seguranca nacional, a seguranca da informacao e a seguranca cibernetica submetidos a reducao de 60%;1.10;Serviço de monitoramento de uso de dados pessoais e corporativos em redes do tipo onion;Reducao de 60%;60.0;40.0;IBS e CBS;NBS e NCM/SH;pendente de classificação;;Pendente de classificacao;Art. 142;Nao;Item 1: fornecimento a administracao publica direta, autarquias e fundacoes publicas
583;408;XI;Bens e servicos relacionados a soberania e a seguranca nacional, a seguranca da informacao e a seguranca cibernetica submetidos a reducao de 60%;1.11;Serviço de conexão protegida e criptografada para dispositivos;Reducao de 60%;60.0;40.0;IBS e CBS;NBS e NCM/SH;pendente de classificação;;Pendente de classificacao;Art. 142;Nao;Item 1: fornecimento a administracao publica direta, autarquias e fundacoes publicas
584;409;XI;Bens e servicos relacionados a soberania e a seguranca nacional, a seguranca da informacao e a seguranca cibernetica submetidos a reducao de 60%;1.12;Identificação e alerta de arquivos maliciosos ou alterações indevidas em dispositivos, que permitam o acesso a informações;Reducao de 60%;60.0;40.0;IBS e CBS;NBS e NCM/SH;pendente de classificação;;Pendente de classificacao;Art. 142;Nao;Item 1: fornecimento a administracao publica direta, autarquias e fundacoes publicas
585;410;XI;Bens e servicos relacionados a soberania e a seguranca nacional, a seguranca da informacao e a seguranca cibernetica submetidos a reducao de 60%;1.13;Serviços de manutenção e reparação de veículos militares para uso pela segurança nacional;Reducao de 60%;60.0;40.0;IBS e CBS;NBS e NCM/SH;1.2001.35.00;120013500;NBS (9 digitos);Art. 142;Nao;Item 1: fornecimento a administracao publica direta, autarquias e fundacoes publicas
586;411;XI;Bens e servicos relacionados a soberania e a seguranca nacional, a seguranca da informacao e a seguranca cibernetica submetidos a reducao de 60%;1.14;Serviços de manutenção e reparação de equipamentos militares para uso pela segurança nacional;Reducao de 60%;60.0;40.0;IBS e CBS;NBS e NCM/SH;1.2001.83.00;120018300;NBS (9 digitos);Art. 142;Nao;Item 1: fornecimento a administracao publica direta, autarquias e fundacoes publicas
587;412;XI;Bens e servicos relacionados a soberania e a seguranca nacional, a seguranca da informacao e a seguranca cibernetica submetidos a reducao de 60%;2;BENS RELACIONADOS À SOBERANIA E À SEGURANÇA NACIONAL, À SEGURANÇA DA INFORMAÇÃO E À SEGURANÇA CIBERNÉTICA;Reducao de 60%;60.0;40.0;IBS e CBS;NBS e NCM/SH;;;Nao informado;Art. 142;Sim;Item 1: fornecimento a administracao publica direta, autarquias e fundacoes publicas
588;413;XI;Bens e servicos relacionados a soberania e a seguranca nacional, a seguranca da informacao e a seguranca cibernetica submetidos a reducao de 60%;2.1;Viatura operacional militar e também suas partes e peças;Reducao de 60%;60.0;40.0;IBS e CBS;NBS e NCM/SH;8709;8709;4 digitos (posicao);Art. 142;Nao;Item 1: fornecimento a administracao publica direta, autarquias e fundacoes publicas
589;414;XI;Bens e servicos relacionados a soberania e a seguranca nacional, a seguranca da informacao e a seguranca cibernetica submetidos a reducao de 60%;2.2;Carro blindado e carro de combate, terrestre ou anfíbio, sobre lagartas ou rodas, com ou sem armamento e também suas partes e peças;Reducao de 60%;60.0;40.0;IBS e CBS;NBS e NCM/SH;8710.00.00;87100000;8 digitos (item completo);Art. 142;Nao;Item 1: fornecimento a administracao publica direta, autarquias e fundacoes publicas
590;415;XI;Bens e servicos relacionados a soberania e a seguranca nacional, a seguranca da informacao e a seguranca cibernetica submetidos a reducao de 60%;2.3;Outros veículos de qualquer tipo, para uso pelos órgãos de Segurança Pública e das Forças Armadas, com especificação própria dos Órgãos Militares e de Segurança Pública e também suas partes e peças;Reducao de 60%;60.0;40.0;IBS e CBS;NBS e NCM/SH;8709;8709;4 digitos (posicao);Art. 142;Nao;Item 1: fornecimento a administracao publica direta, autarquias e fundacoes publicas
591;416;XI;Bens e servicos relacionados a soberania e a seguranca nacional, a seguranca da informacao e a seguranca cibernetica submetidos a reducao de 60%;2.4;Simuladores de veículos militares;Reducao de 60%;60.0;40.0;IBS e CBS;NBS e NCM/SH;9031.80.99;90318099;8 digitos (item completo);Art. 142;Nao;Item 1: fornecimento a administracao publica direta, autarquias e fundacoes publicas
592;417;XI;Bens e servicos relacionados a soberania e a seguranca nacional, a seguranca da informacao e a seguranca cibernetica submetidos a reducao de 60%;2.5;Tratores de baixa ou de alta velocidades, para uso pelos órgãos de Segurança Pública e das Forças Armadas, sobre lagartas ou rodas, destinados às unidades de engenharia ou de artilharia, para obras ou para rebocar equipamentos pesados e também suas partes e peças;Reducao de 60%;60.0;40.0;IBS e CBS;NBS e NCM/SH;8701;8701;4 digitos (posicao);Art. 142;Nao;Item 1: fornecimento a administracao publica direta, autarquias e fundacoes publicas
593;418;XI;Bens e servicos relacionados a soberania e a seguranca nacional, a seguranca da informacao e a seguranca cibernetica submetidos a reducao de 60%;2.6;Radares para uso militar;Reducao de 60%;60.0;40.0;IBS e CBS;NBS e NCM/SH;8526.10.00;85261000;8 digitos (item completo);Art. 142;Nao;Item 1: fornecimento a administracao publica direta, autarquias e fundacoes publicas
594;419;XI;Bens e servicos relacionados a soberania e a seguranca nacional, a seguranca da informacao e a seguranca cibernetica submetidos a reducao de 60%;2.7;Foguetes para uso militar;Reducao de 60%;60.0;40.0;IBS e CBS;NBS e NCM/SH;9301.20.00;93012000;8 digitos (item completo);Art. 142;Nao;Item 1: fornecimento a administracao publica direta, autarquias e fundacoes publicas
595;420;XI;Bens e servicos relacionados a soberania e a seguranca nacional, a seguranca da informacao e a seguranca cibernetica submetidos a reducao de 60%;2.8;Explosivos de emprego militar;Reducao de 60%;60.0;40.0;IBS e CBS;NBS e NCM/SH;3602.00.00;36020000;8 digitos (item completo);Art. 142;Nao;Item 1: fornecimento a administracao publica direta, autarquias e fundacoes publicas
596;420;XI;Bens e servicos relacionados a soberania e a seguranca nacional, a seguranca da informacao e a seguranca cibernetica submetidos a reducao de 60%;2.8;Explosivos de emprego militar;Reducao de 60%;60.0;40.0;IBS e CBS;NBS e NCM/SH;9306;9306;4 digitos (posicao);Art. 142;Nao;Item 1: fornecimento a administracao publica direta, autarquias e fundacoes publicas
597;421;XI;Bens e servicos relacionados a soberania e a seguranca nacional, a seguranca da informacao e a seguranca cibernetica submetidos a reducao de 60%;2.9;Optrônicos;Reducao de 60%;60.0;40.0;IBS e CBS;NBS e NCM/SH;8525.89.29;85258929;8 digitos (item completo);Art. 142;Nao;Item 1: fornecimento a administracao publica direta, autarquias e fundacoes publicas
598;422;XI;Bens e servicos relacionados a soberania e a seguranca nacional, a seguranca da informacao e a seguranca cibernetica submetidos a reducao de 60%;2.10;Rações operacionais;Reducao de 60%;60.0;40.0;IBS e CBS;NBS e NCM/SH;2106.90.30;21069030;8 digitos (item completo);Art. 142;Nao;Item 1: fornecimento a administracao publica direta, autarquias e fundacoes publicas
599;423;XI;Bens e servicos relacionados a soberania e a seguranca nacional, a seguranca da informacao e a seguranca cibernetica submetidos a reducao de 60%;2.11;Minas marítimas;Reducao de 60%;60.0;40.0;IBS e CBS;NBS e NCM/SH;9306;9306;4 digitos (posicao);Art. 142;Nao;Item 1: fornecimento a administracao publica direta, autarquias e fundacoes publicas
600;424;XI;Bens e servicos relacionados a soberania e a seguranca nacional, a seguranca da informacao e a seguranca cibernetica submetidos a reducao de 60%;2.12;Cartuchos de munição naval e de artilharia e seus componentes (projétil, estojo, estopilha, espoleta, traçador, pólvora e alto-explosivo), de calibre igual ou superior a 40 mm de diâmetro interno de tubo da arma;Reducao de 60%;60.0;40.0;IBS e CBS;NBS e NCM/SH;9306.2;93062;5 digitos (subposicao);Art. 142;Nao;Item 1: fornecimento a administracao publica direta, autarquias e fundacoes publicas
601;425;XI;Bens e servicos relacionados a soberania e a seguranca nacional, a seguranca da informacao e a seguranca cibernetica submetidos a reducao de 60%;2.13;Bombas, torpedos, minas, mísseis, foguetes e seus componentes;Reducao de 60%;60.0;40.0;IBS e CBS;NBS e NCM/SH;9306;9306;4 digitos (posicao);Art. 142;Nao;Item 1: fornecimento a administracao publica direta, autarquias e fundacoes publicas
602;426;XI;Bens e servicos relacionados a soberania e a seguranca nacional, a seguranca da informacao e a seguranca cibernetica submetidos a reducao de 60%;2.14;Aeronaves, inclusive Veículo Aéreo Não Tripulado (VANT) para uso pela segurança nacional e também suas partes e peças;Reducao de 60%;60.0;40.0;IBS e CBS;NBS e NCM/SH;8802;8802;4 digitos (posicao);Art. 142;Nao;Item 1: fornecimento a administracao publica direta, autarquias e fundacoes publicas
603;426;XI;Bens e servicos relacionados a soberania e a seguranca nacional, a seguranca da informacao e a seguranca cibernetica submetidos a reducao de 60%;2.14;Aeronaves, inclusive Veículo Aéreo Não Tripulado (VANT) para uso pela segurança nacional e também suas partes e peças;Reducao de 60%;60.0;40.0;IBS e CBS;NBS e NCM/SH;8806;8806;4 digitos (posicao);Art. 142;Nao;Item 1: fornecimento a administracao publica direta, autarquias e fundacoes publicas
604;427;XI;Bens e servicos relacionados a soberania e a seguranca nacional, a seguranca da informacao e a seguranca cibernetica submetidos a reducao de 60%;2.15;Veículos espaciais para uso pela segurança nacional;Reducao de 60%;60.0;40.0;IBS e CBS;NBS e NCM/SH;8802.60.00;88026000;8 digitos (item completo);Art. 142;Nao;Item 1: fornecimento a administracao publica direta, autarquias e fundacoes publicas
605;428;XI;Bens e servicos relacionados a soberania e a seguranca nacional, a seguranca da informacao e a seguranca cibernetica submetidos a reducao de 60%;2.16;Paraquedas para uso pela segurança nacional;Reducao de 60%;60.0;40.0;IBS e CBS;NBS e NCM/SH;8804.00.00;88040000;8 digitos (item completo);Art. 142;Nao;Item 1: fornecimento a administracao publica direta, autarquias e fundacoes publicas
606;429;XI;Bens e servicos relacionados a soberania e a seguranca nacional, a seguranca da informacao e a seguranca cibernetica submetidos a reducao de 60%;2.17;Aparelhos e dispositivos para lançamento e aterrissagem de veículos aéreos e espaciais para uso pela segurança nacional;Reducao de 60%;60.0;40.0;IBS e CBS;NBS e NCM/SH;8805.10.00;88051000;8 digitos (item completo);Art. 142;Nao;Item 1: fornecimento a administracao publica direta, autarquias e fundacoes publicas
607;430;XI;Bens e servicos relacionados a soberania e a seguranca nacional, a seguranca da informacao e a seguranca cibernetica submetidos a reducao de 60%;2.18;Simuladores de voo e similares para uso pela segurança nacional;Reducao de 60%;60.0;40.0;IBS e CBS;NBS e NCM/SH;8805.21.00;88052100;8 digitos (item completo);Art. 142;Nao;Item 1: fornecimento a administracao publica direta, autarquias e fundacoes publicas
608;431;XI;Bens e servicos relacionados a soberania e a seguranca nacional, a seguranca da informacao e a seguranca cibernetica submetidos a reducao de 60%;2.19;Equipamentos de apoio no solo para uso pela segurança nacional;Reducao de 60%;60.0;40.0;IBS e CBS;NBS e NCM/SH;8805;8805;4 digitos (posicao);Art. 142;Nao;Item 1: fornecimento a administracao publica direta, autarquias e fundacoes publicas
609;432;XI;Bens e servicos relacionados a soberania e a seguranca nacional, a seguranca da informacao e a seguranca cibernetica submetidos a reducao de 60%;2.20;Equipamentos de auxílio à comunicação, navegação e controle de tráfego aéreo para uso pela segurança nacional;Reducao de 60%;60.0;40.0;IBS e CBS;NBS e NCM/SH;9014.20;901420;6 digitos (subposicao);Art. 142;Nao;Item 1: fornecimento a administracao publica direta, autarquias e fundacoes publicas
610;433;XI;Bens e servicos relacionados a soberania e a seguranca nacional, a seguranca da informacao e a seguranca cibernetica submetidos a reducao de 60%;2.21;Embarcações construídas no País suas peças, partes e componentes utilizados no reparo, conserto e reconstrução de embarcações;Reducao de 60%;60.0;40.0;IBS e CBS;NBS e NCM/SH;8901.20.00;89012000;8 digitos (item completo);Art. 142;Nao;Item 1: fornecimento a administracao publica direta, autarquias e fundacoes publicas
611;433;XI;Bens e servicos relacionados a soberania e a seguranca nacional, a seguranca da informacao e a seguranca cibernetica submetidos a reducao de 60%;2.21;Embarcações construídas no País suas peças, partes e componentes utilizados no reparo, conserto e reconstrução de embarcações;Reducao de 60%;60.0;40.0;IBS e CBS;NBS e NCM/SH;8906.10.00;89061000;8 digitos (item completo);Art. 142;Nao;Item 1: fornecimento a administracao publica direta, autarquias e fundacoes publicas
612;434;XI;Bens e servicos relacionados a soberania e a seguranca nacional, a seguranca da informacao e a seguranca cibernetica submetidos a reducao de 60%;2.22;Dispositivos destinados a prover a segurança da informação do tipo Prevenção de Intrusão (IPS);Reducao de 60%;60.0;40.0;IBS e CBS;NBS e NCM/SH;8517.62.59;85176259;8 digitos (item completo);Art. 142;Nao;Item 1: fornecimento a administracao publica direta, autarquias e fundacoes publicas
613;435;XI;Bens e servicos relacionados a soberania e a seguranca nacional, a seguranca da informacao e a seguranca cibernetica submetidos a reducao de 60%;2.23;Dispositivos destinados a prover a segurança da informação do tipo de Detecção de Intrusão (IDS);Reducao de 60%;60.0;40.0;IBS e CBS;NBS e NCM/SH;8517.62.59;85176259;8 digitos (item completo);Art. 142;Nao;Item 1: fornecimento a administracao publica direta, autarquias e fundacoes publicas
614;436;XI;Bens e servicos relacionados a soberania e a seguranca nacional, a seguranca da informacao e a seguranca cibernetica submetidos a reducao de 60%;2.24;Dispositivos de Autenticação (tokens, leitores biométricos) que garantam a segurança da informação/cibernética;Reducao de 60%;60.0;40.0;IBS e CBS;NBS e NCM/SH;8523.52;852352;6 digitos (subposicao);Art. 142;Nao;Item 1: fornecimento a administracao publica direta, autarquias e fundacoes publicas
615;436;XI;Bens e servicos relacionados a soberania e a seguranca nacional, a seguranca da informacao e a seguranca cibernetica submetidos a reducao de 60%;2.24;Dispositivos de Autenticação (tokens, leitores biométricos) que garantam a segurança da informação/cibernética;Reducao de 60%;60.0;40.0;IBS e CBS;NBS e NCM/SH;8471.90.14;84719014;8 digitos (item completo);Art. 142;Nao;Item 1: fornecimento a administracao publica direta, autarquias e fundacoes publicas
616;437;XI;Bens e servicos relacionados a soberania e a seguranca nacional, a seguranca da informacao e a seguranca cibernetica submetidos a reducao de 60%;2.25;Equipamentos para criptografia para a segurança da informação/cibernética;Reducao de 60%;60.0;40.0;IBS e CBS;NBS e NCM/SH;8471.50.90;84715090;8 digitos (item completo);Art. 142;Nao;Item 1: fornecimento a administracao publica direta, autarquias e fundacoes publicas
617;438;XI;Bens e servicos relacionados a soberania e a seguranca nacional, a seguranca da informacao e a seguranca cibernetica submetidos a reducao de 60%;2.26;Firewalls para a segurança da informação/cibernética;Reducao de 60%;60.0;40.0;IBS e CBS;NBS e NCM/SH;8517.62.59;85176259;8 digitos (item completo);Art. 142;Nao;Item 1: fornecimento a administracao publica direta, autarquias e fundacoes publicas
618;438;XI;Bens e servicos relacionados a soberania e a seguranca nacional, a seguranca da informacao e a seguranca cibernetica submetidos a reducao de 60%;2.26;Firewalls para a segurança da informação/cibernética;Reducao de 60%;60.0;40.0;IBS e CBS;NBS e NCM/SH;8471.49.00;84714900;8 digitos (item completo);Art. 142;Nao;Item 1: fornecimento a administracao publica direta, autarquias e fundacoes publicas
619;439;XI;Bens e servicos relacionados a soberania e a seguranca nacional, a seguranca da informacao e a seguranca cibernetica submetidos a reducao de 60%;2.27;Switches e roteadores seguros para a segurança da informação/cibernética;Reducao de 60%;60.0;40.0;IBS e CBS;NBS e NCM/SH;8517.62.34;85176234;8 digitos (item completo);Art. 142;Nao;Item 1: fornecimento a administracao publica direta, autarquias e fundacoes publicas
620;439;XI;Bens e servicos relacionados a soberania e a seguranca nacional, a seguranca da informacao e a seguranca cibernetica submetidos a reducao de 60%;2.27;Switches e roteadores seguros para a segurança da informação/cibernética;Reducao de 60%;60.0;40.0;IBS e CBS;NBS e NCM/SH;8517.62.4;8517624;7 digitos (item);Art. 142;Nao;Item 1: fornecimento a administracao publica direta, autarquias e fundacoes publicas
621;440;XI;Bens e servicos relacionados a soberania e a seguranca nacional, a seguranca da informacao e a seguranca cibernetica submetidos a reducao de 60%;2.28;Dispositivos de comunicação criptografada para a segurança da informação/cibernética;Reducao de 60%;60.0;40.0;IBS e CBS;NBS e NCM/SH;8517.62.7;8517627;7 digitos (item);Art. 142;Nao;Item 1: fornecimento a administracao publica direta, autarquias e fundacoes publicas
622;441;XI;Bens e servicos relacionados a soberania e a seguranca nacional, a seguranca da informacao e a seguranca cibernetica submetidos a reducao de 60%;2.29;Unidades de armazenamento criptografadas para a segurança da informação/cibernética;Reducao de 60%;60.0;40.0;IBS e CBS;NBS e NCM/SH;8523.51;852351;6 digitos (subposicao);Art. 142;Nao;Item 1: fornecimento a administracao publica direta, autarquias e fundacoes publicas
623;442;XI;Bens e servicos relacionados a soberania e a seguranca nacional, a seguranca da informacao e a seguranca cibernetica submetidos a reducao de 60%;2.30;Servidores de armazenamento seguro para a segurança da informação/cibernética;Reducao de 60%;60.0;40.0;IBS e CBS;NBS e NCM/SH;8523.51;852351;6 digitos (subposicao);Art. 142;Nao;Item 1: fornecimento a administracao publica direta, autarquias e fundacoes publicas
624;443;XII;Dispositivos medicos submetidos a reducao a zero;1;Aparelhos de eletrodiagnóstico (incluídos os aparelhos de exploração funcional e os de verificação de parâmetros fisiológicos);Reducao a zero;100.0;0.0;IBS e CBS;NCM/SH;;;Nao informado;Art. 144, I;Nao;So se aplica a dispositivos regularizados na Anvisa
625;444;XII;Dispositivos medicos submetidos a reducao a zero;1.1;Eletrocardiógrafos;Reducao a zero;100.0;0.0;IBS e CBS;NCM/SH;9018.11.00;90181100;8 digitos (item completo);Art. 144, I;Nao;So se aplica a dispositivos regularizados na Anvisa
626;445;XII;Dispositivos medicos submetidos a reducao a zero;1.2;Eletroencefalógrafos;Reducao a zero;100.0;0.0;IBS e CBS;NCM/SH;9018.19.80;90181980;8 digitos (item completo);Art. 144, I;Nao;So se aplica a dispositivos regularizados na Anvisa
627;446;XII;Dispositivos medicos submetidos a reducao a zero;1.3;Aparelhos de eletrodiagnóstico, exceto os produtos classificados nos códigos 9018.11.00, 9018.12.10, 9018.12.90, 9018.13.00, 9018.14.10, 9018.14.20, 9018.14.90, 9018.19.10 e 9018.19.20;Reducao a zero;100.0;0.0;IBS e CBS;NCM/SH;9018.19.80;90181980;8 digitos (item completo);Art. 144, I;Nao;So se aplica a dispositivos regularizados na Anvisa
628;447;XII;Dispositivos medicos submetidos a reducao a zero;2;Aparelhos de raios ultravioleta ou infravermelhos;Reducao a zero;100.0;0.0;IBS e CBS;NCM/SH;9018.20;901820;6 digitos (subposicao);Art. 144, I;Nao;So se aplica a dispositivos regularizados na Anvisa
629;448;XII;Dispositivos medicos submetidos a reducao a zero;3;Artigos e aparelhos ortopédicos;Reducao a zero;100.0;0.0;IBS e CBS;NCM/SH;9021.10.10;90211010;8 digitos (item completo);Art. 144, I;Nao;So se aplica a dispositivos regularizados na Anvisa
630;449;XII;Dispositivos medicos submetidos a reducao a zero;4;Artigos e aparelhos para fraturas;Reducao a zero;100.0;0.0;IBS e CBS;NCM/SH;9021.10.20;90211020;8 digitos (item completo);Art. 144, I;Nao;So se aplica a dispositivos regularizados na Anvisa
631;450;XII;Dispositivos medicos submetidos a reducao a zero;5;Artigos e aparelhos de prótese, exceto os dentários e os produtos classificados nos códigos 9021.39.91 e 9021.39.99;Reducao a zero;100.0;0.0;IBS e CBS;NCM/SH;9021.3;90213;5 digitos (subposicao);Art. 144, I;Nao;So se aplica a dispositivos regularizados na Anvisa
632;451;XII;Dispositivos medicos submetidos a reducao a zero;6;Tomógrafo computadorizado;Reducao a zero;100.0;0.0;IBS e CBS;NCM/SH;9022.12.00;90221200;8 digitos (item completo);Art. 144, I;Nao;So se aplica a dispositivos regularizados na Anvisa
633;452;XII;Dispositivos medicos submetidos a reducao a zero;7;Aparelhos de raio X, móveis, exceto os produtos classificados no código 9022.19.91;Reducao a zero;100.0;0.0;IBS e CBS;NCM/SH;9022.13;902213;6 digitos (subposicao);Art. 144, I;Nao;So se aplica a dispositivos regularizados na Anvisa
634;452;XII;Dispositivos medicos submetidos a reducao a zero;7;Aparelhos de raio X, móveis, exceto os produtos classificados no código 9022.19.91;Reducao a zero;100.0;0.0;IBS e CBS;NCM/SH;9022.14;902214;6 digitos (subposicao);Art. 144, I;Nao;So se aplica a dispositivos regularizados na Anvisa
635;452;XII;Dispositivos medicos submetidos a reducao a zero;7;Aparelhos de raio X, móveis, exceto os produtos classificados no código 9022.19.91;Reducao a zero;100.0;0.0;IBS e CBS;NCM/SH;9022.19;902219;6 digitos (subposicao);Art. 144, I;Nao;So se aplica a dispositivos regularizados na Anvisa
636;453;XII;Dispositivos medicos submetidos a reducao a zero;8;Aparelho de radiocobalto (bomba de cobalto);Reducao a zero;100.0;0.0;IBS e CBS;NCM/SH;9022.21.10;90222110;8 digitos (item completo);Art. 144, I;Nao;So se aplica a dispositivos regularizados na Anvisa
637;454;XII;Dispositivos medicos submetidos a reducao a zero;9;Aparelho de crioterapia;Reducao a zero;100.0;0.0;IBS e CBS;NCM/SH;9018.90.99;90189099;8 digitos (item completo);Art. 144, I;Nao;So se aplica a dispositivos regularizados na Anvisa
638;455;XII;Dispositivos medicos submetidos a reducao a zero;10;Aparelho de gamaterapia;Reducao a zero;100.0;0.0;IBS e CBS;NCM/SH;9022.21.20;90222120;8 digitos (item completo);Art. 144, I;Nao;So se aplica a dispositivos regularizados na Anvisa
639;456;XII;Dispositivos medicos submetidos a reducao a zero;11;Aparelhos que utilizem radiações alfa, beta, gama ou outras radiações ionizantes, para usos médicos, cirúrgicos, odontológicos ou veterinários, incluídos os aparelhos de radiofotografia ou de radioterapia, exceto os produtos classificados nos códigos 9022.21.10 e 9022.21.20;Reducao a zero;100.0;0.0;IBS e CBS;NCM/SH;9022.21.90;90222190;8 digitos (item completo);Art. 144, I;Nao;So se aplica a dispositivos regularizados na Anvisa
640;457;XII;Dispositivos medicos submetidos a reducao a zero;12;Densímetros, areômetros, pesa-líquidos e instrumentos flutuantes semelhantes, termômetros, pirômetros, barômetros, higrômetros e psicômetros, registradores ou não, mesmo combinados entre si;Reducao a zero;100.0;0.0;IBS e CBS;NCM/SH;90.25;9025;4 digitos (posicao);Art. 144, I;Nao;So se aplica a dispositivos regularizados na Anvisa
641;458;XII;Dispositivos medicos submetidos a reducao a zero;13;Respirador;Reducao a zero;100.0;0.0;IBS e CBS;NCM/SH;9019.20.40;90192040;8 digitos (item completo);Art. 144, I;Nao;So se aplica a dispositivos regularizados na Anvisa
642;459;XII;Dispositivos medicos submetidos a reducao a zero;14;Monitor multiparâmetros;Reducao a zero;100.0;0.0;IBS e CBS;NCM/SH;9018.19.80;90181980;8 digitos (item completo);Art. 144, I;Nao;So se aplica a dispositivos regularizados na Anvisa
643;460;XII;Dispositivos medicos submetidos a reducao a zero;15;Bomba de infusão;Reducao a zero;100.0;0.0;IBS e CBS;NCM/SH;9018.90.10;90189010;8 digitos (item completo);Art. 144, I;Nao;So se aplica a dispositivos regularizados na Anvisa
644;461;XII;Dispositivos medicos submetidos a reducao a zero;16;Aparelhos de diagnóstico por visualização de ressonância magnética;Reducao a zero;100.0;0.0;IBS e CBS;NCM/SH;9018.13.00;90181300;8 digitos (item completo);Art. 144, I;Nao;So se aplica a dispositivos regularizados na Anvisa
645;462;XII;Dispositivos medicos submetidos a reducao a zero;17;Aparelhos de ultrassom;Reducao a zero;100.0;0.0;IBS e CBS;NCM/SH;9018.12;901812;6 digitos (subposicao);Art. 144, I;Nao;So se aplica a dispositivos regularizados na Anvisa
646;463;XIII;Dispositivos de acessibilidade proprios para pessoas com deficiencia submetidos a reducao a zero;1;Barra de apoio para pessoa com deficiência física;Reducao a zero;100.0;0.0;IBS e CBS;NCM/SH;8302.41.00;83024100;8 digitos (item completo);Art. 145, I;Nao;
647;464;XIII;Dispositivos de acessibilidade proprios para pessoas com deficiencia submetidos a reducao a zero;2;CADEIRA DE RODAS E OUTROS VEÍCULOS PARA DEFICIENTES, MESMO COM MOTOR OU OUTRO MECANISMO DE PROPULSÃO;Reducao a zero;100.0;0.0;IBS e CBS;NCM/SH;;;Nao informado;Art. 145, I;Sim;
648;465;XIII;Dispositivos de acessibilidade proprios para pessoas com deficiencia submetidos a reducao a zero;2.1;Sem mecanismo de propulsão;Reducao a zero;100.0;0.0;IBS e CBS;NCM/SH;8713.10.00;87131000;8 digitos (item completo);Art. 145, I;Nao;
649;466;XIII;Dispositivos de acessibilidade proprios para pessoas com deficiencia submetidos a reducao a zero;2.2;Cadeiras de rodas com motor ou outro mecanismo de propulsão e outros veículos para pessoas com incapacidade, mesmo com motor ou outro mecanismo de propulsão;Reducao a zero;100.0;0.0;IBS e CBS;NCM/SH;8713.90.00;87139000;8 digitos (item completo);Art. 145, I;Nao;
650;467;XIII;Dispositivos de acessibilidade proprios para pessoas com deficiencia submetidos a reducao a zero;3;Partes e acessórios destinados exclusivamente a aplicação em cadeiras de rodas ou em outros veículos para deficientes;Reducao a zero;100.0;0.0;IBS e CBS;NCM/SH;8714.20.00;87142000;8 digitos (item completo);Art. 145, I;Nao;
651;468;XIII;Dispositivos de acessibilidade proprios para pessoas com deficiencia submetidos a reducao a zero;4;Aparelhos para facilitar a audição dos surdos, exceto partes e acessórios;Reducao a zero;100.0;0.0;IBS e CBS;NCM/SH;9021.40.00;90214000;8 digitos (item completo);Art. 145, I;Nao;
652;469;XIII;Dispositivos de acessibilidade proprios para pessoas com deficiencia submetidos a reducao a zero;5;Partes e acessórios de aparelhos para facilitar a audição dos surdos;Reducao a zero;100.0;0.0;IBS e CBS;NCM/SH;9021.90.92;90219092;8 digitos (item completo);Art. 145, I;Nao;
653;470;XIII;Dispositivos de acessibilidade proprios para pessoas com deficiencia submetidos a reducao a zero;6;Implantes cocleares;Reducao a zero;100.0;0.0;IBS e CBS;NCM/SH;9021.90.19;90219019;8 digitos (item completo);Art. 145, I;Nao;
654;471;XIV;Medicamentos submetidos a reducao a zero - ANEXO REVOGADO pela Lei Complementar n. 227, de 13/01/2026;1;ABACAVIR;Revogado;100.0;0.0;IBS e CBS;NCM/SH;3004.90.69;30049069;8 digitos (item completo);Art. 146 (redacao original);Nao;ANEXO REVOGADO. A LC 227/2026 substituiu a lista por criterio de finalidade terapeutica no art. 146: doencas raras, doencas negligenciadas, oncologia, diabetes, HIV/aids e outras IST, doencas cardiovasculares e Programa Farmacia Popular. Mantido aqui apenas para historico e transicao
655;472;XIV;Medicamentos submetidos a reducao a zero - ANEXO REVOGADO pela Lei Complementar n. 227, de 13/01/2026;2;ABEMACICLIBE;Revogado;100.0;0.0;IBS e CBS;NCM/SH;3004.90.69;30049069;8 digitos (item completo);Art. 146 (redacao original);Nao;ANEXO REVOGADO. A LC 227/2026 substituiu a lista por criterio de finalidade terapeutica no art. 146: doencas raras, doencas negligenciadas, oncologia, diabetes, HIV/aids e outras IST, doencas cardiovasculares e Programa Farmacia Popular. Mantido aqui apenas para historico e transicao
656;473;XIV;Medicamentos submetidos a reducao a zero - ANEXO REVOGADO pela Lei Complementar n. 227, de 13/01/2026;3;ACALABRUTINIBE;Revogado;100.0;0.0;IBS e CBS;NCM/SH;3004.90.69;30049069;8 digitos (item completo);Art. 146 (redacao original);Nao;ANEXO REVOGADO. A LC 227/2026 substituiu a lista por criterio de finalidade terapeutica no art. 146: doencas raras, doencas negligenciadas, oncologia, diabetes, HIV/aids e outras IST, doencas cardiovasculares e Programa Farmacia Popular. Mantido aqui apenas para historico e transicao
657;474;XIV;Medicamentos submetidos a reducao a zero - ANEXO REVOGADO pela Lei Complementar n. 227, de 13/01/2026;4;ACEPONATO DE METILPREDNISOLONA;Revogado;100.0;0.0;IBS e CBS;NCM/SH;3004.32.10;30043210;8 digitos (item completo);Art. 146 (redacao original);Nao;ANEXO REVOGADO. A LC 227/2026 substituiu a lista por criterio de finalidade terapeutica no art. 146: doencas raras, doencas negligenciadas, oncologia, diabetes, HIV/aids e outras IST, doencas cardiovasculares e Programa Farmacia Popular. Mantido aqui apenas para historico e transicao
658;475;XIV;Medicamentos submetidos a reducao a zero - ANEXO REVOGADO pela Lei Complementar n. 227, de 13/01/2026;5;ACETATO DE ABIRATERONA;Revogado;100.0;0.0;IBS e CBS;NCM/SH;3004.32.90;30043290;8 digitos (item completo);Art. 146 (redacao original);Nao;ANEXO REVOGADO. A LC 227/2026 substituiu a lista por criterio de finalidade terapeutica no art. 146: doencas raras, doencas negligenciadas, oncologia, diabetes, HIV/aids e outras IST, doencas cardiovasculares e Programa Farmacia Popular. Mantido aqui apenas para historico e transicao
659;476;XIV;Medicamentos submetidos a reducao a zero - ANEXO REVOGADO pela Lei Complementar n. 227, de 13/01/2026;6;ACETATO DE CIPROTERONA;Revogado;100.0;0.0;IBS e CBS;NCM/SH;3004.39.39;30043939;8 digitos (item completo);Art. 146 (redacao original);Nao;ANEXO REVOGADO. A LC 227/2026 substituiu a lista por criterio de finalidade terapeutica no art. 146: doencas raras, doencas negligenciadas, oncologia, diabetes, HIV/aids e outras IST, doencas cardiovasculares e Programa Farmacia Popular. Mantido aqui apenas para historico e transicao
660;477;XIV;Medicamentos submetidos a reducao a zero - ANEXO REVOGADO pela Lei Complementar n. 227, de 13/01/2026;7;ACETATO DE DEGARELIX;Revogado;100.0;0.0;IBS e CBS;NCM/SH;3004.39.29;30043929;8 digitos (item completo);Art. 146 (redacao original);Nao;ANEXO REVOGADO. A LC 227/2026 substituiu a lista por criterio de finalidade terapeutica no art. 146: doencas raras, doencas negligenciadas, oncologia, diabetes, HIV/aids e outras IST, doencas cardiovasculares e Programa Farmacia Popular. Mantido aqui apenas para historico e transicao
661;478;XIV;Medicamentos submetidos a reducao a zero - ANEXO REVOGADO pela Lei Complementar n. 227, de 13/01/2026;8;ACETATO DE GOSSERRELINA;Revogado;100.0;0.0;IBS e CBS;NCM/SH;3004.39.27;30043927;8 digitos (item completo);Art. 146 (redacao original);Nao;ANEXO REVOGADO. A LC 227/2026 substituiu a lista por criterio de finalidade terapeutica no art. 146: doencas raras, doencas negligenciadas, oncologia, diabetes, HIV/aids e outras IST, doencas cardiovasculares e Programa Farmacia Popular. Mantido aqui apenas para historico e transicao
662;479;XIV;Medicamentos submetidos a reducao a zero - ANEXO REVOGADO pela Lei Complementar n. 227, de 13/01/2026;9;ACETATO DE LEUPRORRELINA;Revogado;100.0;0.0;IBS e CBS;NCM/SH;3004.39.19;30043919;8 digitos (item completo);Art. 146 (redacao original);Nao;ANEXO REVOGADO. A LC 227/2026 substituiu a lista por criterio de finalidade terapeutica no art. 146: doencas raras, doencas negligenciadas, oncologia, diabetes, HIV/aids e outras IST, doencas cardiovasculares e Programa Farmacia Popular. Mantido aqui apenas para historico e transicao
663;480;XIV;Medicamentos submetidos a reducao a zero - ANEXO REVOGADO pela Lei Complementar n. 227, de 13/01/2026;10;ACETATO DE MEGESTROL;Revogado;100.0;0.0;IBS e CBS;NCM/SH;3004.39.36;30043936;8 digitos (item completo);Art. 146 (redacao original);Nao;ANEXO REVOGADO. A LC 227/2026 substituiu a lista por criterio de finalidade terapeutica no art. 146: doencas raras, doencas negligenciadas, oncologia, diabetes, HIV/aids e outras IST, doencas cardiovasculares e Programa Farmacia Popular. Mantido aqui apenas para historico e transicao
664;481;XIV;Medicamentos submetidos a reducao a zero - ANEXO REVOGADO pela Lei Complementar n. 227, de 13/01/2026;11;ACETATO DE OCTREOTIDA;Revogado;100.0;0.0;IBS e CBS;NCM/SH;3004.39.29;30043929;8 digitos (item completo);Art. 146 (redacao original);Nao;ANEXO REVOGADO. A LC 227/2026 substituiu a lista por criterio de finalidade terapeutica no art. 146: doencas raras, doencas negligenciadas, oncologia, diabetes, HIV/aids e outras IST, doencas cardiovasculares e Programa Farmacia Popular. Mantido aqui apenas para historico e transicao
665;482;XIV;Medicamentos submetidos a reducao a zero - ANEXO REVOGADO pela Lei Complementar n. 227, de 13/01/2026;12;ACETATO DE TRIPTORRELINA;Revogado;100.0;0.0;IBS e CBS;NCM/SH;3004.39.18;30043918;8 digitos (item completo);Art. 146 (redacao original);Nao;ANEXO REVOGADO. A LC 227/2026 substituiu a lista por criterio de finalidade terapeutica no art. 146: doencas raras, doencas negligenciadas, oncologia, diabetes, HIV/aids e outras IST, doencas cardiovasculares e Programa Farmacia Popular. Mantido aqui apenas para historico e transicao
666;483;XIV;Medicamentos submetidos a reducao a zero - ANEXO REVOGADO pela Lei Complementar n. 227, de 13/01/2026;13;ACETATO DESMOPRESSINA;Revogado;100.0;0.0;IBS e CBS;NCM/SH;3004.39.29;30043929;8 digitos (item completo);Art. 146 (redacao original);Nao;ANEXO REVOGADO. A LC 227/2026 substituiu a lista por criterio de finalidade terapeutica no art. 146: doencas raras, doencas negligenciadas, oncologia, diabetes, HIV/aids e outras IST, doencas cardiovasculares e Programa Farmacia Popular. Mantido aqui apenas para historico e transicao
667;484;XIV;Medicamentos submetidos a reducao a zero - ANEXO REVOGADO pela Lei Complementar n. 227, de 13/01/2026;14;ÁCIDO FOLÍNICO (FÓLICO);Revogado;100.0;0.0;IBS e CBS;NCM/SH;3004.50.90;30045090;8 digitos (item completo);Art. 146 (redacao original);Nao;ANEXO REVOGADO. A LC 227/2026 substituiu a lista por criterio de finalidade terapeutica no art. 146: doencas raras, doencas negligenciadas, oncologia, diabetes, HIV/aids e outras IST, doencas cardiovasculares e Programa Farmacia Popular. Mantido aqui apenas para historico e transicao
668;485;XIV;Medicamentos submetidos a reducao a zero - ANEXO REVOGADO pela Lei Complementar n. 227, de 13/01/2026;15;ÁCIDO TRANEXÂMICO;Revogado;100.0;0.0;IBS e CBS;NCM/SH;3004.90.39;30049039;8 digitos (item completo);Art. 146 (redacao original);Nao;ANEXO REVOGADO. A LC 227/2026 substituiu a lista por criterio de finalidade terapeutica no art. 146: doencas raras, doencas negligenciadas, oncologia, diabetes, HIV/aids e outras IST, doencas cardiovasculares e Programa Farmacia Popular. Mantido aqui apenas para historico e transicao
669;486;XIV;Medicamentos submetidos a reducao a zero - ANEXO REVOGADO pela Lei Complementar n. 227, de 13/01/2026;16;ÁCIDO ZOLEDRÔNICO;Revogado;100.0;0.0;IBS e CBS;NCM/SH;3004.90.69;30049069;8 digitos (item completo);Art. 146 (redacao original);Nao;ANEXO REVOGADO. A LC 227/2026 substituiu a lista por criterio de finalidade terapeutica no art. 146: doencas raras, doencas negligenciadas, oncologia, diabetes, HIV/aids e outras IST, doencas cardiovasculares e Programa Farmacia Popular. Mantido aqui apenas para historico e transicao
670;487;XIV;Medicamentos submetidos a reducao a zero - ANEXO REVOGADO pela Lei Complementar n. 227, de 13/01/2026;17;ACITRETINA;Revogado;100.0;0.0;IBS e CBS;NCM/SH;3004.90.29;30049029;8 digitos (item completo);Art. 146 (redacao original);Nao;ANEXO REVOGADO. A LC 227/2026 substituiu a lista por criterio de finalidade terapeutica no art. 146: doencas raras, doencas negligenciadas, oncologia, diabetes, HIV/aids e outras IST, doencas cardiovasculares e Programa Farmacia Popular. Mantido aqui apenas para historico e transicao
671;488;XIV;Medicamentos submetidos a reducao a zero - ANEXO REVOGADO pela Lei Complementar n. 227, de 13/01/2026;18;AFLIBERCEPTE;Revogado;100.0;0.0;IBS e CBS;NCM/SH;3002.15.90;30021590;8 digitos (item completo);Art. 146 (redacao original);Nao;ANEXO REVOGADO. A LC 227/2026 substituiu a lista por criterio de finalidade terapeutica no art. 146: doencas raras, doencas negligenciadas, oncologia, diabetes, HIV/aids e outras IST, doencas cardiovasculares e Programa Farmacia Popular. Mantido aqui apenas para historico e transicao
672;489;XIV;Medicamentos submetidos a reducao a zero - ANEXO REVOGADO pela Lei Complementar n. 227, de 13/01/2026;19;ALBINTERFERONA ALFA-2B;Revogado;100.0;0.0;IBS e CBS;NCM/SH;3002.15.90;30021590;8 digitos (item completo);Art. 146 (redacao original);Nao;ANEXO REVOGADO. A LC 227/2026 substituiu a lista por criterio de finalidade terapeutica no art. 146: doencas raras, doencas negligenciadas, oncologia, diabetes, HIV/aids e outras IST, doencas cardiovasculares e Programa Farmacia Popular. Mantido aqui apenas para historico e transicao
673;490;XIV;Medicamentos submetidos a reducao a zero - ANEXO REVOGADO pela Lei Complementar n. 227, de 13/01/2026;20;ALBUMINA HUMANA;Revogado;100.0;0.0;IBS e CBS;NCM/SH;3002.12.39;30021239;8 digitos (item completo);Art. 146 (redacao original);Nao;ANEXO REVOGADO. A LC 227/2026 substituiu a lista por criterio de finalidade terapeutica no art. 146: doencas raras, doencas negligenciadas, oncologia, diabetes, HIV/aids e outras IST, doencas cardiovasculares e Programa Farmacia Popular. Mantido aqui apenas para historico e transicao
674;491;XIV;Medicamentos submetidos a reducao a zero - ANEXO REVOGADO pela Lei Complementar n. 227, de 13/01/2026;21;ALENDRONATO DE SÓDIO;Revogado;100.0;0.0;IBS e CBS;NCM/SH;3004.90.59;30049059;8 digitos (item completo);Art. 146 (redacao original);Nao;ANEXO REVOGADO. A LC 227/2026 substituiu a lista por criterio de finalidade terapeutica no art. 146: doencas raras, doencas negligenciadas, oncologia, diabetes, HIV/aids e outras IST, doencas cardiovasculares e Programa Farmacia Popular. Mantido aqui apenas para historico e transicao
675;492;XIV;Medicamentos submetidos a reducao a zero - ANEXO REVOGADO pela Lei Complementar n. 227, de 13/01/2026;22;ALENTUZUMABE;Revogado;100.0;0.0;IBS e CBS;NCM/SH;3002.15.90;30021590;8 digitos (item completo);Art. 146 (redacao original);Nao;ANEXO REVOGADO. A LC 227/2026 substituiu a lista por criterio de finalidade terapeutica no art. 146: doencas raras, doencas negligenciadas, oncologia, diabetes, HIV/aids e outras IST, doencas cardiovasculares e Programa Farmacia Popular. Mantido aqui apenas para historico e transicao
676;493;XIV;Medicamentos submetidos a reducao a zero - ANEXO REVOGADO pela Lei Complementar n. 227, de 13/01/2026;23;ALFA-ALGLICOSIDASE;Revogado;100.0;0.0;IBS e CBS;NCM/SH;3004.90.19;30049019;8 digitos (item completo);Art. 146 (redacao original);Nao;ANEXO REVOGADO. A LC 227/2026 substituiu a lista por criterio de finalidade terapeutica no art. 146: doencas raras, doencas negligenciadas, oncologia, diabetes, HIV/aids e outras IST, doencas cardiovasculares e Programa Farmacia Popular. Mantido aqui apenas para historico e transicao
677;494;XIV;Medicamentos submetidos a reducao a zero - ANEXO REVOGADO pela Lei Complementar n. 227, de 13/01/2026;24;ALFAELOSULFASE;Revogado;100.0;0.0;IBS e CBS;NCM/SH;3004.90.19;30049019;8 digitos (item completo);Art. 146 (redacao original);Nao;ANEXO REVOGADO. A LC 227/2026 substituiu a lista por criterio de finalidade terapeutica no art. 146: doencas raras, doencas negligenciadas, oncologia, diabetes, HIV/aids e outras IST, doencas cardiovasculares e Programa Farmacia Popular. Mantido aqui apenas para historico e transicao
678;495;XIV;Medicamentos submetidos a reducao a zero - ANEXO REVOGADO pela Lei Complementar n. 227, de 13/01/2026;25;ALFAEPOETINA;Revogado;100.0;0.0;IBS e CBS;NCM/SH;3002.12.39;30021239;8 digitos (item completo);Art. 146 (redacao original);Nao;ANEXO REVOGADO. A LC 227/2026 substituiu a lista por criterio de finalidade terapeutica no art. 146: doencas raras, doencas negligenciadas, oncologia, diabetes, HIV/aids e outras IST, doencas cardiovasculares e Programa Farmacia Popular. Mantido aqui apenas para historico e transicao
679;496;XIV;Medicamentos submetidos a reducao a zero - ANEXO REVOGADO pela Lei Complementar n. 227, de 13/01/2026;26;ALFAINTERFERONA;Revogado;100.0;0.0;IBS e CBS;NCM/SH;3002.15.90;30021590;8 digitos (item completo);Art. 146 (redacao original);Nao;ANEXO REVOGADO. A LC 227/2026 substituiu a lista por criterio de finalidade terapeutica no art. 146: doencas raras, doencas negligenciadas, oncologia, diabetes, HIV/aids e outras IST, doencas cardiovasculares e Programa Farmacia Popular. Mantido aqui apenas para historico e transicao
680;497;XIV;Medicamentos submetidos a reducao a zero - ANEXO REVOGADO pela Lei Complementar n. 227, de 13/01/2026;27;ALFAPEGINTERFERONA 2A;Revogado;100.0;0.0;IBS e CBS;NCM/SH;3002.15.10;30021510;8 digitos (item completo);Art. 146 (redacao original);Nao;ANEXO REVOGADO. A LC 227/2026 substituiu a lista por criterio de finalidade terapeutica no art. 146: doencas raras, doencas negligenciadas, oncologia, diabetes, HIV/aids e outras IST, doencas cardiovasculares e Programa Farmacia Popular. Mantido aqui apenas para historico e transicao
681;498;XIV;Medicamentos submetidos a reducao a zero - ANEXO REVOGADO pela Lei Complementar n. 227, de 13/01/2026;28;ALFAPEGINTERFERONA 2B;Revogado;100.0;0.0;IBS e CBS;NCM/SH;3002.15.90;30021590;8 digitos (item completo);Art. 146 (redacao original);Nao;ANEXO REVOGADO. A LC 227/2026 substituiu a lista por criterio de finalidade terapeutica no art. 146: doencas raras, doencas negligenciadas, oncologia, diabetes, HIV/aids e outras IST, doencas cardiovasculares e Programa Farmacia Popular. Mantido aqui apenas para historico e transicao
682;499;XIV;Medicamentos submetidos a reducao a zero - ANEXO REVOGADO pela Lei Complementar n. 227, de 13/01/2026;29;ALFATIROTROPINA;Revogado;100.0;0.0;IBS e CBS;NCM/SH;3004.39.29;30043929;8 digitos (item completo);Art. 146 (redacao original);Nao;ANEXO REVOGADO. A LC 227/2026 substituiu a lista por criterio de finalidade terapeutica no art. 146: doencas raras, doencas negligenciadas, oncologia, diabetes, HIV/aids e outras IST, doencas cardiovasculares e Programa Farmacia Popular. Mantido aqui apenas para historico e transicao
683;500;XIV;Medicamentos submetidos a reducao a zero - ANEXO REVOGADO pela Lei Complementar n. 227, de 13/01/2026;30;ALFAVESTRONIDASE;Revogado;100.0;0.0;IBS e CBS;NCM/SH;3004.90.19;30049019;8 digitos (item completo);Art. 146 (redacao original);Nao;ANEXO REVOGADO. A LC 227/2026 substituiu a lista por criterio de finalidade terapeutica no art. 146: doencas raras, doencas negligenciadas, oncologia, diabetes, HIV/aids e outras IST, doencas cardiovasculares e Programa Farmacia Popular. Mantido aqui apenas para historico e transicao
684;501;XIV;Medicamentos submetidos a reducao a zero - ANEXO REVOGADO pela Lei Complementar n. 227, de 13/01/2026;31;ALPELISIBE;Revogado;100.0;0.0;IBS e CBS;NCM/SH;3004.90.79;30049079;8 digitos (item completo);Art. 146 (redacao original);Nao;ANEXO REVOGADO. A LC 227/2026 substituiu a lista por criterio de finalidade terapeutica no art. 146: doencas raras, doencas negligenciadas, oncologia, diabetes, HIV/aids e outras IST, doencas cardiovasculares e Programa Farmacia Popular. Mantido aqui apenas para historico e transicao
685;502;XIV;Medicamentos submetidos a reducao a zero - ANEXO REVOGADO pela Lei Complementar n. 227, de 13/01/2026;32;ALTEPLASE;Revogado;100.0;0.0;IBS e CBS;NCM/SH;3004.90.19;30049019;8 digitos (item completo);Art. 146 (redacao original);Nao;ANEXO REVOGADO. A LC 227/2026 substituiu a lista por criterio de finalidade terapeutica no art. 146: doencas raras, doencas negligenciadas, oncologia, diabetes, HIV/aids e outras IST, doencas cardiovasculares e Programa Farmacia Popular. Mantido aqui apenas para historico e transicao
686;503;XIV;Medicamentos submetidos a reducao a zero - ANEXO REVOGADO pela Lei Complementar n. 227, de 13/01/2026;33;AMBRISENTANA;Revogado;100.0;0.0;IBS e CBS;NCM/SH;3004.90.79;30049079;8 digitos (item completo);Art. 146 (redacao original);Nao;ANEXO REVOGADO. A LC 227/2026 substituiu a lista por criterio de finalidade terapeutica no art. 146: doencas raras, doencas negligenciadas, oncologia, diabetes, HIV/aids e outras IST, doencas cardiovasculares e Programa Farmacia Popular. Mantido aqui apenas para historico e transicao
687;504;XIV;Medicamentos submetidos a reducao a zero - ANEXO REVOGADO pela Lei Complementar n. 227, de 13/01/2026;34;AMIFOSTINA;Revogado;100.0;0.0;IBS e CBS;NCM/SH;3004.90.59;30049059;8 digitos (item completo);Art. 146 (redacao original);Nao;ANEXO REVOGADO. A LC 227/2026 substituiu a lista por criterio de finalidade terapeutica no art. 146: doencas raras, doencas negligenciadas, oncologia, diabetes, HIV/aids e outras IST, doencas cardiovasculares e Programa Farmacia Popular. Mantido aqui apenas para historico e transicao
688;505;XIV;Medicamentos submetidos a reducao a zero - ANEXO REVOGADO pela Lei Complementar n. 227, de 13/01/2026;35;ANASTROZOL;Revogado;100.0;0.0;IBS e CBS;NCM/SH;3004.90.69;30049069;8 digitos (item completo);Art. 146 (redacao original);Nao;ANEXO REVOGADO. A LC 227/2026 substituiu a lista por criterio de finalidade terapeutica no art. 146: doencas raras, doencas negligenciadas, oncologia, diabetes, HIV/aids e outras IST, doencas cardiovasculares e Programa Farmacia Popular. Mantido aqui apenas para historico e transicao
689;506;XIV;Medicamentos submetidos a reducao a zero - ANEXO REVOGADO pela Lei Complementar n. 227, de 13/01/2026;36;ANFOTERICINA B;Revogado;100.0;0.0;IBS e CBS;NCM/SH;3004.20.99;30042099;8 digitos (item completo);Art. 146 (redacao original);Nao;ANEXO REVOGADO. A LC 227/2026 substituiu a lista por criterio de finalidade terapeutica no art. 146: doencas raras, doencas negligenciadas, oncologia, diabetes, HIV/aids e outras IST, doencas cardiovasculares e Programa Farmacia Popular. Mantido aqui apenas para historico e transicao
690;507;XIV;Medicamentos submetidos a reducao a zero - ANEXO REVOGADO pela Lei Complementar n. 227, de 13/01/2026;37;ANFOTERICINA B EM LIPOSSOMAS;Revogado;100.0;0.0;IBS e CBS;NCM/SH;3004.20.95;30042095;8 digitos (item completo);Art. 146 (redacao original);Nao;ANEXO REVOGADO. A LC 227/2026 substituiu a lista por criterio de finalidade terapeutica no art. 146: doencas raras, doencas negligenciadas, oncologia, diabetes, HIV/aids e outras IST, doencas cardiovasculares e Programa Farmacia Popular. Mantido aqui apenas para historico e transicao
691;508;XIV;Medicamentos submetidos a reducao a zero - ANEXO REVOGADO pela Lei Complementar n. 227, de 13/01/2026;38;ANTIMONIAL PENTAVALENTE;Revogado;100.0;0.0;IBS e CBS;NCM/SH;3004.90.29;30049029;8 digitos (item completo);Art. 146 (redacao original);Nao;ANEXO REVOGADO. A LC 227/2026 substituiu a lista por criterio de finalidade terapeutica no art. 146: doencas raras, doencas negligenciadas, oncologia, diabetes, HIV/aids e outras IST, doencas cardiovasculares e Programa Farmacia Popular. Mantido aqui apenas para historico e transicao
692;509;XIV;Medicamentos submetidos a reducao a zero - ANEXO REVOGADO pela Lei Complementar n. 227, de 13/01/2026;39;APALUTAMIDA;Revogado;100.0;0.0;IBS e CBS;NCM/SH;3004.90.69;30049069;8 digitos (item completo);Art. 146 (redacao original);Nao;ANEXO REVOGADO. A LC 227/2026 substituiu a lista por criterio de finalidade terapeutica no art. 146: doencas raras, doencas negligenciadas, oncologia, diabetes, HIV/aids e outras IST, doencas cardiovasculares e Programa Farmacia Popular. Mantido aqui apenas para historico e transicao
693;510;XIV;Medicamentos submetidos a reducao a zero - ANEXO REVOGADO pela Lei Complementar n. 227, de 13/01/2026;40;APREPITANTO;Revogado;100.0;0.0;IBS e CBS;NCM/SH;3004.90.78;30049078;8 digitos (item completo);Art. 146 (redacao original);Nao;ANEXO REVOGADO. A LC 227/2026 substituiu a lista por criterio de finalidade terapeutica no art. 146: doencas raras, doencas negligenciadas, oncologia, diabetes, HIV/aids e outras IST, doencas cardiovasculares e Programa Farmacia Popular. Mantido aqui apenas para historico e transicao
694;511;XIV;Medicamentos submetidos a reducao a zero - ANEXO REVOGADO pela Lei Complementar n. 227, de 13/01/2026;41;ARTEMÉTER;Revogado;100.0;0.0;IBS e CBS;NCM/SH;3004.60.00;30046000;8 digitos (item completo);Art. 146 (redacao original);Nao;ANEXO REVOGADO. A LC 227/2026 substituiu a lista por criterio de finalidade terapeutica no art. 146: doencas raras, doencas negligenciadas, oncologia, diabetes, HIV/aids e outras IST, doencas cardiovasculares e Programa Farmacia Popular. Mantido aqui apenas para historico e transicao
695;512;XIV;Medicamentos submetidos a reducao a zero - ANEXO REVOGADO pela Lei Complementar n. 227, de 13/01/2026;42;ARTEMÉTER + LUMEFANTRINA;Revogado;100.0;0.0;IBS e CBS;NCM/SH;3004.60.00;30046000;8 digitos (item completo);Art. 146 (redacao original);Nao;ANEXO REVOGADO. A LC 227/2026 substituiu a lista por criterio de finalidade terapeutica no art. 146: doencas raras, doencas negligenciadas, oncologia, diabetes, HIV/aids e outras IST, doencas cardiovasculares e Programa Farmacia Popular. Mantido aqui apenas para historico e transicao
696;513;XIV;Medicamentos submetidos a reducao a zero - ANEXO REVOGADO pela Lei Complementar n. 227, de 13/01/2026;43;ARTESUNATO + CLORIDRATO MEFLOQUINA;Revogado;100.0;0.0;IBS e CBS;NCM/SH;3004.60.00;30046000;8 digitos (item completo);Art. 146 (redacao original);Nao;ANEXO REVOGADO. A LC 227/2026 substituiu a lista por criterio de finalidade terapeutica no art. 146: doencas raras, doencas negligenciadas, oncologia, diabetes, HIV/aids e outras IST, doencas cardiovasculares e Programa Farmacia Popular. Mantido aqui apenas para historico e transicao
697;514;XIV;Medicamentos submetidos a reducao a zero - ANEXO REVOGADO pela Lei Complementar n. 227, de 13/01/2026;44;ARTESUNATO DE SÓDIO;Revogado;100.0;0.0;IBS e CBS;NCM/SH;3004.60.00;30046000;8 digitos (item completo);Art. 146 (redacao original);Nao;ANEXO REVOGADO. A LC 227/2026 substituiu a lista por criterio de finalidade terapeutica no art. 146: doencas raras, doencas negligenciadas, oncologia, diabetes, HIV/aids e outras IST, doencas cardiovasculares e Programa Farmacia Popular. Mantido aqui apenas para historico e transicao
698;515;XIV;Medicamentos submetidos a reducao a zero - ANEXO REVOGADO pela Lei Complementar n. 227, de 13/01/2026;45;ASPARAGINASE;Revogado;100.0;0.0;IBS e CBS;NCM/SH;3004.90.12;30049012;8 digitos (item completo);Art. 146 (redacao original);Nao;ANEXO REVOGADO. A LC 227/2026 substituiu a lista por criterio de finalidade terapeutica no art. 146: doencas raras, doencas negligenciadas, oncologia, diabetes, HIV/aids e outras IST, doencas cardiovasculares e Programa Farmacia Popular. Mantido aqui apenas para historico e transicao
699;516;XIV;Medicamentos submetidos a reducao a zero - ANEXO REVOGADO pela Lei Complementar n. 227, de 13/01/2026;46;ATENOLOL;Revogado;100.0;0.0;IBS e CBS;NCM/SH;3004.90.42;30049042;8 digitos (item completo);Art. 146 (redacao original);Nao;ANEXO REVOGADO. A LC 227/2026 substituiu a lista por criterio de finalidade terapeutica no art. 146: doencas raras, doencas negligenciadas, oncologia, diabetes, HIV/aids e outras IST, doencas cardiovasculares e Programa Farmacia Popular. Mantido aqui apenas para historico e transicao
700;517;XIV;Medicamentos submetidos a reducao a zero - ANEXO REVOGADO pela Lei Complementar n. 227, de 13/01/2026;47;ATEZOLIZUMABE;Revogado;100.0;0.0;IBS e CBS;NCM/SH;3002.15.90;30021590;8 digitos (item completo);Art. 146 (redacao original);Nao;ANEXO REVOGADO. A LC 227/2026 substituiu a lista por criterio de finalidade terapeutica no art. 146: doencas raras, doencas negligenciadas, oncologia, diabetes, HIV/aids e outras IST, doencas cardiovasculares e Programa Farmacia Popular. Mantido aqui apenas para historico e transicao
701;518;XIV;Medicamentos submetidos a reducao a zero - ANEXO REVOGADO pela Lei Complementar n. 227, de 13/01/2026;48;AVELUMABE;Revogado;100.0;0.0;IBS e CBS;NCM/SH;3002.15.90;30021590;8 digitos (item completo);Art. 146 (redacao original);Nao;ANEXO REVOGADO. A LC 227/2026 substituiu a lista por criterio de finalidade terapeutica no art. 146: doencas raras, doencas negligenciadas, oncologia, diabetes, HIV/aids e outras IST, doencas cardiovasculares e Programa Farmacia Popular. Mantido aqui apenas para historico e transicao
702;519;XIV;Medicamentos submetidos a reducao a zero - ANEXO REVOGADO pela Lei Complementar n. 227, de 13/01/2026;49;AXITINIBE;Revogado;100.0;0.0;IBS e CBS;NCM/SH;3004.90.69;30049069;8 digitos (item completo);Art. 146 (redacao original);Nao;ANEXO REVOGADO. A LC 227/2026 substituiu a lista por criterio de finalidade terapeutica no art. 146: doencas raras, doencas negligenciadas, oncologia, diabetes, HIV/aids e outras IST, doencas cardiovasculares e Programa Farmacia Popular. Mantido aqui apenas para historico e transicao
703;520;XIV;Medicamentos submetidos a reducao a zero - ANEXO REVOGADO pela Lei Complementar n. 227, de 13/01/2026;50;AZACITIDINA;Revogado;100.0;0.0;IBS e CBS;NCM/SH;3004.90.79;30049079;8 digitos (item completo);Art. 146 (redacao original);Nao;ANEXO REVOGADO. A LC 227/2026 substituiu a lista por criterio de finalidade terapeutica no art. 146: doencas raras, doencas negligenciadas, oncologia, diabetes, HIV/aids e outras IST, doencas cardiovasculares e Programa Farmacia Popular. Mantido aqui apenas para historico e transicao
704;521;XIV;Medicamentos submetidos a reducao a zero - ANEXO REVOGADO pela Lei Complementar n. 227, de 13/01/2026;51;AZATIOPRINA;Revogado;100.0;0.0;IBS e CBS;NCM/SH;3004.90.66;30049066;8 digitos (item completo);Art. 146 (redacao original);Nao;ANEXO REVOGADO. A LC 227/2026 substituiu a lista por criterio de finalidade terapeutica no art. 146: doencas raras, doencas negligenciadas, oncologia, diabetes, HIV/aids e outras IST, doencas cardiovasculares e Programa Farmacia Popular. Mantido aqui apenas para historico e transicao
705;522;XIV;Medicamentos submetidos a reducao a zero - ANEXO REVOGADO pela Lei Complementar n. 227, de 13/01/2026;52;BARICITINIBE;Revogado;100.0;0.0;IBS e CBS;NCM/SH;3004.90.79;30049079;8 digitos (item completo);Art. 146 (redacao original);Nao;ANEXO REVOGADO. A LC 227/2026 substituiu a lista por criterio de finalidade terapeutica no art. 146: doencas raras, doencas negligenciadas, oncologia, diabetes, HIV/aids e outras IST, doencas cardiovasculares e Programa Farmacia Popular. Mantido aqui apenas para historico e transicao
706;523;XIV;Medicamentos submetidos a reducao a zero - ANEXO REVOGADO pela Lei Complementar n. 227, de 13/01/2026;53;BENZONIDAZOL;Revogado;100.0;0.0;IBS e CBS;NCM/SH;3004.90.69;30049069;8 digitos (item completo);Art. 146 (redacao original);Nao;ANEXO REVOGADO. A LC 227/2026 substituiu a lista por criterio de finalidade terapeutica no art. 146: doencas raras, doencas negligenciadas, oncologia, diabetes, HIV/aids e outras IST, doencas cardiovasculares e Programa Farmacia Popular. Mantido aqui apenas para historico e transicao
707;524;XIV;Medicamentos submetidos a reducao a zero - ANEXO REVOGADO pela Lei Complementar n. 227, de 13/01/2026;54;BESILATO DE ANLODIPINO;Revogado;100.0;0.0;IBS e CBS;NCM/SH;3004.90.69;30049069;8 digitos (item completo);Art. 146 (redacao original);Nao;ANEXO REVOGADO. A LC 227/2026 substituiu a lista por criterio de finalidade terapeutica no art. 146: doencas raras, doencas negligenciadas, oncologia, diabetes, HIV/aids e outras IST, doencas cardiovasculares e Programa Farmacia Popular. Mantido aqui apenas para historico e transicao
708;525;XIV;Medicamentos submetidos a reducao a zero - ANEXO REVOGADO pela Lei Complementar n. 227, de 13/01/2026;55;BETAEPOETINA;Revogado;100.0;0.0;IBS e CBS;NCM/SH;3002.12.39;30021239;8 digitos (item completo);Art. 146 (redacao original);Nao;ANEXO REVOGADO. A LC 227/2026 substituiu a lista por criterio de finalidade terapeutica no art. 146: doencas raras, doencas negligenciadas, oncologia, diabetes, HIV/aids e outras IST, doencas cardiovasculares e Programa Farmacia Popular. Mantido aqui apenas para historico e transicao
709;526;XIV;Medicamentos submetidos a reducao a zero - ANEXO REVOGADO pela Lei Complementar n. 227, de 13/01/2026;56;BEVACIZUMABE;Revogado;100.0;0.0;IBS e CBS;NCM/SH;3002.15.20;30021520;8 digitos (item completo);Art. 146 (redacao original);Nao;ANEXO REVOGADO. A LC 227/2026 substituiu a lista por criterio de finalidade terapeutica no art. 146: doencas raras, doencas negligenciadas, oncologia, diabetes, HIV/aids e outras IST, doencas cardiovasculares e Programa Farmacia Popular. Mantido aqui apenas para historico e transicao
710;527;XIV;Medicamentos submetidos a reducao a zero - ANEXO REVOGADO pela Lei Complementar n. 227, de 13/01/2026;57;BICALUTAMIDA;Revogado;100.0;0.0;IBS e CBS;NCM/SH;3004.90.59;30049059;8 digitos (item completo);Art. 146 (redacao original);Nao;ANEXO REVOGADO. A LC 227/2026 substituiu a lista por criterio de finalidade terapeutica no art. 146: doencas raras, doencas negligenciadas, oncologia, diabetes, HIV/aids e outras IST, doencas cardiovasculares e Programa Farmacia Popular. Mantido aqui apenas para historico e transicao
711;528;XIV;Medicamentos submetidos a reducao a zero - ANEXO REVOGADO pela Lei Complementar n. 227, de 13/01/2026;58;BIOTINA;Revogado;100.0;0.0;IBS e CBS;NCM/SH;2936.29.31;29362931;8 digitos (item completo);Art. 146 (redacao original);Nao;ANEXO REVOGADO. A LC 227/2026 substituiu a lista por criterio de finalidade terapeutica no art. 146: doencas raras, doencas negligenciadas, oncologia, diabetes, HIV/aids e outras IST, doencas cardiovasculares e Programa Farmacia Popular. Mantido aqui apenas para historico e transicao
712;529;XIV;Medicamentos submetidos a reducao a zero - ANEXO REVOGADO pela Lei Complementar n. 227, de 13/01/2026;59;BLINATUMOMABE;Revogado;100.0;0.0;IBS e CBS;NCM/SH;3002.15.90;30021590;8 digitos (item completo);Art. 146 (redacao original);Nao;ANEXO REVOGADO. A LC 227/2026 substituiu a lista por criterio de finalidade terapeutica no art. 146: doencas raras, doencas negligenciadas, oncologia, diabetes, HIV/aids e outras IST, doencas cardiovasculares e Programa Farmacia Popular. Mantido aqui apenas para historico e transicao
713;530;XIV;Medicamentos submetidos a reducao a zero - ANEXO REVOGADO pela Lei Complementar n. 227, de 13/01/2026;60;BORTEZOMIBE;Revogado;100.0;0.0;IBS e CBS;NCM/SH;3004.90.68;30049068;8 digitos (item completo);Art. 146 (redacao original);Nao;ANEXO REVOGADO. A LC 227/2026 substituiu a lista por criterio de finalidade terapeutica no art. 146: doencas raras, doencas negligenciadas, oncologia, diabetes, HIV/aids e outras IST, doencas cardiovasculares e Programa Farmacia Popular. Mantido aqui apenas para historico e transicao
714;531;XIV;Medicamentos submetidos a reducao a zero - ANEXO REVOGADO pela Lei Complementar n. 227, de 13/01/2026;61;BRENTUXIMABE VEDOTINA;Revogado;100.0;0.0;IBS e CBS;NCM/SH;3002.15.90;30021590;8 digitos (item completo);Art. 146 (redacao original);Nao;ANEXO REVOGADO. A LC 227/2026 substituiu a lista por criterio de finalidade terapeutica no art. 146: doencas raras, doencas negligenciadas, oncologia, diabetes, HIV/aids e outras IST, doencas cardiovasculares e Programa Farmacia Popular. Mantido aqui apenas para historico e transicao
715;532;XIV;Medicamentos submetidos a reducao a zero - ANEXO REVOGADO pela Lei Complementar n. 227, de 13/01/2026;62;BRIGATINIBE;Revogado;100.0;0.0;IBS e CBS;NCM/SH;3004.90.69;30049069;8 digitos (item completo);Art. 146 (redacao original);Nao;ANEXO REVOGADO. A LC 227/2026 substituiu a lista por criterio de finalidade terapeutica no art. 146: doencas raras, doencas negligenciadas, oncologia, diabetes, HIV/aids e outras IST, doencas cardiovasculares e Programa Farmacia Popular. Mantido aqui apenas para historico e transicao
716;533;XIV;Medicamentos submetidos a reducao a zero - ANEXO REVOGADO pela Lei Complementar n. 227, de 13/01/2026;63;BROMETO DE IPRATRÓPIO;Revogado;100.0;0.0;IBS e CBS;NCM/SH;3004.49.90;30044990;8 digitos (item completo);Art. 146 (redacao original);Nao;ANEXO REVOGADO. A LC 227/2026 substituiu a lista por criterio de finalidade terapeutica no art. 146: doencas raras, doencas negligenciadas, oncologia, diabetes, HIV/aids e outras IST, doencas cardiovasculares e Programa Farmacia Popular. Mantido aqui apenas para historico e transicao
717;534;XIV;Medicamentos submetidos a reducao a zero - ANEXO REVOGADO pela Lei Complementar n. 227, de 13/01/2026;64;BUDESONIDA;Revogado;100.0;0.0;IBS e CBS;NCM/SH;3004.39.99;30043999;8 digitos (item completo);Art. 146 (redacao original);Nao;ANEXO REVOGADO. A LC 227/2026 substituiu a lista por criterio de finalidade terapeutica no art. 146: doencas raras, doencas negligenciadas, oncologia, diabetes, HIV/aids e outras IST, doencas cardiovasculares e Programa Farmacia Popular. Mantido aqui apenas para historico e transicao
718;535;XIV;Medicamentos submetidos a reducao a zero - ANEXO REVOGADO pela Lei Complementar n. 227, de 13/01/2026;65;BUROSUMABE;Revogado;100.0;0.0;IBS e CBS;NCM/SH;3002.15.80;30021580;8 digitos (item completo);Art. 146 (redacao original);Nao;ANEXO REVOGADO. A LC 227/2026 substituiu a lista por criterio de finalidade terapeutica no art. 146: doencas raras, doencas negligenciadas, oncologia, diabetes, HIV/aids e outras IST, doencas cardiovasculares e Programa Farmacia Popular. Mantido aqui apenas para historico e transicao
719;536;XIV;Medicamentos submetidos a reducao a zero - ANEXO REVOGADO pela Lei Complementar n. 227, de 13/01/2026;66;BUSSULFANO;Revogado;100.0;0.0;IBS e CBS;NCM/SH;3004.90.95;30049095;8 digitos (item completo);Art. 146 (redacao original);Nao;ANEXO REVOGADO. A LC 227/2026 substituiu a lista por criterio de finalidade terapeutica no art. 146: doencas raras, doencas negligenciadas, oncologia, diabetes, HIV/aids e outras IST, doencas cardiovasculares e Programa Farmacia Popular. Mantido aqui apenas para historico e transicao
720;537;XIV;Medicamentos submetidos a reducao a zero - ANEXO REVOGADO pela Lei Complementar n. 227, de 13/01/2026;67;CABAZITAXEL;Revogado;100.0;0.0;IBS e CBS;NCM/SH;3004.90.59;30049059;8 digitos (item completo);Art. 146 (redacao original);Nao;ANEXO REVOGADO. A LC 227/2026 substituiu a lista por criterio de finalidade terapeutica no art. 146: doencas raras, doencas negligenciadas, oncologia, diabetes, HIV/aids e outras IST, doencas cardiovasculares e Programa Farmacia Popular. Mantido aqui apenas para historico e transicao
721;538;XIV;Medicamentos submetidos a reducao a zero - ANEXO REVOGADO pela Lei Complementar n. 227, de 13/01/2026;68;CAPECITABINA;Revogado;100.0;0.0;IBS e CBS;NCM/SH;3004.90.79;30049079;8 digitos (item completo);Art. 146 (redacao original);Nao;ANEXO REVOGADO. A LC 227/2026 substituiu a lista por criterio de finalidade terapeutica no art. 146: doencas raras, doencas negligenciadas, oncologia, diabetes, HIV/aids e outras IST, doencas cardiovasculares e Programa Farmacia Popular. Mantido aqui apenas para historico e transicao
722;539;XIV;Medicamentos submetidos a reducao a zero - ANEXO REVOGADO pela Lei Complementar n. 227, de 13/01/2026;69;CARBIDOPA + LEVODOPA;Revogado;100.0;0.0;IBS e CBS;NCM/SH;3004.90.35;30049035;8 digitos (item completo);Art. 146 (redacao original);Nao;ANEXO REVOGADO. A LC 227/2026 substituiu a lista por criterio de finalidade terapeutica no art. 146: doencas raras, doencas negligenciadas, oncologia, diabetes, HIV/aids e outras IST, doencas cardiovasculares e Programa Farmacia Popular. Mantido aqui apenas para historico e transicao
723;540;XIV;Medicamentos submetidos a reducao a zero - ANEXO REVOGADO pela Lei Complementar n. 227, de 13/01/2026;70;CARBOPLATINA;Revogado;100.0;0.0;IBS e CBS;NCM/SH;3004.90.99;30049099;8 digitos (item completo);Art. 146 (redacao original);Nao;ANEXO REVOGADO. A LC 227/2026 substituiu a lista por criterio de finalidade terapeutica no art. 146: doencas raras, doencas negligenciadas, oncologia, diabetes, HIV/aids e outras IST, doencas cardiovasculares e Programa Farmacia Popular. Mantido aqui apenas para historico e transicao
724;541;XIV;Medicamentos submetidos a reducao a zero - ANEXO REVOGADO pela Lei Complementar n. 227, de 13/01/2026;71;CARFILZOMIBE;Revogado;100.0;0.0;IBS e CBS;NCM/SH;3004.90.79;30049079;8 digitos (item completo);Art. 146 (redacao original);Nao;ANEXO REVOGADO. A LC 227/2026 substituiu a lista por criterio de finalidade terapeutica no art. 146: doencas raras, doencas negligenciadas, oncologia, diabetes, HIV/aids e outras IST, doencas cardiovasculares e Programa Farmacia Popular. Mantido aqui apenas para historico e transicao
725;542;XIV;Medicamentos submetidos a reducao a zero - ANEXO REVOGADO pela Lei Complementar n. 227, de 13/01/2026;72;CARMUSTINA;Revogado;100.0;0.0;IBS e CBS;NCM/SH;3004.90.48;30049048;8 digitos (item completo);Art. 146 (redacao original);Nao;ANEXO REVOGADO. A LC 227/2026 substituiu a lista por criterio de finalidade terapeutica no art. 146: doencas raras, doencas negligenciadas, oncologia, diabetes, HIV/aids e outras IST, doencas cardiovasculares e Programa Farmacia Popular. Mantido aqui apenas para historico e transicao
726;543;XIV;Medicamentos submetidos a reducao a zero - ANEXO REVOGADO pela Lei Complementar n. 227, de 13/01/2026;73;CEFALOTINA;Revogado;100.0;0.0;IBS e CBS;NCM/SH;3004.20.59;30042059;8 digitos (item completo);Art. 146 (redacao original);Nao;ANEXO REVOGADO. A LC 227/2026 substituiu a lista por criterio de finalidade terapeutica no art. 146: doencas raras, doencas negligenciadas, oncologia, diabetes, HIV/aids e outras IST, doencas cardiovasculares e Programa Farmacia Popular. Mantido aqui apenas para historico e transicao
727;544;XIV;Medicamentos submetidos a reducao a zero - ANEXO REVOGADO pela Lei Complementar n. 227, de 13/01/2026;74;CEFOXITINA;Revogado;100.0;0.0;IBS e CBS;NCM/SH;3004.20.59;30042059;8 digitos (item completo);Art. 146 (redacao original);Nao;ANEXO REVOGADO. A LC 227/2026 substituiu a lista por criterio de finalidade terapeutica no art. 146: doencas raras, doencas negligenciadas, oncologia, diabetes, HIV/aids e outras IST, doencas cardiovasculares e Programa Farmacia Popular. Mantido aqui apenas para historico e transicao
728;545;XIV;Medicamentos submetidos a reducao a zero - ANEXO REVOGADO pela Lei Complementar n. 227, de 13/01/2026;75;CEFTAZIDIMA;Revogado;100.0;0.0;IBS e CBS;NCM/SH;3004.20.59;30042059;8 digitos (item completo);Art. 146 (redacao original);Nao;ANEXO REVOGADO. A LC 227/2026 substituiu a lista por criterio de finalidade terapeutica no art. 146: doencas raras, doencas negligenciadas, oncologia, diabetes, HIV/aids e outras IST, doencas cardiovasculares e Programa Farmacia Popular. Mantido aqui apenas para historico e transicao
729;546;XIV;Medicamentos submetidos a reducao a zero - ANEXO REVOGADO pela Lei Complementar n. 227, de 13/01/2026;76;CELECOXIBE;Revogado;100.0;0.0;IBS e CBS;NCM/SH;3004.90.79;30049079;8 digitos (item completo);Art. 146 (redacao original);Nao;ANEXO REVOGADO. A LC 227/2026 substituiu a lista por criterio de finalidade terapeutica no art. 146: doencas raras, doencas negligenciadas, oncologia, diabetes, HIV/aids e outras IST, doencas cardiovasculares e Programa Farmacia Popular. Mantido aqui apenas para historico e transicao
730;547;XIV;Medicamentos submetidos a reducao a zero - ANEXO REVOGADO pela Lei Complementar n. 227, de 13/01/2026;77;CETUXIMABE;Revogado;100.0;0.0;IBS e CBS;NCM/SH;3002.15.90;30021590;8 digitos (item completo);Art. 146 (redacao original);Nao;ANEXO REVOGADO. A LC 227/2026 substituiu a lista por criterio de finalidade terapeutica no art. 146: doencas raras, doencas negligenciadas, oncologia, diabetes, HIV/aids e outras IST, doencas cardiovasculares e Programa Farmacia Popular. Mantido aqui apenas para historico e transicao
731;548;XIV;Medicamentos submetidos a reducao a zero - ANEXO REVOGADO pela Lei Complementar n. 227, de 13/01/2026;78;CICLOFOSFAMIDA;Revogado;100.0;0.0;IBS e CBS;NCM/SH;3004.90.79;30049079;8 digitos (item completo);Art. 146 (redacao original);Nao;ANEXO REVOGADO. A LC 227/2026 substituiu a lista por criterio de finalidade terapeutica no art. 146: doencas raras, doencas negligenciadas, oncologia, diabetes, HIV/aids e outras IST, doencas cardiovasculares e Programa Farmacia Popular. Mantido aqui apenas para historico e transicao
732;549;XIV;Medicamentos submetidos a reducao a zero - ANEXO REVOGADO pela Lei Complementar n. 227, de 13/01/2026;79;CILASTATINA SÓDICA + IMIPENEM;Revogado;100.0;0.0;IBS e CBS;NCM/SH;3004.20.94;30042094;8 digitos (item completo);Art. 146 (redacao original);Nao;ANEXO REVOGADO. A LC 227/2026 substituiu a lista por criterio de finalidade terapeutica no art. 146: doencas raras, doencas negligenciadas, oncologia, diabetes, HIV/aids e outras IST, doencas cardiovasculares e Programa Farmacia Popular. Mantido aqui apenas para historico e transicao
733;550;XIV;Medicamentos submetidos a reducao a zero - ANEXO REVOGADO pela Lei Complementar n. 227, de 13/01/2026;80;CISPLATINA;Revogado;100.0;0.0;IBS e CBS;NCM/SH;3004.90.99;30049099;8 digitos (item completo);Art. 146 (redacao original);Nao;ANEXO REVOGADO. A LC 227/2026 substituiu a lista por criterio de finalidade terapeutica no art. 146: doencas raras, doencas negligenciadas, oncologia, diabetes, HIV/aids e outras IST, doencas cardiovasculares e Programa Farmacia Popular. Mantido aqui apenas para historico e transicao
734;551;XIV;Medicamentos submetidos a reducao a zero - ANEXO REVOGADO pela Lei Complementar n. 227, de 13/01/2026;81;CITARABINA;Revogado;100.0;0.0;IBS e CBS;NCM/SH;3004.90.79;30049079;8 digitos (item completo);Art. 146 (redacao original);Nao;ANEXO REVOGADO. A LC 227/2026 substituiu a lista por criterio de finalidade terapeutica no art. 146: doencas raras, doencas negligenciadas, oncologia, diabetes, HIV/aids e outras IST, doencas cardiovasculares e Programa Farmacia Popular. Mantido aqui apenas para historico e transicao
735;552;XIV;Medicamentos submetidos a reducao a zero - ANEXO REVOGADO pela Lei Complementar n. 227, de 13/01/2026;82;CITRATO DE IXAZOMIBE;Revogado;100.0;0.0;IBS e CBS;NCM/SH;3004.90.59;30049059;8 digitos (item completo);Art. 146 (redacao original);Nao;ANEXO REVOGADO. A LC 227/2026 substituiu a lista por criterio de finalidade terapeutica no art. 146: doencas raras, doencas negligenciadas, oncologia, diabetes, HIV/aids e outras IST, doencas cardiovasculares e Programa Farmacia Popular. Mantido aqui apenas para historico e transicao
736;553;XIV;Medicamentos submetidos a reducao a zero - ANEXO REVOGADO pela Lei Complementar n. 227, de 13/01/2026;84;CITRATO DE TAMOXIFENO;Revogado;100.0;0.0;IBS e CBS;NCM/SH;3004.90.34;30049034;8 digitos (item completo);Art. 146 (redacao original);Nao;ANEXO REVOGADO. A LC 227/2026 substituiu a lista por criterio de finalidade terapeutica no art. 146: doencas raras, doencas negligenciadas, oncologia, diabetes, HIV/aids e outras IST, doencas cardiovasculares e Programa Farmacia Popular. Mantido aqui apenas para historico e transicao
737;554;XIV;Medicamentos submetidos a reducao a zero - ANEXO REVOGADO pela Lei Complementar n. 227, de 13/01/2026;85;CLADRIBINA;Revogado;100.0;0.0;IBS e CBS;NCM/SH;3004.90.79;30049079;8 digitos (item completo);Art. 146 (redacao original);Nao;ANEXO REVOGADO. A LC 227/2026 substituiu a lista por criterio de finalidade terapeutica no art. 146: doencas raras, doencas negligenciadas, oncologia, diabetes, HIV/aids e outras IST, doencas cardiovasculares e Programa Farmacia Popular. Mantido aqui apenas para historico e transicao
738;555;XIV;Medicamentos submetidos a reducao a zero - ANEXO REVOGADO pela Lei Complementar n. 227, de 13/01/2026;86;CLODRONATO DISSÓDICO;Revogado;100.0;0.0;IBS e CBS;NCM/SH;3004.90.58;30049058;8 digitos (item completo);Art. 146 (redacao original);Nao;ANEXO REVOGADO. A LC 227/2026 substituiu a lista por criterio de finalidade terapeutica no art. 146: doencas raras, doencas negligenciadas, oncologia, diabetes, HIV/aids e outras IST, doencas cardiovasculares e Programa Farmacia Popular. Mantido aqui apenas para historico e transicao
739;556;XIV;Medicamentos submetidos a reducao a zero - ANEXO REVOGADO pela Lei Complementar n. 227, de 13/01/2026;87;CLOFAZIMINA;Revogado;100.0;0.0;IBS e CBS;NCM/SH;3004.90.69;30049069;8 digitos (item completo);Art. 146 (redacao original);Nao;ANEXO REVOGADO. A LC 227/2026 substituiu a lista por criterio de finalidade terapeutica no art. 146: doencas raras, doencas negligenciadas, oncologia, diabetes, HIV/aids e outras IST, doencas cardiovasculares e Programa Farmacia Popular. Mantido aqui apenas para historico e transicao
740;557;XIV;Medicamentos submetidos a reducao a zero - ANEXO REVOGADO pela Lei Complementar n. 227, de 13/01/2026;88;CLORAMBUCILA;Revogado;100.0;0.0;IBS e CBS;NCM/SH;3004.90.38;30049038;8 digitos (item completo);Art. 146 (redacao original);Nao;ANEXO REVOGADO. A LC 227/2026 substituiu a lista por criterio de finalidade terapeutica no art. 146: doencas raras, doencas negligenciadas, oncologia, diabetes, HIV/aids e outras IST, doencas cardiovasculares e Programa Farmacia Popular. Mantido aqui apenas para historico e transicao
741;558;XIV;Medicamentos submetidos a reducao a zero - ANEXO REVOGADO pela Lei Complementar n. 227, de 13/01/2026;89;CLORETO DE RÁDIO (223 RA);Revogado;100.0;0.0;IBS e CBS;NCM/SH;2844.42.00;28444200;8 digitos (item completo);Art. 146 (redacao original);Nao;ANEXO REVOGADO. A LC 227/2026 substituiu a lista por criterio de finalidade terapeutica no art. 146: doencas raras, doencas negligenciadas, oncologia, diabetes, HIV/aids e outras IST, doencas cardiovasculares e Programa Farmacia Popular. Mantido aqui apenas para historico e transicao
742;559;XIV;Medicamentos submetidos a reducao a zero - ANEXO REVOGADO pela Lei Complementar n. 227, de 13/01/2026;90;CLORETO DE SÓDIO;Revogado;100.0;0.0;IBS e CBS;NCM/SH;2501.00.90;25010090;8 digitos (item completo);Art. 146 (redacao original);Nao;ANEXO REVOGADO. A LC 227/2026 substituiu a lista por criterio de finalidade terapeutica no art. 146: doencas raras, doencas negligenciadas, oncologia, diabetes, HIV/aids e outras IST, doencas cardiovasculares e Programa Farmacia Popular. Mantido aqui apenas para historico e transicao
743;560;XIV;Medicamentos submetidos a reducao a zero - ANEXO REVOGADO pela Lei Complementar n. 227, de 13/01/2026;91;CLORETO DE SUXAMETÔNIO;Revogado;100.0;0.0;IBS e CBS;NCM/SH;3004.90.99;30049099;8 digitos (item completo);Art. 146 (redacao original);Nao;ANEXO REVOGADO. A LC 227/2026 substituiu a lista por criterio de finalidade terapeutica no art. 146: doencas raras, doencas negligenciadas, oncologia, diabetes, HIV/aids e outras IST, doencas cardiovasculares e Programa Farmacia Popular. Mantido aqui apenas para historico e transicao
744;561;XIV;Medicamentos submetidos a reducao a zero - ANEXO REVOGADO pela Lei Complementar n. 227, de 13/01/2026;92;CLORIDRATO DE ALECTINIBE;Revogado;100.0;0.0;IBS e CBS;NCM/SH;3004.90.79;30049079;8 digitos (item completo);Art. 146 (redacao original);Nao;ANEXO REVOGADO. A LC 227/2026 substituiu a lista por criterio de finalidade terapeutica no art. 146: doencas raras, doencas negligenciadas, oncologia, diabetes, HIV/aids e outras IST, doencas cardiovasculares e Programa Farmacia Popular. Mantido aqui apenas para historico e transicao
745;562;XIV;Medicamentos submetidos a reducao a zero - ANEXO REVOGADO pela Lei Complementar n. 227, de 13/01/2026;93;CLORIDRATO DE ALFENTANILA MONOIDRATADA;Revogado;100.0;0.0;IBS e CBS;NCM/SH;3004.90.69;30049069;8 digitos (item completo);Art. 146 (redacao original);Nao;ANEXO REVOGADO. A LC 227/2026 substituiu a lista por criterio de finalidade terapeutica no art. 146: doencas raras, doencas negligenciadas, oncologia, diabetes, HIV/aids e outras IST, doencas cardiovasculares e Programa Farmacia Popular. Mantido aqui apenas para historico e transicao
746;563;XIV;Medicamentos submetidos a reducao a zero - ANEXO REVOGADO pela Lei Complementar n. 227, de 13/01/2026;94;CLORIDRATO DE AMINOLEVULINATO DE METILA;Revogado;100.0;0.0;IBS e CBS;NCM/SH;3004.90.39;30049039;8 digitos (item completo);Art. 146 (redacao original);Nao;ANEXO REVOGADO. A LC 227/2026 substituiu a lista por criterio de finalidade terapeutica no art. 146: doencas raras, doencas negligenciadas, oncologia, diabetes, HIV/aids e outras IST, doencas cardiovasculares e Programa Farmacia Popular. Mantido aqui apenas para historico e transicao
747;564;XIV;Medicamentos submetidos a reducao a zero - ANEXO REVOGADO pela Lei Complementar n. 227, de 13/01/2026;95;CLORIDRATO DE CINACALCETE;Revogado;100.0;0.0;IBS e CBS;NCM/SH;3004.90.39;30049039;8 digitos (item completo);Art. 146 (redacao original);Nao;ANEXO REVOGADO. A LC 227/2026 substituiu a lista por criterio de finalidade terapeutica no art. 146: doencas raras, doencas negligenciadas, oncologia, diabetes, HIV/aids e outras IST, doencas cardiovasculares e Programa Farmacia Popular. Mantido aqui apenas para historico e transicao
748;565;XIV;Medicamentos submetidos a reducao a zero - ANEXO REVOGADO pela Lei Complementar n. 227, de 13/01/2026;96;CLORIDRATO DE DAUNORRUBICINA;Revogado;100.0;0.0;IBS e CBS;NCM/SH;3004.20.69;30042069;8 digitos (item completo);Art. 146 (redacao original);Nao;ANEXO REVOGADO. A LC 227/2026 substituiu a lista por criterio de finalidade terapeutica no art. 146: doencas raras, doencas negligenciadas, oncologia, diabetes, HIV/aids e outras IST, doencas cardiovasculares e Programa Farmacia Popular. Mantido aqui apenas para historico e transicao
749;566;XIV;Medicamentos submetidos a reducao a zero - ANEXO REVOGADO pela Lei Complementar n. 227, de 13/01/2026;97;CLORIDRATO DE DOBUTAMINA;Revogado;100.0;0.0;IBS e CBS;NCM/SH;3004.90.39;30049039;8 digitos (item completo);Art. 146 (redacao original);Nao;ANEXO REVOGADO. A LC 227/2026 substituiu a lista por criterio de finalidade terapeutica no art. 146: doencas raras, doencas negligenciadas, oncologia, diabetes, HIV/aids e outras IST, doencas cardiovasculares e Programa Farmacia Popular. Mantido aqui apenas para historico e transicao
750;567;XIV;Medicamentos submetidos a reducao a zero - ANEXO REVOGADO pela Lei Complementar n. 227, de 13/01/2026;98;CLORIDRATO DE DOXORRUBICINA;Revogado;100.0;0.0;IBS e CBS;NCM/SH;3004.20.69;30042069;8 digitos (item completo);Art. 146 (redacao original);Nao;ANEXO REVOGADO. A LC 227/2026 substituiu a lista por criterio de finalidade terapeutica no art. 146: doencas raras, doencas negligenciadas, oncologia, diabetes, HIV/aids e outras IST, doencas cardiovasculares e Programa Farmacia Popular. Mantido aqui apenas para historico e transicao
751;568;XIV;Medicamentos submetidos a reducao a zero - ANEXO REVOGADO pela Lei Complementar n. 227, de 13/01/2026;99;CLORIDRATO DE EPIRRUBICINA;Revogado;100.0;0.0;IBS e CBS;NCM/SH;3004.20.99;30042099;8 digitos (item completo);Art. 146 (redacao original);Nao;ANEXO REVOGADO. A LC 227/2026 substituiu a lista por criterio de finalidade terapeutica no art. 146: doencas raras, doencas negligenciadas, oncologia, diabetes, HIV/aids e outras IST, doencas cardiovasculares e Programa Farmacia Popular. Mantido aqui apenas para historico e transicao
752;569;XIV;Medicamentos submetidos a reducao a zero - ANEXO REVOGADO pela Lei Complementar n. 227, de 13/01/2026;100;CLORIDRATO DE ERLOTINIBE;Revogado;100.0;0.0;IBS e CBS;NCM/SH;3004.90.68;30049068;8 digitos (item completo);Art. 146 (redacao original);Nao;ANEXO REVOGADO. A LC 227/2026 substituiu a lista por criterio de finalidade terapeutica no art. 146: doencas raras, doencas negligenciadas, oncologia, diabetes, HIV/aids e outras IST, doencas cardiovasculares e Programa Farmacia Popular. Mantido aqui apenas para historico e transicao
753;570;XIV;Medicamentos submetidos a reducao a zero - ANEXO REVOGADO pela Lei Complementar n. 227, de 13/01/2026;101;CLORIDRATO DE FINGOLIMODE;Revogado;100.0;0.0;IBS e CBS;NCM/SH;3004.90.39;30049039;8 digitos (item completo);Art. 146 (redacao original);Nao;ANEXO REVOGADO. A LC 227/2026 substituiu a lista por criterio de finalidade terapeutica no art. 146: doencas raras, doencas negligenciadas, oncologia, diabetes, HIV/aids e outras IST, doencas cardiovasculares e Programa Farmacia Popular. Mantido aqui apenas para historico e transicao
754;571;XIV;Medicamentos submetidos a reducao a zero - ANEXO REVOGADO pela Lei Complementar n. 227, de 13/01/2026;102;CLORIDRATO DE GENCITABINA;Revogado;100.0;0.0;IBS e CBS;NCM/SH;3004.90.78;30049078;8 digitos (item completo);Art. 146 (redacao original);Nao;ANEXO REVOGADO. A LC 227/2026 substituiu a lista por criterio de finalidade terapeutica no art. 146: doencas raras, doencas negligenciadas, oncologia, diabetes, HIV/aids e outras IST, doencas cardiovasculares e Programa Farmacia Popular. Mantido aqui apenas para historico e transicao
755;572;XIV;Medicamentos submetidos a reducao a zero - ANEXO REVOGADO pela Lei Complementar n. 227, de 13/01/2026;103;CLORIDRATO DE GRANISSETRONA;Revogado;100.0;0.0;IBS e CBS;NCM/SH;3004.49.90;30044990;8 digitos (item completo);Art. 146 (redacao original);Nao;ANEXO REVOGADO. A LC 227/2026 substituiu a lista por criterio de finalidade terapeutica no art. 146: doencas raras, doencas negligenciadas, oncologia, diabetes, HIV/aids e outras IST, doencas cardiovasculares e Programa Farmacia Popular. Mantido aqui apenas para historico e transicao
756;573;XIV;Medicamentos submetidos a reducao a zero - ANEXO REVOGADO pela Lei Complementar n. 227, de 13/01/2026;104;CLORIDRATO DE IDARRUBICINA;Revogado;100.0;0.0;IBS e CBS;NCM/SH;3004.20.69;30042069;8 digitos (item completo);Art. 146 (redacao original);Nao;ANEXO REVOGADO. A LC 227/2026 substituiu a lista por criterio de finalidade terapeutica no art. 146: doencas raras, doencas negligenciadas, oncologia, diabetes, HIV/aids e outras IST, doencas cardiovasculares e Programa Farmacia Popular. Mantido aqui apenas para historico e transicao
757;574;XIV;Medicamentos submetidos a reducao a zero - ANEXO REVOGADO pela Lei Complementar n. 227, de 13/01/2026;105;CLORIDRATO DE IRINOTECANO;Revogado;100.0;0.0;IBS e CBS;NCM/SH;3004.49.90;30044990;8 digitos (item completo);Art. 146 (redacao original);Nao;ANEXO REVOGADO. A LC 227/2026 substituiu a lista por criterio de finalidade terapeutica no art. 146: doencas raras, doencas negligenciadas, oncologia, diabetes, HIV/aids e outras IST, doencas cardiovasculares e Programa Farmacia Popular. Mantido aqui apenas para historico e transicao
758;575;XIV;Medicamentos submetidos a reducao a zero - ANEXO REVOGADO pela Lei Complementar n. 227, de 13/01/2026;106;CLORIDRATO DE IRINOTECANO TRI-HIDRATADO;Revogado;100.0;0.0;IBS e CBS;NCM/SH;3004.49.90;30044990;8 digitos (item completo);Art. 146 (redacao original);Nao;ANEXO REVOGADO. A LC 227/2026 substituiu a lista por criterio de finalidade terapeutica no art. 146: doencas raras, doencas negligenciadas, oncologia, diabetes, HIV/aids e outras IST, doencas cardiovasculares e Programa Farmacia Popular. Mantido aqui apenas para historico e transicao
759;576;XIV;Medicamentos submetidos a reducao a zero - ANEXO REVOGADO pela Lei Complementar n. 227, de 13/01/2026;107;CLORIDRATO DE METOCLOPRAMIDA;Revogado;100.0;0.0;IBS e CBS;NCM/SH;3004.90.41;30049041;8 digitos (item completo);Art. 146 (redacao original);Nao;ANEXO REVOGADO. A LC 227/2026 substituiu a lista por criterio de finalidade terapeutica no art. 146: doencas raras, doencas negligenciadas, oncologia, diabetes, HIV/aids e outras IST, doencas cardiovasculares e Programa Farmacia Popular. Mantido aqui apenas para historico e transicao
760;577;XIV;Medicamentos submetidos a reducao a zero - ANEXO REVOGADO pela Lei Complementar n. 227, de 13/01/2026;108;CLORIDRATO DE MITOXANTRONA;Revogado;100.0;0.0;IBS e CBS;NCM/SH;3004.90.39;30049039;8 digitos (item completo);Art. 146 (redacao original);Nao;ANEXO REVOGADO. A LC 227/2026 substituiu a lista por criterio de finalidade terapeutica no art. 146: doencas raras, doencas negligenciadas, oncologia, diabetes, HIV/aids e outras IST, doencas cardiovasculares e Programa Farmacia Popular. Mantido aqui apenas para historico e transicao
761;578;XIV;Medicamentos submetidos a reducao a zero - ANEXO REVOGADO pela Lei Complementar n. 227, de 13/01/2026;109;CLORIDRATO DE PALONOSETRONA;Revogado;100.0;0.0;IBS e CBS;NCM/SH;3004.90.69;30049069;8 digitos (item completo);Art. 146 (redacao original);Nao;ANEXO REVOGADO. A LC 227/2026 substituiu a lista por criterio de finalidade terapeutica no art. 146: doencas raras, doencas negligenciadas, oncologia, diabetes, HIV/aids e outras IST, doencas cardiovasculares e Programa Farmacia Popular. Mantido aqui apenas para historico e transicao
762;579;XIV;Medicamentos submetidos a reducao a zero - ANEXO REVOGADO pela Lei Complementar n. 227, de 13/01/2026;110;CLORIDRATO DE PAZOPANIBE;Revogado;100.0;0.0;IBS e CBS;NCM/SH;3004.90.79;30049079;8 digitos (item completo);Art. 146 (redacao original);Nao;ANEXO REVOGADO. A LC 227/2026 substituiu a lista por criterio de finalidade terapeutica no art. 146: doencas raras, doencas negligenciadas, oncologia, diabetes, HIV/aids e outras IST, doencas cardiovasculares e Programa Farmacia Popular. Mantido aqui apenas para historico e transicao
763;580;XIV;Medicamentos submetidos a reducao a zero - ANEXO REVOGADO pela Lei Complementar n. 227, de 13/01/2026;111;CLORIDRATO DE PIRIDOXINA;Revogado;100.0;0.0;IBS e CBS;NCM/SH;3004.50.90;30045090;8 digitos (item completo);Art. 146 (redacao original);Nao;ANEXO REVOGADO. A LC 227/2026 substituiu a lista por criterio de finalidade terapeutica no art. 146: doencas raras, doencas negligenciadas, oncologia, diabetes, HIV/aids e outras IST, doencas cardiovasculares e Programa Farmacia Popular. Mantido aqui apenas para historico e transicao
764;581;XIV;Medicamentos submetidos a reducao a zero - ANEXO REVOGADO pela Lei Complementar n. 227, de 13/01/2026;112;CLORIDRATO DE PONATINIBE;Revogado;100.0;0.0;IBS e CBS;NCM/SH;3004.90.69;30049069;8 digitos (item completo);Art. 146 (redacao original);Nao;ANEXO REVOGADO. A LC 227/2026 substituiu a lista por criterio de finalidade terapeutica no art. 146: doencas raras, doencas negligenciadas, oncologia, diabetes, HIV/aids e outras IST, doencas cardiovasculares e Programa Farmacia Popular. Mantido aqui apenas para historico e transicao
765;582;XIV;Medicamentos submetidos a reducao a zero - ANEXO REVOGADO pela Lei Complementar n. 227, de 13/01/2026;113;CLORIDRATO DE TOPOTECANA;Revogado;100.0;0.0;IBS e CBS;NCM/SH;3004.49.10;30044910;8 digitos (item completo);Art. 146 (redacao original);Nao;ANEXO REVOGADO. A LC 227/2026 substituiu a lista por criterio de finalidade terapeutica no art. 146: doencas raras, doencas negligenciadas, oncologia, diabetes, HIV/aids e outras IST, doencas cardiovasculares e Programa Farmacia Popular. Mantido aqui apenas para historico e transicao
766;583;XIV;Medicamentos submetidos a reducao a zero - ANEXO REVOGADO pela Lei Complementar n. 227, de 13/01/2026;114;CLORIDRATO DE ZIPRASIDONA MONOIDRATADO;Revogado;100.0;0.0;IBS e CBS;NCM/SH;3004.90.79;30049079;8 digitos (item completo);Art. 146 (redacao original);Nao;ANEXO REVOGADO. A LC 227/2026 substituiu a lista por criterio de finalidade terapeutica no art. 146: doencas raras, doencas negligenciadas, oncologia, diabetes, HIV/aids e outras IST, doencas cardiovasculares e Programa Farmacia Popular. Mantido aqui apenas para historico e transicao
767;584;XIV;Medicamentos submetidos a reducao a zero - ANEXO REVOGADO pela Lei Complementar n. 227, de 13/01/2026;115;COMPLEXO PROTROMBÍNICO PARCIALMENTE ATIVADO;Revogado;100.0;0.0;IBS e CBS;NCM/SH;3002.12.39;30021239;8 digitos (item completo);Art. 146 (redacao original);Nao;ANEXO REVOGADO. A LC 227/2026 substituiu a lista por criterio de finalidade terapeutica no art. 146: doencas raras, doencas negligenciadas, oncologia, diabetes, HIV/aids e outras IST, doencas cardiovasculares e Programa Farmacia Popular. Mantido aqui apenas para historico e transicao
768;585;XIV;Medicamentos submetidos a reducao a zero - ANEXO REVOGADO pela Lei Complementar n. 227, de 13/01/2026;116;CRIZOTINIBE;Revogado;100.0;0.0;IBS e CBS;NCM/SH;3004.90.69;30049069;8 digitos (item completo);Art. 146 (redacao original);Nao;ANEXO REVOGADO. A LC 227/2026 substituiu a lista por criterio de finalidade terapeutica no art. 146: doencas raras, doencas negligenciadas, oncologia, diabetes, HIV/aids e outras IST, doencas cardiovasculares e Programa Farmacia Popular. Mantido aqui apenas para historico e transicao
769;586;XIV;Medicamentos submetidos a reducao a zero - ANEXO REVOGADO pela Lei Complementar n. 227, de 13/01/2026;117;DACARBAZINA;Revogado;100.0;0.0;IBS e CBS;NCM/SH;3004.90.68;30049068;8 digitos (item completo);Art. 146 (redacao original);Nao;ANEXO REVOGADO. A LC 227/2026 substituiu a lista por criterio de finalidade terapeutica no art. 146: doencas raras, doencas negligenciadas, oncologia, diabetes, HIV/aids e outras IST, doencas cardiovasculares e Programa Farmacia Popular. Mantido aqui apenas para historico e transicao
770;587;XIV;Medicamentos submetidos a reducao a zero - ANEXO REVOGADO pela Lei Complementar n. 227, de 13/01/2026;118;DAPAGLIFLOZINA;Revogado;100.0;0.0;IBS e CBS;NCM/SH;3004.90.59;30049059;8 digitos (item completo);Art. 146 (redacao original);Nao;ANEXO REVOGADO. A LC 227/2026 substituiu a lista por criterio de finalidade terapeutica no art. 146: doencas raras, doencas negligenciadas, oncologia, diabetes, HIV/aids e outras IST, doencas cardiovasculares e Programa Farmacia Popular. Mantido aqui apenas para historico e transicao
771;588;XIV;Medicamentos submetidos a reducao a zero - ANEXO REVOGADO pela Lei Complementar n. 227, de 13/01/2026;119;DARATUMUMABE;Revogado;100.0;0.0;IBS e CBS;NCM/SH;3002.15.90;30021590;8 digitos (item completo);Art. 146 (redacao original);Nao;ANEXO REVOGADO. A LC 227/2026 substituiu a lista por criterio de finalidade terapeutica no art. 146: doencas raras, doencas negligenciadas, oncologia, diabetes, HIV/aids e outras IST, doencas cardiovasculares e Programa Farmacia Popular. Mantido aqui apenas para historico e transicao
772;589;XIV;Medicamentos submetidos a reducao a zero - ANEXO REVOGADO pela Lei Complementar n. 227, de 13/01/2026;120;DAROLUTAMIDA;Revogado;100.0;0.0;IBS e CBS;NCM/SH;3004.90.69;30049069;8 digitos (item completo);Art. 146 (redacao original);Nao;ANEXO REVOGADO. A LC 227/2026 substituiu a lista por criterio de finalidade terapeutica no art. 146: doencas raras, doencas negligenciadas, oncologia, diabetes, HIV/aids e outras IST, doencas cardiovasculares e Programa Farmacia Popular. Mantido aqui apenas para historico e transicao
773;590;XIV;Medicamentos submetidos a reducao a zero - ANEXO REVOGADO pela Lei Complementar n. 227, de 13/01/2026;121;DASATINIBE;Revogado;100.0;0.0;IBS e CBS;NCM/SH;3004.90.79;30049079;8 digitos (item completo);Art. 146 (redacao original);Nao;ANEXO REVOGADO. A LC 227/2026 substituiu a lista por criterio de finalidade terapeutica no art. 146: doencas raras, doencas negligenciadas, oncologia, diabetes, HIV/aids e outras IST, doencas cardiovasculares e Programa Farmacia Popular. Mantido aqui apenas para historico e transicao
774;591;XIV;Medicamentos submetidos a reducao a zero - ANEXO REVOGADO pela Lei Complementar n. 227, de 13/01/2026;122;DECITABINA;Revogado;100.0;0.0;IBS e CBS;NCM/SH;3004.90.79;30049079;8 digitos (item completo);Art. 146 (redacao original);Nao;ANEXO REVOGADO. A LC 227/2026 substituiu a lista por criterio de finalidade terapeutica no art. 146: doencas raras, doencas negligenciadas, oncologia, diabetes, HIV/aids e outras IST, doencas cardiovasculares e Programa Farmacia Popular. Mantido aqui apenas para historico e transicao
775;592;XIV;Medicamentos submetidos a reducao a zero - ANEXO REVOGADO pela Lei Complementar n. 227, de 13/01/2026;123;DEFERASIROX;Revogado;100.0;0.0;IBS e CBS;NCM/SH;3004.90.69;30049069;8 digitos (item completo);Art. 146 (redacao original);Nao;ANEXO REVOGADO. A LC 227/2026 substituiu a lista por criterio de finalidade terapeutica no art. 146: doencas raras, doencas negligenciadas, oncologia, diabetes, HIV/aids e outras IST, doencas cardiovasculares e Programa Farmacia Popular. Mantido aqui apenas para historico e transicao
776;593;XIV;Medicamentos submetidos a reducao a zero - ANEXO REVOGADO pela Lei Complementar n. 227, de 13/01/2026;124;DENOSUMABE;Revogado;100.0;0.0;IBS e CBS;NCM/SH;3002.15.90;30021590;8 digitos (item completo);Art. 146 (redacao original);Nao;ANEXO REVOGADO. A LC 227/2026 substituiu a lista por criterio de finalidade terapeutica no art. 146: doencas raras, doencas negligenciadas, oncologia, diabetes, HIV/aids e outras IST, doencas cardiovasculares e Programa Farmacia Popular. Mantido aqui apenas para historico e transicao
777;594;XIV;Medicamentos submetidos a reducao a zero - ANEXO REVOGADO pela Lei Complementar n. 227, de 13/01/2026;125;DEXAMETASONA;Revogado;100.0;0.0;IBS e CBS;NCM/SH;3004.32.90;30043290;8 digitos (item completo);Art. 146 (redacao original);Nao;ANEXO REVOGADO. A LC 227/2026 substituiu a lista por criterio de finalidade terapeutica no art. 146: doencas raras, doencas negligenciadas, oncologia, diabetes, HIV/aids e outras IST, doencas cardiovasculares e Programa Farmacia Popular. Mantido aqui apenas para historico e transicao
778;595;XIV;Medicamentos submetidos a reducao a zero - ANEXO REVOGADO pela Lei Complementar n. 227, de 13/01/2026;126;DIASPARTATO DE PASIREOTIDA;Revogado;100.0;0.0;IBS e CBS;NCM/SH;3004.39.29;30043929;8 digitos (item completo);Art. 146 (redacao original);Nao;ANEXO REVOGADO. A LC 227/2026 substituiu a lista por criterio de finalidade terapeutica no art. 146: doencas raras, doencas negligenciadas, oncologia, diabetes, HIV/aids e outras IST, doencas cardiovasculares e Programa Farmacia Popular. Mantido aqui apenas para historico e transicao
779;596;XIV;Medicamentos submetidos a reducao a zero - ANEXO REVOGADO pela Lei Complementar n. 227, de 13/01/2026;127;DIAZEPAM;Revogado;100.0;0.0;IBS e CBS;NCM/SH;3004.90.64;30049064;8 digitos (item completo);Art. 146 (redacao original);Nao;ANEXO REVOGADO. A LC 227/2026 substituiu a lista por criterio de finalidade terapeutica no art. 146: doencas raras, doencas negligenciadas, oncologia, diabetes, HIV/aids e outras IST, doencas cardiovasculares e Programa Farmacia Popular. Mantido aqui apenas para historico e transicao
780;597;XIV;Medicamentos submetidos a reducao a zero - ANEXO REVOGADO pela Lei Complementar n. 227, de 13/01/2026;128;DICLORIDRATO DE DACLATASVIR;Revogado;100.0;0.0;IBS e CBS;NCM/SH;3004.90.69;30049069;8 digitos (item completo);Art. 146 (redacao original);Nao;ANEXO REVOGADO. A LC 227/2026 substituiu a lista por criterio de finalidade terapeutica no art. 146: doencas raras, doencas negligenciadas, oncologia, diabetes, HIV/aids e outras IST, doencas cardiovasculares e Programa Farmacia Popular. Mantido aqui apenas para historico e transicao
781;598;XIV;Medicamentos submetidos a reducao a zero - ANEXO REVOGADO pela Lei Complementar n. 227, de 13/01/2026;129;DICLORIDRATO DE PRAMIPEXOL MONOIDRATADO;Revogado;100.0;0.0;IBS e CBS;NCM/SH;3004.90.79;30049079;8 digitos (item completo);Art. 146 (redacao original);Nao;ANEXO REVOGADO. A LC 227/2026 substituiu a lista por criterio de finalidade terapeutica no art. 146: doencas raras, doencas negligenciadas, oncologia, diabetes, HIV/aids e outras IST, doencas cardiovasculares e Programa Farmacia Popular. Mantido aqui apenas para historico e transicao
782;599;XIV;Medicamentos submetidos a reducao a zero - ANEXO REVOGADO pela Lei Complementar n. 227, de 13/01/2026;130;DICLORIDRATO DE QUININA;Revogado;100.0;0.0;IBS e CBS;NCM/SH;3004.49.90;30044990;8 digitos (item completo);Art. 146 (redacao original);Nao;ANEXO REVOGADO. A LC 227/2026 substituiu a lista por criterio de finalidade terapeutica no art. 146: doencas raras, doencas negligenciadas, oncologia, diabetes, HIV/aids e outras IST, doencas cardiovasculares e Programa Farmacia Popular. Mantido aqui apenas para historico e transicao
783;600;XIV;Medicamentos submetidos a reducao a zero - ANEXO REVOGADO pela Lei Complementar n. 227, de 13/01/2026;131;DICLORIDRATO DE SAPROPTERINA;Revogado;100.0;0.0;IBS e CBS;NCM/SH;3004.90.69;30049069;8 digitos (item completo);Art. 146 (redacao original);Nao;ANEXO REVOGADO. A LC 227/2026 substituiu a lista por criterio de finalidade terapeutica no art. 146: doencas raras, doencas negligenciadas, oncologia, diabetes, HIV/aids e outras IST, doencas cardiovasculares e Programa Farmacia Popular. Mantido aqui apenas para historico e transicao
784;601;XIV;Medicamentos submetidos a reducao a zero - ANEXO REVOGADO pela Lei Complementar n. 227, de 13/01/2026;132;DIDANOSINA;Revogado;100.0;0.0;IBS e CBS;NCM/SH;3004.90.79;30049079;8 digitos (item completo);Art. 146 (redacao original);Nao;ANEXO REVOGADO. A LC 227/2026 substituiu a lista por criterio de finalidade terapeutica no art. 146: doencas raras, doencas negligenciadas, oncologia, diabetes, HIV/aids e outras IST, doencas cardiovasculares e Programa Farmacia Popular. Mantido aqui apenas para historico e transicao
785;602;XIV;Medicamentos submetidos a reducao a zero - ANEXO REVOGADO pela Lei Complementar n. 227, de 13/01/2026;133;DIETILESTILBESTROL;Revogado;100.0;0.0;IBS e CBS;NCM/SH;3004.90.95;30049095;8 digitos (item completo);Art. 146 (redacao original);Nao;ANEXO REVOGADO. A LC 227/2026 substituiu a lista por criterio de finalidade terapeutica no art. 146: doencas raras, doencas negligenciadas, oncologia, diabetes, HIV/aids e outras IST, doencas cardiovasculares e Programa Farmacia Popular. Mantido aqui apenas para historico e transicao
786;603;XIV;Medicamentos submetidos a reducao a zero - ANEXO REVOGADO pela Lei Complementar n. 227, de 13/01/2026;134;DIFOSFATO DE CLOROQUINA;Revogado;100.0;0.0;IBS e CBS;NCM/SH;3004.90.69;30049069;8 digitos (item completo);Art. 146 (redacao original);Nao;ANEXO REVOGADO. A LC 227/2026 substituiu a lista por criterio de finalidade terapeutica no art. 146: doencas raras, doencas negligenciadas, oncologia, diabetes, HIV/aids e outras IST, doencas cardiovasculares e Programa Farmacia Popular. Mantido aqui apenas para historico e transicao
787;604;XIV;Medicamentos submetidos a reducao a zero - ANEXO REVOGADO pela Lei Complementar n. 227, de 13/01/2026;135;DIMALEATO DE AFATINIBE;Revogado;100.0;0.0;IBS e CBS;NCM/SH;3004.90.79;30049079;8 digitos (item completo);Art. 146 (redacao original);Nao;ANEXO REVOGADO. A LC 227/2026 substituiu a lista por criterio de finalidade terapeutica no art. 146: doencas raras, doencas negligenciadas, oncologia, diabetes, HIV/aids e outras IST, doencas cardiovasculares e Programa Farmacia Popular. Mantido aqui apenas para historico e transicao
788;605;XIV;Medicamentos submetidos a reducao a zero - ANEXO REVOGADO pela Lei Complementar n. 227, de 13/01/2026;136;DIMETILSULFÓXIDO DE TRAMETINIBE;Revogado;100.0;0.0;IBS e CBS;NCM/SH;3004.90.69;30049069;8 digitos (item completo);Art. 146 (redacao original);Nao;ANEXO REVOGADO. A LC 227/2026 substituiu a lista por criterio de finalidade terapeutica no art. 146: doencas raras, doencas negligenciadas, oncologia, diabetes, HIV/aids e outras IST, doencas cardiovasculares e Programa Farmacia Popular. Mantido aqui apenas para historico e transicao
789;606;XIV;Medicamentos submetidos a reducao a zero - ANEXO REVOGADO pela Lei Complementar n. 227, de 13/01/2026;137;DITARTARATO DE VINORELBINA;Revogado;100.0;0.0;IBS e CBS;NCM/SH;3004.49.90;30044990;8 digitos (item completo);Art. 146 (redacao original);Nao;ANEXO REVOGADO. A LC 227/2026 substituiu a lista por criterio de finalidade terapeutica no art. 146: doencas raras, doencas negligenciadas, oncologia, diabetes, HIV/aids e outras IST, doencas cardiovasculares e Programa Farmacia Popular. Mantido aqui apenas para historico e transicao
790;607;XIV;Medicamentos submetidos a reducao a zero - ANEXO REVOGADO pela Lei Complementar n. 227, de 13/01/2026;138;DOCETAXEL;Revogado;100.0;0.0;IBS e CBS;NCM/SH;3004.90.59;30049059;8 digitos (item completo);Art. 146 (redacao original);Nao;ANEXO REVOGADO. A LC 227/2026 substituiu a lista por criterio de finalidade terapeutica no art. 146: doencas raras, doencas negligenciadas, oncologia, diabetes, HIV/aids e outras IST, doencas cardiovasculares e Programa Farmacia Popular. Mantido aqui apenas para historico e transicao
791;608;XIV;Medicamentos submetidos a reducao a zero - ANEXO REVOGADO pela Lei Complementar n. 227, de 13/01/2026;139;DOCETAXEL TRI-HIDRATADO;Revogado;100.0;0.0;IBS e CBS;NCM/SH;3004.90.59;30049059;8 digitos (item completo);Art. 146 (redacao original);Nao;ANEXO REVOGADO. A LC 227/2026 substituiu a lista por criterio de finalidade terapeutica no art. 146: doencas raras, doencas negligenciadas, oncologia, diabetes, HIV/aids e outras IST, doencas cardiovasculares e Programa Farmacia Popular. Mantido aqui apenas para historico e transicao
792;609;XIV;Medicamentos submetidos a reducao a zero - ANEXO REVOGADO pela Lei Complementar n. 227, de 13/01/2026;140;DOLUTEGRAVIR SÓDICO;Revogado;100.0;0.0;IBS e CBS;NCM/SH;3004.90.79;30049079;8 digitos (item completo);Art. 146 (redacao original);Nao;ANEXO REVOGADO. A LC 227/2026 substituiu a lista por criterio de finalidade terapeutica no art. 146: doencas raras, doencas negligenciadas, oncologia, diabetes, HIV/aids e outras IST, doencas cardiovasculares e Programa Farmacia Popular. Mantido aqui apenas para historico e transicao
793;610;XIV;Medicamentos submetidos a reducao a zero - ANEXO REVOGADO pela Lei Complementar n. 227, de 13/01/2026;141;DOXICICLINA MONOIDRATADA;Revogado;100.0;0.0;IBS e CBS;NCM/SH;3004.20.99;30042099;8 digitos (item completo);Art. 146 (redacao original);Nao;ANEXO REVOGADO. A LC 227/2026 substituiu a lista por criterio de finalidade terapeutica no art. 146: doencas raras, doencas negligenciadas, oncologia, diabetes, HIV/aids e outras IST, doencas cardiovasculares e Programa Farmacia Popular. Mantido aqui apenas para historico e transicao
794;611;XIV;Medicamentos submetidos a reducao a zero - ANEXO REVOGADO pela Lei Complementar n. 227, de 13/01/2026;142;DURVALUMABE;Revogado;100.0;0.0;IBS e CBS;NCM/SH;3002.15.90;30021590;8 digitos (item completo);Art. 146 (redacao original);Nao;ANEXO REVOGADO. A LC 227/2026 substituiu a lista por criterio de finalidade terapeutica no art. 146: doencas raras, doencas negligenciadas, oncologia, diabetes, HIV/aids e outras IST, doencas cardiovasculares e Programa Farmacia Popular. Mantido aqui apenas para historico e transicao
795;612;XIV;Medicamentos submetidos a reducao a zero - ANEXO REVOGADO pela Lei Complementar n. 227, de 13/01/2026;143;ECULIZUMABE;Revogado;100.0;0.0;IBS e CBS;NCM/SH;3002.15.90;30021590;8 digitos (item completo);Art. 146 (redacao original);Nao;ANEXO REVOGADO. A LC 227/2026 substituiu a lista por criterio de finalidade terapeutica no art. 146: doencas raras, doencas negligenciadas, oncologia, diabetes, HIV/aids e outras IST, doencas cardiovasculares e Programa Farmacia Popular. Mantido aqui apenas para historico e transicao
796;613;XIV;Medicamentos submetidos a reducao a zero - ANEXO REVOGADO pela Lei Complementar n. 227, de 13/01/2026;144;EFAVIRENZ;Revogado;100.0;0.0;IBS e CBS;NCM/SH;3004.90.78;30049078;8 digitos (item completo);Art. 146 (redacao original);Nao;ANEXO REVOGADO. A LC 227/2026 substituiu a lista por criterio de finalidade terapeutica no art. 146: doencas raras, doencas negligenciadas, oncologia, diabetes, HIV/aids e outras IST, doencas cardiovasculares e Programa Farmacia Popular. Mantido aqui apenas para historico e transicao
797;614;XIV;Medicamentos submetidos a reducao a zero - ANEXO REVOGADO pela Lei Complementar n. 227, de 13/01/2026;145;ELEXACAFTOR;Revogado;100.0;0.0;IBS e CBS;NCM/SH;3004.90.69;30049069;8 digitos (item completo);Art. 146 (redacao original);Nao;ANEXO REVOGADO. A LC 227/2026 substituiu a lista por criterio de finalidade terapeutica no art. 146: doencas raras, doencas negligenciadas, oncologia, diabetes, HIV/aids e outras IST, doencas cardiovasculares e Programa Farmacia Popular. Mantido aqui apenas para historico e transicao
798;615;XIV;Medicamentos submetidos a reducao a zero - ANEXO REVOGADO pela Lei Complementar n. 227, de 13/01/2026;146;ELOTUZUMABE;Revogado;100.0;0.0;IBS e CBS;NCM/SH;3002.15.90;30021590;8 digitos (item completo);Art. 146 (redacao original);Nao;ANEXO REVOGADO. A LC 227/2026 substituiu a lista por criterio de finalidade terapeutica no art. 146: doencas raras, doencas negligenciadas, oncologia, diabetes, HIV/aids e outras IST, doencas cardiovasculares e Programa Farmacia Popular. Mantido aqui apenas para historico e transicao
799;616;XIV;Medicamentos submetidos a reducao a zero - ANEXO REVOGADO pela Lei Complementar n. 227, de 13/01/2026;147;ELTROMBOPAGUE OLAMINA;Revogado;100.0;0.0;IBS e CBS;NCM/SH;3004.90.69;30049069;8 digitos (item completo);Art. 146 (redacao original);Nao;ANEXO REVOGADO. A LC 227/2026 substituiu a lista por criterio de finalidade terapeutica no art. 146: doencas raras, doencas negligenciadas, oncologia, diabetes, HIV/aids e outras IST, doencas cardiovasculares e Programa Farmacia Popular. Mantido aqui apenas para historico e transicao
800;617;XIV;Medicamentos submetidos a reducao a zero - ANEXO REVOGADO pela Lei Complementar n. 227, de 13/01/2026;148;EMBONATO DE TRIPTORRELINA;Revogado;100.0;0.0;IBS e CBS;NCM/SH;3004.39.18;30043918;8 digitos (item completo);Art. 146 (redacao original);Nao;ANEXO REVOGADO. A LC 227/2026 substituiu a lista por criterio de finalidade terapeutica no art. 146: doencas raras, doencas negligenciadas, oncologia, diabetes, HIV/aids e outras IST, doencas cardiovasculares e Programa Farmacia Popular. Mantido aqui apenas para historico e transicao
801;618;XIV;Medicamentos submetidos a reducao a zero - ANEXO REVOGADO pela Lei Complementar n. 227, de 13/01/2026;149;EMICIZUMABE;Revogado;100.0;0.0;IBS e CBS;NCM/SH;3002.15.90;30021590;8 digitos (item completo);Art. 146 (redacao original);Nao;ANEXO REVOGADO. A LC 227/2026 substituiu a lista por criterio de finalidade terapeutica no art. 146: doencas raras, doencas negligenciadas, oncologia, diabetes, HIV/aids e outras IST, doencas cardiovasculares e Programa Farmacia Popular. Mantido aqui apenas para historico e transicao
802;619;XIV;Medicamentos submetidos a reducao a zero - ANEXO REVOGADO pela Lei Complementar n. 227, de 13/01/2026;150;EMTRICITABINA;Revogado;100.0;0.0;IBS e CBS;NCM/SH;3004.90.78;30049078;8 digitos (item completo);Art. 146 (redacao original);Nao;ANEXO REVOGADO. A LC 227/2026 substituiu a lista por criterio de finalidade terapeutica no art. 146: doencas raras, doencas negligenciadas, oncologia, diabetes, HIV/aids e outras IST, doencas cardiovasculares e Programa Farmacia Popular. Mantido aqui apenas para historico e transicao
803;620;XIV;Medicamentos submetidos a reducao a zero - ANEXO REVOGADO pela Lei Complementar n. 227, de 13/01/2026;151;ENANTATO DE NORETISTERONA + VALERATO DE ESTRADIOL;Revogado;100.0;0.0;IBS e CBS;NCM/SH;3004.30.39;30043039;8 digitos (item completo);Art. 146 (redacao original);Nao;ANEXO REVOGADO. A LC 227/2026 substituiu a lista por criterio de finalidade terapeutica no art. 146: doencas raras, doencas negligenciadas, oncologia, diabetes, HIV/aids e outras IST, doencas cardiovasculares e Programa Farmacia Popular. Mantido aqui apenas para historico e transicao
804;621;XIV;Medicamentos submetidos a reducao a zero - ANEXO REVOGADO pela Lei Complementar n. 227, de 13/01/2026;152;ENFLURANO;Revogado;100.0;0.0;IBS e CBS;NCM/SH;3004.90.99;30049099;8 digitos (item completo);Art. 146 (redacao original);Nao;ANEXO REVOGADO. A LC 227/2026 substituiu a lista por criterio de finalidade terapeutica no art. 146: doencas raras, doencas negligenciadas, oncologia, diabetes, HIV/aids e outras IST, doencas cardiovasculares e Programa Farmacia Popular. Mantido aqui apenas para historico e transicao
805;622;XIV;Medicamentos submetidos a reducao a zero - ANEXO REVOGADO pela Lei Complementar n. 227, de 13/01/2026;153;ENFUVIRTIDA;Revogado;100.0;0.0;IBS e CBS;NCM/SH;3004.90.68;30049068;8 digitos (item completo);Art. 146 (redacao original);Nao;ANEXO REVOGADO. A LC 227/2026 substituiu a lista por criterio de finalidade terapeutica no art. 146: doencas raras, doencas negligenciadas, oncologia, diabetes, HIV/aids e outras IST, doencas cardiovasculares e Programa Farmacia Popular. Mantido aqui apenas para historico e transicao
806;623;XIV;Medicamentos submetidos a reducao a zero - ANEXO REVOGADO pela Lei Complementar n. 227, de 13/01/2026;154;ENTRICITABINA;Revogado;100.0;0.0;IBS e CBS;NCM/SH;3004.90.78;30049078;8 digitos (item completo);Art. 146 (redacao original);Nao;ANEXO REVOGADO. A LC 227/2026 substituiu a lista por criterio de finalidade terapeutica no art. 146: doencas raras, doencas negligenciadas, oncologia, diabetes, HIV/aids e outras IST, doencas cardiovasculares e Programa Farmacia Popular. Mantido aqui apenas para historico e transicao
807;624;XIV;Medicamentos submetidos a reducao a zero - ANEXO REVOGADO pela Lei Complementar n. 227, de 13/01/2026;155;ENTRICITABINA + FUMARATO TENOFOVIR DESOPROXILA;Revogado;100.0;0.0;IBS e CBS;NCM/SH;3004.90.78;30049078;8 digitos (item completo);Art. 146 (redacao original);Nao;ANEXO REVOGADO. A LC 227/2026 substituiu a lista por criterio de finalidade terapeutica no art. 146: doencas raras, doencas negligenciadas, oncologia, diabetes, HIV/aids e outras IST, doencas cardiovasculares e Programa Farmacia Popular. Mantido aqui apenas para historico e transicao
808;625;XIV;Medicamentos submetidos a reducao a zero - ANEXO REVOGADO pela Lei Complementar n. 227, de 13/01/2026;156;ENZALUTAMIDA;Revogado;100.0;0.0;IBS e CBS;NCM/SH;3004.90.69;30049069;8 digitos (item completo);Art. 146 (redacao original);Nao;ANEXO REVOGADO. A LC 227/2026 substituiu a lista por criterio de finalidade terapeutica no art. 146: doencas raras, doencas negligenciadas, oncologia, diabetes, HIV/aids e outras IST, doencas cardiovasculares e Programa Farmacia Popular. Mantido aqui apenas para historico e transicao
809;626;XIV;Medicamentos submetidos a reducao a zero - ANEXO REVOGADO pela Lei Complementar n. 227, de 13/01/2026;157;ERDAFITINIBE;Revogado;100.0;0.0;IBS e CBS;NCM/SH;3004.90.69;30049069;8 digitos (item completo);Art. 146 (redacao original);Nao;ANEXO REVOGADO. A LC 227/2026 substituiu a lista por criterio de finalidade terapeutica no art. 146: doencas raras, doencas negligenciadas, oncologia, diabetes, HIV/aids e outras IST, doencas cardiovasculares e Programa Farmacia Popular. Mantido aqui apenas para historico e transicao
810;627;XIV;Medicamentos submetidos a reducao a zero - ANEXO REVOGADO pela Lei Complementar n. 227, de 13/01/2026;158;ESILATO DE NINTEDANIBE;Revogado;100.0;0.0;IBS e CBS;NCM/SH;3004.90.69;30049069;8 digitos (item completo);Art. 146 (redacao original);Nao;ANEXO REVOGADO. A LC 227/2026 substituiu a lista por criterio de finalidade terapeutica no art. 146: doencas raras, doencas negligenciadas, oncologia, diabetes, HIV/aids e outras IST, doencas cardiovasculares e Programa Farmacia Popular. Mantido aqui apenas para historico e transicao
811;628;XIV;Medicamentos submetidos a reducao a zero - ANEXO REVOGADO pela Lei Complementar n. 227, de 13/01/2026;159;ESPIRONOLACTONA;Revogado;100.0;0.0;IBS e CBS;NCM/SH;3004.32.20;30043220;8 digitos (item completo);Art. 146 (redacao original);Nao;ANEXO REVOGADO. A LC 227/2026 substituiu a lista por criterio de finalidade terapeutica no art. 146: doencas raras, doencas negligenciadas, oncologia, diabetes, HIV/aids e outras IST, doencas cardiovasculares e Programa Farmacia Popular. Mantido aqui apenas para historico e transicao
812;629;XIV;Medicamentos submetidos a reducao a zero - ANEXO REVOGADO pela Lei Complementar n. 227, de 13/01/2026;160;ESTAVUDINA;Revogado;100.0;0.0;IBS e CBS;NCM/SH;3004.90.79;30049079;8 digitos (item completo);Art. 146 (redacao original);Nao;ANEXO REVOGADO. A LC 227/2026 substituiu a lista por criterio de finalidade terapeutica no art. 146: doencas raras, doencas negligenciadas, oncologia, diabetes, HIV/aids e outras IST, doencas cardiovasculares e Programa Farmacia Popular. Mantido aqui apenas para historico e transicao
813;630;XIV;Medicamentos submetidos a reducao a zero - ANEXO REVOGADO pela Lei Complementar n. 227, de 13/01/2026;161;ETINILESTRADIOL + LEVONORGESTREL;Revogado;100.0;0.0;IBS e CBS;NCM/SH;3004.39.39;30043939;8 digitos (item completo);Art. 146 (redacao original);Nao;ANEXO REVOGADO. A LC 227/2026 substituiu a lista por criterio de finalidade terapeutica no art. 146: doencas raras, doencas negligenciadas, oncologia, diabetes, HIV/aids e outras IST, doencas cardiovasculares e Programa Farmacia Popular. Mantido aqui apenas para historico e transicao
814;631;XIV;Medicamentos submetidos a reducao a zero - ANEXO REVOGADO pela Lei Complementar n. 227, de 13/01/2026;162;ETOMIDATO;Revogado;100.0;0.0;IBS e CBS;NCM/SH;3004.90.69;30049069;8 digitos (item completo);Art. 146 (redacao original);Nao;ANEXO REVOGADO. A LC 227/2026 substituiu a lista por criterio de finalidade terapeutica no art. 146: doencas raras, doencas negligenciadas, oncologia, diabetes, HIV/aids e outras IST, doencas cardiovasculares e Programa Farmacia Popular. Mantido aqui apenas para historico e transicao
815;632;XIV;Medicamentos submetidos a reducao a zero - ANEXO REVOGADO pela Lei Complementar n. 227, de 13/01/2026;163;ETOPOSIDEO;Revogado;100.0;0.0;IBS e CBS;NCM/SH;3004.90.78;30049078;8 digitos (item completo);Art. 146 (redacao original);Nao;ANEXO REVOGADO. A LC 227/2026 substituiu a lista por criterio de finalidade terapeutica no art. 146: doencas raras, doencas negligenciadas, oncologia, diabetes, HIV/aids e outras IST, doencas cardiovasculares e Programa Farmacia Popular. Mantido aqui apenas para historico e transicao
816;633;XIV;Medicamentos submetidos a reducao a zero - ANEXO REVOGADO pela Lei Complementar n. 227, de 13/01/2026;164;ETRAVIRINA;Revogado;100.0;0.0;IBS e CBS;NCM/SH;3004.90.69;30049069;8 digitos (item completo);Art. 146 (redacao original);Nao;ANEXO REVOGADO. A LC 227/2026 substituiu a lista por criterio de finalidade terapeutica no art. 146: doencas raras, doencas negligenciadas, oncologia, diabetes, HIV/aids e outras IST, doencas cardiovasculares e Programa Farmacia Popular. Mantido aqui apenas para historico e transicao
817;634;XIV;Medicamentos submetidos a reducao a zero - ANEXO REVOGADO pela Lei Complementar n. 227, de 13/01/2026;165;EVEROLIMO;Revogado;100.0;0.0;IBS e CBS;NCM/SH;3004.90.78;30049078;8 digitos (item completo);Art. 146 (redacao original);Nao;ANEXO REVOGADO. A LC 227/2026 substituiu a lista por criterio de finalidade terapeutica no art. 146: doencas raras, doencas negligenciadas, oncologia, diabetes, HIV/aids e outras IST, doencas cardiovasculares e Programa Farmacia Popular. Mantido aqui apenas para historico e transicao
818;635;XIV;Medicamentos submetidos a reducao a zero - ANEXO REVOGADO pela Lei Complementar n. 227, de 13/01/2026;166;EXEMESTANO;Revogado;100.0;0.0;IBS e CBS;NCM/SH;3004.39.94;30043994;8 digitos (item completo);Art. 146 (redacao original);Nao;ANEXO REVOGADO. A LC 227/2026 substituiu a lista por criterio de finalidade terapeutica no art. 146: doencas raras, doencas negligenciadas, oncologia, diabetes, HIV/aids e outras IST, doencas cardiovasculares e Programa Farmacia Popular. Mantido aqui apenas para historico e transicao
819;636;XIV;Medicamentos submetidos a reducao a zero - ANEXO REVOGADO pela Lei Complementar n. 227, de 13/01/2026;167;FATOR IX DE COAGULAÇÃO;Revogado;100.0;0.0;IBS e CBS;NCM/SH;3002.12.39;30021239;8 digitos (item completo);Art. 146 (redacao original);Nao;ANEXO REVOGADO. A LC 227/2026 substituiu a lista por criterio de finalidade terapeutica no art. 146: doencas raras, doencas negligenciadas, oncologia, diabetes, HIV/aids e outras IST, doencas cardiovasculares e Programa Farmacia Popular. Mantido aqui apenas para historico e transicao
820;637;XIV;Medicamentos submetidos a reducao a zero - ANEXO REVOGADO pela Lei Complementar n. 227, de 13/01/2026;168;FATOR VII DE COAGULAÇÃO ATIVADO RECOMBINANTE;Revogado;100.0;0.0;IBS e CBS;NCM/SH;3002.12.39;30021239;8 digitos (item completo);Art. 146 (redacao original);Nao;ANEXO REVOGADO. A LC 227/2026 substituiu a lista por criterio de finalidade terapeutica no art. 146: doencas raras, doencas negligenciadas, oncologia, diabetes, HIV/aids e outras IST, doencas cardiovasculares e Programa Farmacia Popular. Mantido aqui apenas para historico e transicao
821;638;XIV;Medicamentos submetidos a reducao a zero - ANEXO REVOGADO pela Lei Complementar n. 227, de 13/01/2026;169;FATOR VIII DE COAGULAÇÃO;Revogado;100.0;0.0;IBS e CBS;NCM/SH;3002.12.39;30021239;8 digitos (item completo);Art. 146 (redacao original);Nao;ANEXO REVOGADO. A LC 227/2026 substituiu a lista por criterio de finalidade terapeutica no art. 146: doencas raras, doencas negligenciadas, oncologia, diabetes, HIV/aids e outras IST, doencas cardiovasculares e Programa Farmacia Popular. Mantido aqui apenas para historico e transicao
822;639;XIV;Medicamentos submetidos a reducao a zero - ANEXO REVOGADO pela Lei Complementar n. 227, de 13/01/2026;170;FATOR VIII DE COAGULAÇÃO CONTENDO FATOR DE VON WILLEBRAND;Revogado;100.0;0.0;IBS e CBS;NCM/SH;3002.12.39;30021239;8 digitos (item completo);Art. 146 (redacao original);Nao;ANEXO REVOGADO. A LC 227/2026 substituiu a lista por criterio de finalidade terapeutica no art. 146: doencas raras, doencas negligenciadas, oncologia, diabetes, HIV/aids e outras IST, doencas cardiovasculares e Programa Farmacia Popular. Mantido aqui apenas para historico e transicao
823;640;XIV;Medicamentos submetidos a reducao a zero - ANEXO REVOGADO pela Lei Complementar n. 227, de 13/01/2026;171;FATOR VIII DE COAGULAÇÃO RECOMBINANTE;Revogado;100.0;0.0;IBS e CBS;NCM/SH;3002.12.39;30021239;8 digitos (item completo);Art. 146 (redacao original);Nao;ANEXO REVOGADO. A LC 227/2026 substituiu a lista por criterio de finalidade terapeutica no art. 146: doencas raras, doencas negligenciadas, oncologia, diabetes, HIV/aids e outras IST, doencas cardiovasculares e Programa Farmacia Popular. Mantido aqui apenas para historico e transicao
824;641;XIV;Medicamentos submetidos a reducao a zero - ANEXO REVOGADO pela Lei Complementar n. 227, de 13/01/2026;172;FENTANILA;Revogado;100.0;0.0;IBS e CBS;NCM/SH;3004.90.69;30049069;8 digitos (item completo);Art. 146 (redacao original);Nao;ANEXO REVOGADO. A LC 227/2026 substituiu a lista por criterio de finalidade terapeutica no art. 146: doencas raras, doencas negligenciadas, oncologia, diabetes, HIV/aids e outras IST, doencas cardiovasculares e Programa Farmacia Popular. Mantido aqui apenas para historico e transicao
825;642;XIV;Medicamentos submetidos a reducao a zero - ANEXO REVOGADO pela Lei Complementar n. 227, de 13/01/2026;173;FILGRASTIM;Revogado;100.0;0.0;IBS e CBS;NCM/SH;3002.15.90;30021590;8 digitos (item completo);Art. 146 (redacao original);Nao;ANEXO REVOGADO. A LC 227/2026 substituiu a lista por criterio de finalidade terapeutica no art. 146: doencas raras, doencas negligenciadas, oncologia, diabetes, HIV/aids e outras IST, doencas cardiovasculares e Programa Farmacia Popular. Mantido aqui apenas para historico e transicao
826;643;XIV;Medicamentos submetidos a reducao a zero - ANEXO REVOGADO pela Lei Complementar n. 227, de 13/01/2026;174;FLUORURACILA;Revogado;100.0;0.0;IBS e CBS;NCM/SH;3004.90.69;30049069;8 digitos (item completo);Art. 146 (redacao original);Nao;ANEXO REVOGADO. A LC 227/2026 substituiu a lista por criterio de finalidade terapeutica no art. 146: doencas raras, doencas negligenciadas, oncologia, diabetes, HIV/aids e outras IST, doencas cardiovasculares e Programa Farmacia Popular. Mantido aqui apenas para historico e transicao
827;644;XIV;Medicamentos submetidos a reducao a zero - ANEXO REVOGADO pela Lei Complementar n. 227, de 13/01/2026;175;FOLINATO DE CÁLCIO;Revogado;100.0;0.0;IBS e CBS;NCM/SH;3004.50.10;30045010;8 digitos (item completo);Art. 146 (redacao original);Nao;ANEXO REVOGADO. A LC 227/2026 substituiu a lista por criterio de finalidade terapeutica no art. 146: doencas raras, doencas negligenciadas, oncologia, diabetes, HIV/aids e outras IST, doencas cardiovasculares e Programa Farmacia Popular. Mantido aqui apenas para historico e transicao
828;645;XIV;Medicamentos submetidos a reducao a zero - ANEXO REVOGADO pela Lei Complementar n. 227, de 13/01/2026;176;FOSAMPRENAVIR CÁLCICO;Revogado;100.0;0.0;IBS e CBS;NCM/SH;3004.90.78;30049078;8 digitos (item completo);Art. 146 (redacao original);Nao;ANEXO REVOGADO. A LC 227/2026 substituiu a lista por criterio de finalidade terapeutica no art. 146: doencas raras, doencas negligenciadas, oncologia, diabetes, HIV/aids e outras IST, doencas cardiovasculares e Programa Farmacia Popular. Mantido aqui apenas para historico e transicao
829;646;XIV;Medicamentos submetidos a reducao a zero - ANEXO REVOGADO pela Lei Complementar n. 227, de 13/01/2026;177;FOSFATO DE FLUDARABINA;Revogado;100.0;0.0;IBS e CBS;NCM/SH;3004.90.78;30049078;8 digitos (item completo);Art. 146 (redacao original);Nao;ANEXO REVOGADO. A LC 227/2026 substituiu a lista por criterio de finalidade terapeutica no art. 146: doencas raras, doencas negligenciadas, oncologia, diabetes, HIV/aids e outras IST, doencas cardiovasculares e Programa Farmacia Popular. Mantido aqui apenas para historico e transicao
830;647;XIV;Medicamentos submetidos a reducao a zero - ANEXO REVOGADO pela Lei Complementar n. 227, de 13/01/2026;178;FOSFATO DE OSELTAMIVIR;Revogado;100.0;0.0;IBS e CBS;NCM/SH;3004.90.49;30049049;8 digitos (item completo);Art. 146 (redacao original);Nao;ANEXO REVOGADO. A LC 227/2026 substituiu a lista por criterio de finalidade terapeutica no art. 146: doencas raras, doencas negligenciadas, oncologia, diabetes, HIV/aids e outras IST, doencas cardiovasculares e Programa Farmacia Popular. Mantido aqui apenas para historico e transicao
831;648;XIV;Medicamentos submetidos a reducao a zero - ANEXO REVOGADO pela Lei Complementar n. 227, de 13/01/2026;179;FOSFATO DE RUXOLITINIBE;Revogado;100.0;0.0;IBS e CBS;NCM/SH;3004.90.69;30049069;8 digitos (item completo);Art. 146 (redacao original);Nao;ANEXO REVOGADO. A LC 227/2026 substituiu a lista por criterio de finalidade terapeutica no art. 146: doencas raras, doencas negligenciadas, oncologia, diabetes, HIV/aids e outras IST, doencas cardiovasculares e Programa Farmacia Popular. Mantido aqui apenas para historico e transicao
832;649;XIV;Medicamentos submetidos a reducao a zero - ANEXO REVOGADO pela Lei Complementar n. 227, de 13/01/2026;180;FOSFATO DE SITAGLIPTINA;Revogado;100.0;0.0;IBS e CBS;NCM/SH;3004.90.69;30049069;8 digitos (item completo);Art. 146 (redacao original);Nao;ANEXO REVOGADO. A LC 227/2026 substituiu a lista por criterio de finalidade terapeutica no art. 146: doencas raras, doencas negligenciadas, oncologia, diabetes, HIV/aids e outras IST, doencas cardiovasculares e Programa Farmacia Popular. Mantido aqui apenas para historico e transicao
833;650;XIV;Medicamentos submetidos a reducao a zero - ANEXO REVOGADO pela Lei Complementar n. 227, de 13/01/2026;181;FOTEMUSTINA;Revogado;100.0;0.0;IBS e CBS;NCM/SH;3004.90.58;30049058;8 digitos (item completo);Art. 146 (redacao original);Nao;ANEXO REVOGADO. A LC 227/2026 substituiu a lista por criterio de finalidade terapeutica no art. 146: doencas raras, doencas negligenciadas, oncologia, diabetes, HIV/aids e outras IST, doencas cardiovasculares e Programa Farmacia Popular. Mantido aqui apenas para historico e transicao
834;651;XIV;Medicamentos submetidos a reducao a zero - ANEXO REVOGADO pela Lei Complementar n. 227, de 13/01/2026;182;FULVESTRANTO;Revogado;100.0;0.0;IBS e CBS;NCM/SH;3004.39.36;30043936;8 digitos (item completo);Art. 146 (redacao original);Nao;ANEXO REVOGADO. A LC 227/2026 substituiu a lista por criterio de finalidade terapeutica no art. 146: doencas raras, doencas negligenciadas, oncologia, diabetes, HIV/aids e outras IST, doencas cardiovasculares e Programa Farmacia Popular. Mantido aqui apenas para historico e transicao
835;652;XIV;Medicamentos submetidos a reducao a zero - ANEXO REVOGADO pela Lei Complementar n. 227, de 13/01/2026;183;FUMARATO DE DIMETILA;Revogado;100.0;0.0;IBS e CBS;NCM/SH;3004.90.29;30049029;8 digitos (item completo);Art. 146 (redacao original);Nao;ANEXO REVOGADO. A LC 227/2026 substituiu a lista por criterio de finalidade terapeutica no art. 146: doencas raras, doencas negligenciadas, oncologia, diabetes, HIV/aids e outras IST, doencas cardiovasculares e Programa Farmacia Popular. Mantido aqui apenas para historico e transicao
836;653;XIV;Medicamentos submetidos a reducao a zero - ANEXO REVOGADO pela Lei Complementar n. 227, de 13/01/2026;184;FUMARATO DE TENOFOVIR DESOPROXILA;Revogado;100.0;0.0;IBS e CBS;NCM/SH;3004.90.68;30049068;8 digitos (item completo);Art. 146 (redacao original);Nao;ANEXO REVOGADO. A LC 227/2026 substituiu a lista por criterio de finalidade terapeutica no art. 146: doencas raras, doencas negligenciadas, oncologia, diabetes, HIV/aids e outras IST, doencas cardiovasculares e Programa Farmacia Popular. Mantido aqui apenas para historico e transicao
837;654;XIV;Medicamentos submetidos a reducao a zero - ANEXO REVOGADO pela Lei Complementar n. 227, de 13/01/2026;185;FUROSEMIDA;Revogado;100.0;0.0;IBS e CBS;NCM/SH;3004.90.76;30049076;8 digitos (item completo);Art. 146 (redacao original);Nao;ANEXO REVOGADO. A LC 227/2026 substituiu a lista por criterio de finalidade terapeutica no art. 146: doencas raras, doencas negligenciadas, oncologia, diabetes, HIV/aids e outras IST, doencas cardiovasculares e Programa Farmacia Popular. Mantido aqui apenas para historico e transicao
838;655;XIV;Medicamentos submetidos a reducao a zero - ANEXO REVOGADO pela Lei Complementar n. 227, de 13/01/2026;186;GALSULFASE;Revogado;100.0;0.0;IBS e CBS;NCM/SH;3004.90.19;30049019;8 digitos (item completo);Art. 146 (redacao original);Nao;ANEXO REVOGADO. A LC 227/2026 substituiu a lista por criterio de finalidade terapeutica no art. 146: doencas raras, doencas negligenciadas, oncologia, diabetes, HIV/aids e outras IST, doencas cardiovasculares e Programa Farmacia Popular. Mantido aqui apenas para historico e transicao
839;656;XIV;Medicamentos submetidos a reducao a zero - ANEXO REVOGADO pela Lei Complementar n. 227, de 13/01/2026;187;GANCICLOVIR SÓDICO;Revogado;100.0;0.0;IBS e CBS;NCM/SH;3004.90.69;30049069;8 digitos (item completo);Art. 146 (redacao original);Nao;ANEXO REVOGADO. A LC 227/2026 substituiu a lista por criterio de finalidade terapeutica no art. 146: doencas raras, doencas negligenciadas, oncologia, diabetes, HIV/aids e outras IST, doencas cardiovasculares e Programa Farmacia Popular. Mantido aqui apenas para historico e transicao
840;657;XIV;Medicamentos submetidos a reducao a zero - ANEXO REVOGADO pela Lei Complementar n. 227, de 13/01/2026;188;GEFITINIBE;Revogado;100.0;0.0;IBS e CBS;NCM/SH;3004.90.79;30049079;8 digitos (item completo);Art. 146 (redacao original);Nao;ANEXO REVOGADO. A LC 227/2026 substituiu a lista por criterio de finalidade terapeutica no art. 146: doencas raras, doencas negligenciadas, oncologia, diabetes, HIV/aids e outras IST, doencas cardiovasculares e Programa Farmacia Popular. Mantido aqui apenas para historico e transicao
841;658;XIV;Medicamentos submetidos a reducao a zero - ANEXO REVOGADO pela Lei Complementar n. 227, de 13/01/2026;189;GLICOSE;Revogado;100.0;0.0;IBS e CBS;NCM/SH;3004.90.99;30049099;8 digitos (item completo);Art. 146 (redacao original);Nao;ANEXO REVOGADO. A LC 227/2026 substituiu a lista por criterio de finalidade terapeutica no art. 146: doencas raras, doencas negligenciadas, oncologia, diabetes, HIV/aids e outras IST, doencas cardiovasculares e Programa Farmacia Popular. Mantido aqui apenas para historico e transicao
842;659;XIV;Medicamentos submetidos a reducao a zero - ANEXO REVOGADO pela Lei Complementar n. 227, de 13/01/2026;190;GOLIMUMABE;Revogado;100.0;0.0;IBS e CBS;NCM/SH;3002.15.90;30021590;8 digitos (item completo);Art. 146 (redacao original);Nao;ANEXO REVOGADO. A LC 227/2026 substituiu a lista por criterio de finalidade terapeutica no art. 146: doencas raras, doencas negligenciadas, oncologia, diabetes, HIV/aids e outras IST, doencas cardiovasculares e Programa Farmacia Popular. Mantido aqui apenas para historico e transicao
843;660;XIV;Medicamentos submetidos a reducao a zero - ANEXO REVOGADO pela Lei Complementar n. 227, de 13/01/2026;191;GOSSERRELINA;Revogado;100.0;0.0;IBS e CBS;NCM/SH;3004.39.27;30043927;8 digitos (item completo);Art. 146 (redacao original);Nao;ANEXO REVOGADO. A LC 227/2026 substituiu a lista por criterio de finalidade terapeutica no art. 146: doencas raras, doencas negligenciadas, oncologia, diabetes, HIV/aids e outras IST, doencas cardiovasculares e Programa Farmacia Popular. Mantido aqui apenas para historico e transicao
844;661;XIV;Medicamentos submetidos a reducao a zero - ANEXO REVOGADO pela Lei Complementar n. 227, de 13/01/2026;192;GRANISETRON;Revogado;100.0;0.0;IBS e CBS;NCM/SH;3004.49.50;30044950;8 digitos (item completo);Art. 146 (redacao original);Nao;ANEXO REVOGADO. A LC 227/2026 substituiu a lista por criterio de finalidade terapeutica no art. 146: doencas raras, doencas negligenciadas, oncologia, diabetes, HIV/aids e outras IST, doencas cardiovasculares e Programa Farmacia Popular. Mantido aqui apenas para historico e transicao
845;662;XIV;Medicamentos submetidos a reducao a zero - ANEXO REVOGADO pela Lei Complementar n. 227, de 13/01/2026;193;HALOPERIDOL;Revogado;100.0;0.0;IBS e CBS;NCM/SH;3004.90.69;30049069;8 digitos (item completo);Art. 146 (redacao original);Nao;ANEXO REVOGADO. A LC 227/2026 substituiu a lista por criterio de finalidade terapeutica no art. 146: doencas raras, doencas negligenciadas, oncologia, diabetes, HIV/aids e outras IST, doencas cardiovasculares e Programa Farmacia Popular. Mantido aqui apenas para historico e transicao
846;663;XIV;Medicamentos submetidos a reducao a zero - ANEXO REVOGADO pela Lei Complementar n. 227, de 13/01/2026;194;HIDROXIUREIA;Revogado;100.0;0.0;IBS e CBS;NCM/SH;3004.90.99;30049099;8 digitos (item completo);Art. 146 (redacao original);Nao;ANEXO REVOGADO. A LC 227/2026 substituiu a lista por criterio de finalidade terapeutica no art. 146: doencas raras, doencas negligenciadas, oncologia, diabetes, HIV/aids e outras IST, doencas cardiovasculares e Programa Farmacia Popular. Mantido aqui apenas para historico e transicao
847;664;XIV;Medicamentos submetidos a reducao a zero - ANEXO REVOGADO pela Lei Complementar n. 227, de 13/01/2026;195;HIPOCLORITO DE SÓDIO;Revogado;100.0;0.0;IBS e CBS;NCM/SH;3004.90.99;30049099;8 digitos (item completo);Art. 146 (redacao original);Nao;ANEXO REVOGADO. A LC 227/2026 substituiu a lista por criterio de finalidade terapeutica no art. 146: doencas raras, doencas negligenciadas, oncologia, diabetes, HIV/aids e outras IST, doencas cardiovasculares e Programa Farmacia Popular. Mantido aqui apenas para historico e transicao
848;665;XIV;Medicamentos submetidos a reducao a zero - ANEXO REVOGADO pela Lei Complementar n. 227, de 13/01/2026;196;IBANDRONATO SÓDIO;Revogado;100.0;0.0;IBS e CBS;NCM/SH;3004.90.59;30049059;8 digitos (item completo);Art. 146 (redacao original);Nao;ANEXO REVOGADO. A LC 227/2026 substituiu a lista por criterio de finalidade terapeutica no art. 146: doencas raras, doencas negligenciadas, oncologia, diabetes, HIV/aids e outras IST, doencas cardiovasculares e Programa Farmacia Popular. Mantido aqui apenas para historico e transicao
849;666;XIV;Medicamentos submetidos a reducao a zero - ANEXO REVOGADO pela Lei Complementar n. 227, de 13/01/2026;197;IBRUTINIBE;Revogado;100.0;0.0;IBS e CBS;NCM/SH;3004.90.69;30049069;8 digitos (item completo);Art. 146 (redacao original);Nao;ANEXO REVOGADO. A LC 227/2026 substituiu a lista por criterio de finalidade terapeutica no art. 146: doencas raras, doencas negligenciadas, oncologia, diabetes, HIV/aids e outras IST, doencas cardiovasculares e Programa Farmacia Popular. Mantido aqui apenas para historico e transicao
850;667;XIV;Medicamentos submetidos a reducao a zero - ANEXO REVOGADO pela Lei Complementar n. 227, de 13/01/2026;198;IDARRUBICINA;Revogado;100.0;0.0;IBS e CBS;NCM/SH;3004.20.63;30042063;8 digitos (item completo);Art. 146 (redacao original);Nao;ANEXO REVOGADO. A LC 227/2026 substituiu a lista por criterio de finalidade terapeutica no art. 146: doencas raras, doencas negligenciadas, oncologia, diabetes, HIV/aids e outras IST, doencas cardiovasculares e Programa Farmacia Popular. Mantido aqui apenas para historico e transicao
851;668;XIV;Medicamentos submetidos a reducao a zero - ANEXO REVOGADO pela Lei Complementar n. 227, de 13/01/2026;199;IDURSULFASE;Revogado;100.0;0.0;IBS e CBS;NCM/SH;3004.90.14;30049014;8 digitos (item completo);Art. 146 (redacao original);Nao;ANEXO REVOGADO. A LC 227/2026 substituiu a lista por criterio de finalidade terapeutica no art. 146: doencas raras, doencas negligenciadas, oncologia, diabetes, HIV/aids e outras IST, doencas cardiovasculares e Programa Farmacia Popular. Mantido aqui apenas para historico e transicao
852;669;XIV;Medicamentos submetidos a reducao a zero - ANEXO REVOGADO pela Lei Complementar n. 227, de 13/01/2026;200;IFOSFAMIDA;Revogado;100.0;0.0;IBS e CBS;NCM/SH;3004.90.79;30049079;8 digitos (item completo);Art. 146 (redacao original);Nao;ANEXO REVOGADO. A LC 227/2026 substituiu a lista por criterio de finalidade terapeutica no art. 146: doencas raras, doencas negligenciadas, oncologia, diabetes, HIV/aids e outras IST, doencas cardiovasculares e Programa Farmacia Popular. Mantido aqui apenas para historico e transicao
853;670;XIV;Medicamentos submetidos a reducao a zero - ANEXO REVOGADO pela Lei Complementar n. 227, de 13/01/2026;201;IMUNOGLOBULINA ANTIRRÁBICA;Revogado;100.0;0.0;IBS e CBS;NCM/SH;3002.12.39;30021239;8 digitos (item completo);Art. 146 (redacao original);Nao;ANEXO REVOGADO. A LC 227/2026 substituiu a lista por criterio de finalidade terapeutica no art. 146: doencas raras, doencas negligenciadas, oncologia, diabetes, HIV/aids e outras IST, doencas cardiovasculares e Programa Farmacia Popular. Mantido aqui apenas para historico e transicao
854;671;XIV;Medicamentos submetidos a reducao a zero - ANEXO REVOGADO pela Lei Complementar n. 227, de 13/01/2026;202;IMUNOGLOBULINA ANTITETÂNICA;Revogado;100.0;0.0;IBS e CBS;NCM/SH;3002.12.39;30021239;8 digitos (item completo);Art. 146 (redacao original);Nao;ANEXO REVOGADO. A LC 227/2026 substituiu a lista por criterio de finalidade terapeutica no art. 146: doencas raras, doencas negligenciadas, oncologia, diabetes, HIV/aids e outras IST, doencas cardiovasculares e Programa Farmacia Popular. Mantido aqui apenas para historico e transicao
855;672;XIV;Medicamentos submetidos a reducao a zero - ANEXO REVOGADO pela Lei Complementar n. 227, de 13/01/2026;203;IMUNOGLOBULINA HUMANA ANTI-HEPATITE B;Revogado;100.0;0.0;IBS e CBS;NCM/SH;3002.12.39;30021239;8 digitos (item completo);Art. 146 (redacao original);Nao;ANEXO REVOGADO. A LC 227/2026 substituiu a lista por criterio de finalidade terapeutica no art. 146: doencas raras, doencas negligenciadas, oncologia, diabetes, HIV/aids e outras IST, doencas cardiovasculares e Programa Farmacia Popular. Mantido aqui apenas para historico e transicao
856;673;XIV;Medicamentos submetidos a reducao a zero - ANEXO REVOGADO pela Lei Complementar n. 227, de 13/01/2026;204;INSULINA GLARGINA;Revogado;100.0;0.0;IBS e CBS;NCM/SH;3004.31.00;30043100;8 digitos (item completo);Art. 146 (redacao original);Nao;ANEXO REVOGADO. A LC 227/2026 substituiu a lista por criterio de finalidade terapeutica no art. 146: doencas raras, doencas negligenciadas, oncologia, diabetes, HIV/aids e outras IST, doencas cardiovasculares e Programa Farmacia Popular. Mantido aqui apenas para historico e transicao
857;674;XIV;Medicamentos submetidos a reducao a zero - ANEXO REVOGADO pela Lei Complementar n. 227, de 13/01/2026;205;INSULINA HUMANA;Revogado;100.0;0.0;IBS e CBS;NCM/SH;3004.31.00;30043100;8 digitos (item completo);Art. 146 (redacao original);Nao;ANEXO REVOGADO. A LC 227/2026 substituiu a lista por criterio de finalidade terapeutica no art. 146: doencas raras, doencas negligenciadas, oncologia, diabetes, HIV/aids e outras IST, doencas cardiovasculares e Programa Farmacia Popular. Mantido aqui apenas para historico e transicao
858;675;XIV;Medicamentos submetidos a reducao a zero - ANEXO REVOGADO pela Lei Complementar n. 227, de 13/01/2026;206;INTERFERON ALFA-2A E INTERFERON ALFA-2B;Revogado;100.0;0.0;IBS e CBS;NCM/SH;3002.15.90;30021590;8 digitos (item completo);Art. 146 (redacao original);Nao;ANEXO REVOGADO. A LC 227/2026 substituiu a lista por criterio de finalidade terapeutica no art. 146: doencas raras, doencas negligenciadas, oncologia, diabetes, HIV/aids e outras IST, doencas cardiovasculares e Programa Farmacia Popular. Mantido aqui apenas para historico e transicao
859;676;XIV;Medicamentos submetidos a reducao a zero - ANEXO REVOGADO pela Lei Complementar n. 227, de 13/01/2026;207;IOPAMIDOL;Revogado;100.0;0.0;IBS e CBS;NCM/SH;3006.30.13;30063013;8 digitos (item completo);Art. 146 (redacao original);Nao;ANEXO REVOGADO. A LC 227/2026 substituiu a lista por criterio de finalidade terapeutica no art. 146: doencas raras, doencas negligenciadas, oncologia, diabetes, HIV/aids e outras IST, doencas cardiovasculares e Programa Farmacia Popular. Mantido aqui apenas para historico e transicao
860;677;XIV;Medicamentos submetidos a reducao a zero - ANEXO REVOGADO pela Lei Complementar n. 227, de 13/01/2026;208;IPILIMUMABE;Revogado;100.0;0.0;IBS e CBS;NCM/SH;3002.15.90;30021590;8 digitos (item completo);Art. 146 (redacao original);Nao;ANEXO REVOGADO. A LC 227/2026 substituiu a lista por criterio de finalidade terapeutica no art. 146: doencas raras, doencas negligenciadas, oncologia, diabetes, HIV/aids e outras IST, doencas cardiovasculares e Programa Farmacia Popular. Mantido aqui apenas para historico e transicao
861;678;XIV;Medicamentos submetidos a reducao a zero - ANEXO REVOGADO pela Lei Complementar n. 227, de 13/01/2026;209;ISETIONATO DE PENTAMIDINA;Revogado;100.0;0.0;IBS e CBS;NCM/SH;3004.90.47;30049047;8 digitos (item completo);Art. 146 (redacao original);Nao;ANEXO REVOGADO. A LC 227/2026 substituiu a lista por criterio de finalidade terapeutica no art. 146: doencas raras, doencas negligenciadas, oncologia, diabetes, HIV/aids e outras IST, doencas cardiovasculares e Programa Farmacia Popular. Mantido aqui apenas para historico e transicao
862;679;XIV;Medicamentos submetidos a reducao a zero - ANEXO REVOGADO pela Lei Complementar n. 227, de 13/01/2026;210;ISOFLURANO;Revogado;100.0;0.0;IBS e CBS;NCM/SH;3004.90.99;30049099;8 digitos (item completo);Art. 146 (redacao original);Nao;ANEXO REVOGADO. A LC 227/2026 substituiu a lista por criterio de finalidade terapeutica no art. 146: doencas raras, doencas negligenciadas, oncologia, diabetes, HIV/aids e outras IST, doencas cardiovasculares e Programa Farmacia Popular. Mantido aqui apenas para historico e transicao
863;680;XIV;Medicamentos submetidos a reducao a zero - ANEXO REVOGADO pela Lei Complementar n. 227, de 13/01/2026;211;ISOTRETINOÍNA;Revogado;100.0;0.0;IBS e CBS;NCM/SH;3004.50.90;30045090;8 digitos (item completo);Art. 146 (redacao original);Nao;ANEXO REVOGADO. A LC 227/2026 substituiu a lista por criterio de finalidade terapeutica no art. 146: doencas raras, doencas negligenciadas, oncologia, diabetes, HIV/aids e outras IST, doencas cardiovasculares e Programa Farmacia Popular. Mantido aqui apenas para historico e transicao
864;681;XIV;Medicamentos submetidos a reducao a zero - ANEXO REVOGADO pela Lei Complementar n. 227, de 13/01/2026;212;IVACAFTOR;Revogado;100.0;0.0;IBS e CBS;NCM/SH;3004.90.69;30049069;8 digitos (item completo);Art. 146 (redacao original);Nao;ANEXO REVOGADO. A LC 227/2026 substituiu a lista por criterio de finalidade terapeutica no art. 146: doencas raras, doencas negligenciadas, oncologia, diabetes, HIV/aids e outras IST, doencas cardiovasculares e Programa Farmacia Popular. Mantido aqui apenas para historico e transicao
865;682;XIV;Medicamentos submetidos a reducao a zero - ANEXO REVOGADO pela Lei Complementar n. 227, de 13/01/2026;213;LAMIVUDINA + ZIDOVUDINA;Revogado;100.0;0.0;IBS e CBS;NCM/SH;3004.90.79;30049079;8 digitos (item completo);Art. 146 (redacao original);Nao;ANEXO REVOGADO. A LC 227/2026 substituiu a lista por criterio de finalidade terapeutica no art. 146: doencas raras, doencas negligenciadas, oncologia, diabetes, HIV/aids e outras IST, doencas cardiovasculares e Programa Farmacia Popular. Mantido aqui apenas para historico e transicao
866;683;XIV;Medicamentos submetidos a reducao a zero - ANEXO REVOGADO pela Lei Complementar n. 227, de 13/01/2026;214;LETROZOL;Revogado;100.0;0.0;IBS e CBS;NCM/SH;3004.90.68;30049068;8 digitos (item completo);Art. 146 (redacao original);Nao;ANEXO REVOGADO. A LC 227/2026 substituiu a lista por criterio de finalidade terapeutica no art. 146: doencas raras, doencas negligenciadas, oncologia, diabetes, HIV/aids e outras IST, doencas cardiovasculares e Programa Farmacia Popular. Mantido aqui apenas para historico e transicao
867;684;XIV;Medicamentos submetidos a reducao a zero - ANEXO REVOGADO pela Lei Complementar n. 227, de 13/01/2026;215;LEVETIRACETAM;Revogado;100.0;0.0;IBS e CBS;NCM/SH;3004.90.69;30049069;8 digitos (item completo);Art. 146 (redacao original);Nao;ANEXO REVOGADO. A LC 227/2026 substituiu a lista por criterio de finalidade terapeutica no art. 146: doencas raras, doencas negligenciadas, oncologia, diabetes, HIV/aids e outras IST, doencas cardiovasculares e Programa Farmacia Popular. Mantido aqui apenas para historico e transicao
868;685;XIV;Medicamentos submetidos a reducao a zero - ANEXO REVOGADO pela Lei Complementar n. 227, de 13/01/2026;216;LIDOCAÍNA;Revogado;100.0;0.0;IBS e CBS;NCM/SH;3004.90.43;30049043;8 digitos (item completo);Art. 146 (redacao original);Nao;ANEXO REVOGADO. A LC 227/2026 substituiu a lista por criterio de finalidade terapeutica no art. 146: doencas raras, doencas negligenciadas, oncologia, diabetes, HIV/aids e outras IST, doencas cardiovasculares e Programa Farmacia Popular. Mantido aqui apenas para historico e transicao
869;686;XIV;Medicamentos submetidos a reducao a zero - ANEXO REVOGADO pela Lei Complementar n. 227, de 13/01/2026;217;LINEZOLIDA;Revogado;100.0;0.0;IBS e CBS;NCM/SH;3004.90.79;30049079;8 digitos (item completo);Art. 146 (redacao original);Nao;ANEXO REVOGADO. A LC 227/2026 substituiu a lista por criterio de finalidade terapeutica no art. 146: doencas raras, doencas negligenciadas, oncologia, diabetes, HIV/aids e outras IST, doencas cardiovasculares e Programa Farmacia Popular. Mantido aqui apenas para historico e transicao
870;687;XIV;Medicamentos submetidos a reducao a zero - ANEXO REVOGADO pela Lei Complementar n. 227, de 13/01/2026;218;LIPEGFILGRASTIM;Revogado;100.0;0.0;IBS e CBS;NCM/SH;3002.15.90;30021590;8 digitos (item completo);Art. 146 (redacao original);Nao;ANEXO REVOGADO. A LC 227/2026 substituiu a lista por criterio de finalidade terapeutica no art. 146: doencas raras, doencas negligenciadas, oncologia, diabetes, HIV/aids e outras IST, doencas cardiovasculares e Programa Farmacia Popular. Mantido aqui apenas para historico e transicao
871;688;XIV;Medicamentos submetidos a reducao a zero - ANEXO REVOGADO pela Lei Complementar n. 227, de 13/01/2026;219;LOPINAVIR + RITONAVIR;Revogado;100.0;0.0;IBS e CBS;NCM/SH;3004.90.68;30049068;8 digitos (item completo);Art. 146 (redacao original);Nao;ANEXO REVOGADO. A LC 227/2026 substituiu a lista por criterio de finalidade terapeutica no art. 146: doencas raras, doencas negligenciadas, oncologia, diabetes, HIV/aids e outras IST, doencas cardiovasculares e Programa Farmacia Popular. Mantido aqui apenas para historico e transicao
872;689;XIV;Medicamentos submetidos a reducao a zero - ANEXO REVOGADO pela Lei Complementar n. 227, de 13/01/2026;220;LOSARTANA POTÁSSICA;Revogado;100.0;0.0;IBS e CBS;NCM/SH;3004.90.69;30049069;8 digitos (item completo);Art. 146 (redacao original);Nao;ANEXO REVOGADO. A LC 227/2026 substituiu a lista por criterio de finalidade terapeutica no art. 146: doencas raras, doencas negligenciadas, oncologia, diabetes, HIV/aids e outras IST, doencas cardiovasculares e Programa Farmacia Popular. Mantido aqui apenas para historico e transicao
873;690;XIV;Medicamentos submetidos a reducao a zero - ANEXO REVOGADO pela Lei Complementar n. 227, de 13/01/2026;221;LUMACAFTOR;Revogado;100.0;0.0;IBS e CBS;NCM/SH;3004.90.69;30049069;8 digitos (item completo);Art. 146 (redacao original);Nao;ANEXO REVOGADO. A LC 227/2026 substituiu a lista por criterio de finalidade terapeutica no art. 146: doencas raras, doencas negligenciadas, oncologia, diabetes, HIV/aids e outras IST, doencas cardiovasculares e Programa Farmacia Popular. Mantido aqui apenas para historico e transicao
874;691;XIV;Medicamentos submetidos a reducao a zero - ANEXO REVOGADO pela Lei Complementar n. 227, de 13/01/2026;222;MALEATO DE ACALABRUTINIBE MONOIDRATADO;Revogado;100.0;0.0;IBS e CBS;NCM/SH;3004.90.69;30049069;8 digitos (item completo);Art. 146 (redacao original);Nao;ANEXO REVOGADO. A LC 227/2026 substituiu a lista por criterio de finalidade terapeutica no art. 146: doencas raras, doencas negligenciadas, oncologia, diabetes, HIV/aids e outras IST, doencas cardiovasculares e Programa Farmacia Popular. Mantido aqui apenas para historico e transicao
875;692;XIV;Medicamentos submetidos a reducao a zero - ANEXO REVOGADO pela Lei Complementar n. 227, de 13/01/2026;223;MALEATO DE SUNITINIBE;Revogado;100.0;0.0;IBS e CBS;NCM/SH;3004.90.69;30049069;8 digitos (item completo);Art. 146 (redacao original);Nao;ANEXO REVOGADO. A LC 227/2026 substituiu a lista por criterio de finalidade terapeutica no art. 146: doencas raras, doencas negligenciadas, oncologia, diabetes, HIV/aids e outras IST, doencas cardiovasculares e Programa Farmacia Popular. Mantido aqui apenas para historico e transicao
876;693;XIV;Medicamentos submetidos a reducao a zero - ANEXO REVOGADO pela Lei Complementar n. 227, de 13/01/2026;224;MALEATO DE TIMOLOL;Revogado;100.0;0.0;IBS e CBS;NCM/SH;3004.90.79;30049079;8 digitos (item completo);Art. 146 (redacao original);Nao;ANEXO REVOGADO. A LC 227/2026 substituiu a lista por criterio de finalidade terapeutica no art. 146: doencas raras, doencas negligenciadas, oncologia, diabetes, HIV/aids e outras IST, doencas cardiovasculares e Programa Farmacia Popular. Mantido aqui apenas para historico e transicao
877;694;XIV;Medicamentos submetidos a reducao a zero - ANEXO REVOGADO pela Lei Complementar n. 227, de 13/01/2026;225;MARAVIROQUE;Revogado;100.0;0.0;IBS e CBS;NCM/SH;3004.90.49;30049049;8 digitos (item completo);Art. 146 (redacao original);Nao;ANEXO REVOGADO. A LC 227/2026 substituiu a lista por criterio de finalidade terapeutica no art. 146: doencas raras, doencas negligenciadas, oncologia, diabetes, HIV/aids e outras IST, doencas cardiovasculares e Programa Farmacia Popular. Mantido aqui apenas para historico e transicao
878;695;XIV;Medicamentos submetidos a reducao a zero - ANEXO REVOGADO pela Lei Complementar n. 227, de 13/01/2026;226;MEPOLIZUMABE;Revogado;100.0;0.0;IBS e CBS;NCM/SH;3002.15.90;30021590;8 digitos (item completo);Art. 146 (redacao original);Nao;ANEXO REVOGADO. A LC 227/2026 substituiu a lista por criterio de finalidade terapeutica no art. 146: doencas raras, doencas negligenciadas, oncologia, diabetes, HIV/aids e outras IST, doencas cardiovasculares e Programa Farmacia Popular. Mantido aqui apenas para historico e transicao
879;696;XIV;Medicamentos submetidos a reducao a zero - ANEXO REVOGADO pela Lei Complementar n. 227, de 13/01/2026;227;MERCAPTOPURINA;Revogado;100.0;0.0;IBS e CBS;NCM/SH;3004.90.63;30049063;8 digitos (item completo);Art. 146 (redacao original);Nao;ANEXO REVOGADO. A LC 227/2026 substituiu a lista por criterio de finalidade terapeutica no art. 146: doencas raras, doencas negligenciadas, oncologia, diabetes, HIV/aids e outras IST, doencas cardiovasculares e Programa Farmacia Popular. Mantido aqui apenas para historico e transicao
880;697;XIV;Medicamentos submetidos a reducao a zero - ANEXO REVOGADO pela Lei Complementar n. 227, de 13/01/2026;228;MESILATO DE DABRAFENIBE;Revogado;100.0;0.0;IBS e CBS;NCM/SH;3004.90.79;30049079;8 digitos (item completo);Art. 146 (redacao original);Nao;ANEXO REVOGADO. A LC 227/2026 substituiu a lista por criterio de finalidade terapeutica no art. 146: doencas raras, doencas negligenciadas, oncologia, diabetes, HIV/aids e outras IST, doencas cardiovasculares e Programa Farmacia Popular. Mantido aqui apenas para historico e transicao
881;698;XIV;Medicamentos submetidos a reducao a zero - ANEXO REVOGADO pela Lei Complementar n. 227, de 13/01/2026;229;MESILATO DE DESFERROXAMINA;Revogado;100.0;0.0;IBS e CBS;NCM/SH;3004.90.48;30049048;8 digitos (item completo);Art. 146 (redacao original);Nao;ANEXO REVOGADO. A LC 227/2026 substituiu a lista por criterio de finalidade terapeutica no art. 146: doencas raras, doencas negligenciadas, oncologia, diabetes, HIV/aids e outras IST, doencas cardiovasculares e Programa Farmacia Popular. Mantido aqui apenas para historico e transicao
882;699;XIV;Medicamentos submetidos a reducao a zero - ANEXO REVOGADO pela Lei Complementar n. 227, de 13/01/2026;230;MESILATO DE IMATINIBE;Revogado;100.0;0.0;IBS e CBS;NCM/SH;3004.90.68;30049068;8 digitos (item completo);Art. 146 (redacao original);Nao;ANEXO REVOGADO. A LC 227/2026 substituiu a lista por criterio de finalidade terapeutica no art. 146: doencas raras, doencas negligenciadas, oncologia, diabetes, HIV/aids e outras IST, doencas cardiovasculares e Programa Farmacia Popular. Mantido aqui apenas para historico e transicao
883;700;XIV;Medicamentos submetidos a reducao a zero - ANEXO REVOGADO pela Lei Complementar n. 227, de 13/01/2026;231;MESILATO DE NELFINAVIR;Revogado;100.0;0.0;IBS e CBS;NCM/SH;3004.90.68;30049068;8 digitos (item completo);Art. 146 (redacao original);Nao;ANEXO REVOGADO. A LC 227/2026 substituiu a lista por criterio de finalidade terapeutica no art. 146: doencas raras, doencas negligenciadas, oncologia, diabetes, HIV/aids e outras IST, doencas cardiovasculares e Programa Farmacia Popular. Mantido aqui apenas para historico e transicao
884;701;XIV;Medicamentos submetidos a reducao a zero - ANEXO REVOGADO pela Lei Complementar n. 227, de 13/01/2026;232;MESILATO DE OSIMERTINIBE;Revogado;100.0;0.0;IBS e CBS;NCM/SH;3004.90.69;30049069;8 digitos (item completo);Art. 146 (redacao original);Nao;ANEXO REVOGADO. A LC 227/2026 substituiu a lista por criterio de finalidade terapeutica no art. 146: doencas raras, doencas negligenciadas, oncologia, diabetes, HIV/aids e outras IST, doencas cardiovasculares e Programa Farmacia Popular. Mantido aqui apenas para historico e transicao
885;702;XIV;Medicamentos submetidos a reducao a zero - ANEXO REVOGADO pela Lei Complementar n. 227, de 13/01/2026;233;MESILATO DE RASAGILINA;Revogado;100.0;0.0;IBS e CBS;NCM/SH;3004.90.39;30049039;8 digitos (item completo);Art. 146 (redacao original);Nao;ANEXO REVOGADO. A LC 227/2026 substituiu a lista por criterio de finalidade terapeutica no art. 146: doencas raras, doencas negligenciadas, oncologia, diabetes, HIV/aids e outras IST, doencas cardiovasculares e Programa Farmacia Popular. Mantido aqui apenas para historico e transicao
886;703;XIV;Medicamentos submetidos a reducao a zero - ANEXO REVOGADO pela Lei Complementar n. 227, de 13/01/2026;234;MESNA;Revogado;100.0;0.0;IBS e CBS;NCM/SH;3004.90.59;30049059;8 digitos (item completo);Art. 146 (redacao original);Nao;ANEXO REVOGADO. A LC 227/2026 substituiu a lista por criterio de finalidade terapeutica no art. 146: doencas raras, doencas negligenciadas, oncologia, diabetes, HIV/aids e outras IST, doencas cardiovasculares e Programa Farmacia Popular. Mantido aqui apenas para historico e transicao
887;704;XIV;Medicamentos submetidos a reducao a zero - ANEXO REVOGADO pela Lei Complementar n. 227, de 13/01/2026;235;METILPREDNISOLONA;Revogado;100.0;0.0;IBS e CBS;NCM/SH;3004.90.99;30049099;8 digitos (item completo);Art. 146 (redacao original);Nao;ANEXO REVOGADO. A LC 227/2026 substituiu a lista por criterio de finalidade terapeutica no art. 146: doencas raras, doencas negligenciadas, oncologia, diabetes, HIV/aids e outras IST, doencas cardiovasculares e Programa Farmacia Popular. Mantido aqui apenas para historico e transicao
888;705;XIV;Medicamentos submetidos a reducao a zero - ANEXO REVOGADO pela Lei Complementar n. 227, de 13/01/2026;236;METOTREXATO;Revogado;100.0;0.0;IBS e CBS;NCM/SH;3004.90.69;30049069;8 digitos (item completo);Art. 146 (redacao original);Nao;ANEXO REVOGADO. A LC 227/2026 substituiu a lista por criterio de finalidade terapeutica no art. 146: doencas raras, doencas negligenciadas, oncologia, diabetes, HIV/aids e outras IST, doencas cardiovasculares e Programa Farmacia Popular. Mantido aqui apenas para historico e transicao
889;706;XIV;Medicamentos submetidos a reducao a zero - ANEXO REVOGADO pela Lei Complementar n. 227, de 13/01/2026;237;METOTREXATO DE SÓDIO;Revogado;100.0;0.0;IBS e CBS;NCM/SH;3004.90.69;30049069;8 digitos (item completo);Art. 146 (redacao original);Nao;ANEXO REVOGADO. A LC 227/2026 substituiu a lista por criterio de finalidade terapeutica no art. 146: doencas raras, doencas negligenciadas, oncologia, diabetes, HIV/aids e outras IST, doencas cardiovasculares e Programa Farmacia Popular. Mantido aqui apenas para historico e transicao
890;707;XIV;Medicamentos submetidos a reducao a zero - ANEXO REVOGADO pela Lei Complementar n. 227, de 13/01/2026;238;MICOFENOLATO DE MOFETILA;Revogado;100.0;0.0;IBS e CBS;NCM/SH;3004.90.79;30049079;8 digitos (item completo);Art. 146 (redacao original);Nao;ANEXO REVOGADO. A LC 227/2026 substituiu a lista por criterio de finalidade terapeutica no art. 146: doencas raras, doencas negligenciadas, oncologia, diabetes, HIV/aids e outras IST, doencas cardiovasculares e Programa Farmacia Popular. Mantido aqui apenas para historico e transicao
891;708;XIV;Medicamentos submetidos a reducao a zero - ANEXO REVOGADO pela Lei Complementar n. 227, de 13/01/2026;239;MICOFENOLATO DE SÓDIO;Revogado;100.0;0.0;IBS e CBS;NCM/SH;3004.90.59;30049059;8 digitos (item completo);Art. 146 (redacao original);Nao;ANEXO REVOGADO. A LC 227/2026 substituiu a lista por criterio de finalidade terapeutica no art. 146: doencas raras, doencas negligenciadas, oncologia, diabetes, HIV/aids e outras IST, doencas cardiovasculares e Programa Farmacia Popular. Mantido aqui apenas para historico e transicao
892;709;XIV;Medicamentos submetidos a reducao a zero - ANEXO REVOGADO pela Lei Complementar n. 227, de 13/01/2026;240;MIDAZOLAM;Revogado;100.0;0.0;IBS e CBS;NCM/SH;3004.90.69;30049069;8 digitos (item completo);Art. 146 (redacao original);Nao;ANEXO REVOGADO. A LC 227/2026 substituiu a lista por criterio de finalidade terapeutica no art. 146: doencas raras, doencas negligenciadas, oncologia, diabetes, HIV/aids e outras IST, doencas cardiovasculares e Programa Farmacia Popular. Mantido aqui apenas para historico e transicao
893;710;XIV;Medicamentos submetidos a reducao a zero - ANEXO REVOGADO pela Lei Complementar n. 227, de 13/01/2026;241;MIDOSTAURINA;Revogado;100.0;0.0;IBS e CBS;NCM/SH;3004.90.79;30049079;8 digitos (item completo);Art. 146 (redacao original);Nao;ANEXO REVOGADO. A LC 227/2026 substituiu a lista por criterio de finalidade terapeutica no art. 146: doencas raras, doencas negligenciadas, oncologia, diabetes, HIV/aids e outras IST, doencas cardiovasculares e Programa Farmacia Popular. Mantido aqui apenas para historico e transicao
894;711;XIV;Medicamentos submetidos a reducao a zero - ANEXO REVOGADO pela Lei Complementar n. 227, de 13/01/2026;242;MIFAMURTIDA;Revogado;100.0;0.0;IBS e CBS;NCM/SH;3004.90.59;30049059;8 digitos (item completo);Art. 146 (redacao original);Nao;ANEXO REVOGADO. A LC 227/2026 substituiu a lista por criterio de finalidade terapeutica no art. 146: doencas raras, doencas negligenciadas, oncologia, diabetes, HIV/aids e outras IST, doencas cardiovasculares e Programa Farmacia Popular. Mantido aqui apenas para historico e transicao
895;712;XIV;Medicamentos submetidos a reducao a zero - ANEXO REVOGADO pela Lei Complementar n. 227, de 13/01/2026;243;MITOMICINA;Revogado;100.0;0.0;IBS e CBS;NCM/SH;3004.20.91;30042091;8 digitos (item completo);Art. 146 (redacao original);Nao;ANEXO REVOGADO. A LC 227/2026 substituiu a lista por criterio de finalidade terapeutica no art. 146: doencas raras, doencas negligenciadas, oncologia, diabetes, HIV/aids e outras IST, doencas cardiovasculares e Programa Farmacia Popular. Mantido aqui apenas para historico e transicao
896;713;XIV;Medicamentos submetidos a reducao a zero - ANEXO REVOGADO pela Lei Complementar n. 227, de 13/01/2026;244;MITOTANO;Revogado;100.0;0.0;IBS e CBS;NCM/SH;3004.90.95;30049095;8 digitos (item completo);Art. 146 (redacao original);Nao;ANEXO REVOGADO. A LC 227/2026 substituiu a lista por criterio de finalidade terapeutica no art. 146: doencas raras, doencas negligenciadas, oncologia, diabetes, HIV/aids e outras IST, doencas cardiovasculares e Programa Farmacia Popular. Mantido aqui apenas para historico e transicao
897;714;XIV;Medicamentos submetidos a reducao a zero - ANEXO REVOGADO pela Lei Complementar n. 227, de 13/01/2026;245;NEVIRAPINA;Revogado;100.0;0.0;IBS e CBS;NCM/SH;3004.90.68;30049068;8 digitos (item completo);Art. 146 (redacao original);Nao;ANEXO REVOGADO. A LC 227/2026 substituiu a lista por criterio de finalidade terapeutica no art. 146: doencas raras, doencas negligenciadas, oncologia, diabetes, HIV/aids e outras IST, doencas cardiovasculares e Programa Farmacia Popular. Mantido aqui apenas para historico e transicao
898;715;XIV;Medicamentos submetidos a reducao a zero - ANEXO REVOGADO pela Lei Complementar n. 227, de 13/01/2026;246;NILOTINIBE;Revogado;100.0;0.0;IBS e CBS;NCM/SH;3004.90.69;30049069;8 digitos (item completo);Art. 146 (redacao original);Nao;ANEXO REVOGADO. A LC 227/2026 substituiu a lista por criterio de finalidade terapeutica no art. 146: doencas raras, doencas negligenciadas, oncologia, diabetes, HIV/aids e outras IST, doencas cardiovasculares e Programa Farmacia Popular. Mantido aqui apenas para historico e transicao
899;716;XIV;Medicamentos submetidos a reducao a zero - ANEXO REVOGADO pela Lei Complementar n. 227, de 13/01/2026;247;NITRENDIPINO;Revogado;100.0;0.0;IBS e CBS;NCM/SH;3004.90.69;30049069;8 digitos (item completo);Art. 146 (redacao original);Nao;ANEXO REVOGADO. A LC 227/2026 substituiu a lista por criterio de finalidade terapeutica no art. 146: doencas raras, doencas negligenciadas, oncologia, diabetes, HIV/aids e outras IST, doencas cardiovasculares e Programa Farmacia Popular. Mantido aqui apenas para historico e transicao
900;717;XIV;Medicamentos submetidos a reducao a zero - ANEXO REVOGADO pela Lei Complementar n. 227, de 13/01/2026;248;NIVOLUMABE;Revogado;100.0;0.0;IBS e CBS;NCM/SH;3002.15.90;30021590;8 digitos (item completo);Art. 146 (redacao original);Nao;ANEXO REVOGADO. A LC 227/2026 substituiu a lista por criterio de finalidade terapeutica no art. 146: doencas raras, doencas negligenciadas, oncologia, diabetes, HIV/aids e outras IST, doencas cardiovasculares e Programa Farmacia Popular. Mantido aqui apenas para historico e transicao
901;718;XIV;Medicamentos submetidos a reducao a zero - ANEXO REVOGADO pela Lei Complementar n. 227, de 13/01/2026;249;NUSINERSENA;Revogado;100.0;0.0;IBS e CBS;NCM/SH;3004.90.79;30049079;8 digitos (item completo);Art. 146 (redacao original);Nao;ANEXO REVOGADO. A LC 227/2026 substituiu a lista por criterio de finalidade terapeutica no art. 146: doencas raras, doencas negligenciadas, oncologia, diabetes, HIV/aids e outras IST, doencas cardiovasculares e Programa Farmacia Popular. Mantido aqui apenas para historico e transicao
902;719;XIV;Medicamentos submetidos a reducao a zero - ANEXO REVOGADO pela Lei Complementar n. 227, de 13/01/2026;250;OCRELIZUMABE;Revogado;100.0;0.0;IBS e CBS;NCM/SH;3002.15.90;30021590;8 digitos (item completo);Art. 146 (redacao original);Nao;ANEXO REVOGADO. A LC 227/2026 substituiu a lista por criterio de finalidade terapeutica no art. 146: doencas raras, doencas negligenciadas, oncologia, diabetes, HIV/aids e outras IST, doencas cardiovasculares e Programa Farmacia Popular. Mantido aqui apenas para historico e transicao
903;720;XIV;Medicamentos submetidos a reducao a zero - ANEXO REVOGADO pela Lei Complementar n. 227, de 13/01/2026;251;OCTREOTIDA;Revogado;100.0;0.0;IBS e CBS;NCM/SH;3004.39.26;30043926;8 digitos (item completo);Art. 146 (redacao original);Nao;ANEXO REVOGADO. A LC 227/2026 substituiu a lista por criterio de finalidade terapeutica no art. 146: doencas raras, doencas negligenciadas, oncologia, diabetes, HIV/aids e outras IST, doencas cardiovasculares e Programa Farmacia Popular. Mantido aqui apenas para historico e transicao
904;721;XIV;Medicamentos submetidos a reducao a zero - ANEXO REVOGADO pela Lei Complementar n. 227, de 13/01/2026;252;OLAPARIBE;Revogado;100.0;0.0;IBS e CBS;NCM/SH;3004.90.69;30049069;8 digitos (item completo);Art. 146 (redacao original);Nao;ANEXO REVOGADO. A LC 227/2026 substituiu a lista por criterio de finalidade terapeutica no art. 146: doencas raras, doencas negligenciadas, oncologia, diabetes, HIV/aids e outras IST, doencas cardiovasculares e Programa Farmacia Popular. Mantido aqui apenas para historico e transicao
905;722;XIV;Medicamentos submetidos a reducao a zero - ANEXO REVOGADO pela Lei Complementar n. 227, de 13/01/2026;253;OLARATUMABE;Revogado;100.0;0.0;IBS e CBS;NCM/SH;3002.15.90;30021590;8 digitos (item completo);Art. 146 (redacao original);Nao;ANEXO REVOGADO. A LC 227/2026 substituiu a lista por criterio de finalidade terapeutica no art. 146: doencas raras, doencas negligenciadas, oncologia, diabetes, HIV/aids e outras IST, doencas cardiovasculares e Programa Farmacia Popular. Mantido aqui apenas para historico e transicao
906;723;XIV;Medicamentos submetidos a reducao a zero - ANEXO REVOGADO pela Lei Complementar n. 227, de 13/01/2026;254;ONASEMNOGENO ABEPARVOVEQUE;Revogado;100.0;0.0;IBS e CBS;NCM/SH;3002.90.00;30029000;8 digitos (item completo);Art. 146 (redacao original);Nao;ANEXO REVOGADO. A LC 227/2026 substituiu a lista por criterio de finalidade terapeutica no art. 146: doencas raras, doencas negligenciadas, oncologia, diabetes, HIV/aids e outras IST, doencas cardiovasculares e Programa Farmacia Popular. Mantido aqui apenas para historico e transicao
907;724;XIV;Medicamentos submetidos a reducao a zero - ANEXO REVOGADO pela Lei Complementar n. 227, de 13/01/2026;255;OXALIPLATINA;Revogado;100.0;0.0;IBS e CBS;NCM/SH;3004.90.99;30049099;8 digitos (item completo);Art. 146 (redacao original);Nao;ANEXO REVOGADO. A LC 227/2026 substituiu a lista por criterio de finalidade terapeutica no art. 146: doencas raras, doencas negligenciadas, oncologia, diabetes, HIV/aids e outras IST, doencas cardiovasculares e Programa Farmacia Popular. Mantido aqui apenas para historico e transicao
908;725;XIV;Medicamentos submetidos a reducao a zero - ANEXO REVOGADO pela Lei Complementar n. 227, de 13/01/2026;256;PACLITAXEL;Revogado;100.0;0.0;IBS e CBS;NCM/SH;3004.90.59;30049059;8 digitos (item completo);Art. 146 (redacao original);Nao;ANEXO REVOGADO. A LC 227/2026 substituiu a lista por criterio de finalidade terapeutica no art. 146: doencas raras, doencas negligenciadas, oncologia, diabetes, HIV/aids e outras IST, doencas cardiovasculares e Programa Farmacia Popular. Mantido aqui apenas para historico e transicao
909;726;XIV;Medicamentos submetidos a reducao a zero - ANEXO REVOGADO pela Lei Complementar n. 227, de 13/01/2026;257;PALBOCICLIBE;Revogado;100.0;0.0;IBS e CBS;NCM/SH;3004.90.69;30049069;8 digitos (item completo);Art. 146 (redacao original);Nao;ANEXO REVOGADO. A LC 227/2026 substituiu a lista por criterio de finalidade terapeutica no art. 146: doencas raras, doencas negligenciadas, oncologia, diabetes, HIV/aids e outras IST, doencas cardiovasculares e Programa Farmacia Popular. Mantido aqui apenas para historico e transicao
910;727;XIV;Medicamentos submetidos a reducao a zero - ANEXO REVOGADO pela Lei Complementar n. 227, de 13/01/2026;258;PAMIDRONATO DISSÓDICO;Revogado;100.0;0.0;IBS e CBS;NCM/SH;3004.90.59;30049059;8 digitos (item completo);Art. 146 (redacao original);Nao;ANEXO REVOGADO. A LC 227/2026 substituiu a lista por criterio de finalidade terapeutica no art. 146: doencas raras, doencas negligenciadas, oncologia, diabetes, HIV/aids e outras IST, doencas cardiovasculares e Programa Farmacia Popular. Mantido aqui apenas para historico e transicao
911;728;XIV;Medicamentos submetidos a reducao a zero - ANEXO REVOGADO pela Lei Complementar n. 227, de 13/01/2026;259;PAMOATO DE PASIREOTIDA;Revogado;100.0;0.0;IBS e CBS;NCM/SH;3004.39.29;30043929;8 digitos (item completo);Art. 146 (redacao original);Nao;ANEXO REVOGADO. A LC 227/2026 substituiu a lista por criterio de finalidade terapeutica no art. 146: doencas raras, doencas negligenciadas, oncologia, diabetes, HIV/aids e outras IST, doencas cardiovasculares e Programa Farmacia Popular. Mantido aqui apenas para historico e transicao
912;729;XIV;Medicamentos submetidos a reducao a zero - ANEXO REVOGADO pela Lei Complementar n. 227, de 13/01/2026;260;PANCREATINA;Revogado;100.0;0.0;IBS e CBS;NCM/SH;3004.90.19;30049019;8 digitos (item completo);Art. 146 (redacao original);Nao;ANEXO REVOGADO. A LC 227/2026 substituiu a lista por criterio de finalidade terapeutica no art. 146: doencas raras, doencas negligenciadas, oncologia, diabetes, HIV/aids e outras IST, doencas cardiovasculares e Programa Farmacia Popular. Mantido aqui apenas para historico e transicao
913;730;XIV;Medicamentos submetidos a reducao a zero - ANEXO REVOGADO pela Lei Complementar n. 227, de 13/01/2026;261;PANITUMUMABE;Revogado;100.0;0.0;IBS e CBS;NCM/SH;3002.15.90;30021590;8 digitos (item completo);Art. 146 (redacao original);Nao;ANEXO REVOGADO. A LC 227/2026 substituiu a lista por criterio de finalidade terapeutica no art. 146: doencas raras, doencas negligenciadas, oncologia, diabetes, HIV/aids e outras IST, doencas cardiovasculares e Programa Farmacia Popular. Mantido aqui apenas para historico e transicao
914;731;XIV;Medicamentos submetidos a reducao a zero - ANEXO REVOGADO pela Lei Complementar n. 227, de 13/01/2026;262;PEG INTERFERON ALFA-2B;Revogado;100.0;0.0;IBS e CBS;NCM/SH;3002.15.90;30021590;8 digitos (item completo);Art. 146 (redacao original);Nao;ANEXO REVOGADO. A LC 227/2026 substituiu a lista por criterio de finalidade terapeutica no art. 146: doencas raras, doencas negligenciadas, oncologia, diabetes, HIV/aids e outras IST, doencas cardiovasculares e Programa Farmacia Popular. Mantido aqui apenas para historico e transicao
915;732;XIV;Medicamentos submetidos a reducao a zero - ANEXO REVOGADO pela Lei Complementar n. 227, de 13/01/2026;263;PEG INTERFERON ALFA-2A;Revogado;100.0;0.0;IBS e CBS;NCM/SH;3002.15.10;30021510;8 digitos (item completo);Art. 146 (redacao original);Nao;ANEXO REVOGADO. A LC 227/2026 substituiu a lista por criterio de finalidade terapeutica no art. 146: doencas raras, doencas negligenciadas, oncologia, diabetes, HIV/aids e outras IST, doencas cardiovasculares e Programa Farmacia Popular. Mantido aqui apenas para historico e transicao
916;733;XIV;Medicamentos submetidos a reducao a zero - ANEXO REVOGADO pela Lei Complementar n. 227, de 13/01/2026;264;PEGASPARGASE;Revogado;100.0;0.0;IBS e CBS;NCM/SH;3004.90.19;30049019;8 digitos (item completo);Art. 146 (redacao original);Nao;ANEXO REVOGADO. A LC 227/2026 substituiu a lista por criterio de finalidade terapeutica no art. 146: doencas raras, doencas negligenciadas, oncologia, diabetes, HIV/aids e outras IST, doencas cardiovasculares e Programa Farmacia Popular. Mantido aqui apenas para historico e transicao
917;734;XIV;Medicamentos submetidos a reducao a zero - ANEXO REVOGADO pela Lei Complementar n. 227, de 13/01/2026;265;PEGFILGRASTIM;Revogado;100.0;0.0;IBS e CBS;NCM/SH;3002.15.90;30021590;8 digitos (item completo);Art. 146 (redacao original);Nao;ANEXO REVOGADO. A LC 227/2026 substituiu a lista por criterio de finalidade terapeutica no art. 146: doencas raras, doencas negligenciadas, oncologia, diabetes, HIV/aids e outras IST, doencas cardiovasculares e Programa Farmacia Popular. Mantido aqui apenas para historico e transicao
918;735;XIV;Medicamentos submetidos a reducao a zero - ANEXO REVOGADO pela Lei Complementar n. 227, de 13/01/2026;266;PEMETREXEDE DISSÓDICO;Revogado;100.0;0.0;IBS e CBS;NCM/SH;3004.90.69;30049069;8 digitos (item completo);Art. 146 (redacao original);Nao;ANEXO REVOGADO. A LC 227/2026 substituiu a lista por criterio de finalidade terapeutica no art. 146: doencas raras, doencas negligenciadas, oncologia, diabetes, HIV/aids e outras IST, doencas cardiovasculares e Programa Farmacia Popular. Mantido aqui apenas para historico e transicao
919;736;XIV;Medicamentos submetidos a reducao a zero - ANEXO REVOGADO pela Lei Complementar n. 227, de 13/01/2026;267;PEMETREXEDE DISSÓDICO HEMIPENTAIDRATADO;Revogado;100.0;0.0;IBS e CBS;NCM/SH;3004.90.69;30049069;8 digitos (item completo);Art. 146 (redacao original);Nao;ANEXO REVOGADO. A LC 227/2026 substituiu a lista por criterio de finalidade terapeutica no art. 146: doencas raras, doencas negligenciadas, oncologia, diabetes, HIV/aids e outras IST, doencas cardiovasculares e Programa Farmacia Popular. Mantido aqui apenas para historico e transicao
920;737;XIV;Medicamentos submetidos a reducao a zero - ANEXO REVOGADO pela Lei Complementar n. 227, de 13/01/2026;268;PEMETREXEDE DISSÓDICO HEPTAIDRATADO;Revogado;100.0;0.0;IBS e CBS;NCM/SH;3004.90.69;30049069;8 digitos (item completo);Art. 146 (redacao original);Nao;ANEXO REVOGADO. A LC 227/2026 substituiu a lista por criterio de finalidade terapeutica no art. 146: doencas raras, doencas negligenciadas, oncologia, diabetes, HIV/aids e outras IST, doencas cardiovasculares e Programa Farmacia Popular. Mantido aqui apenas para historico e transicao
921;738;XIV;Medicamentos submetidos a reducao a zero - ANEXO REVOGADO pela Lei Complementar n. 227, de 13/01/2026;269;PERTUZUMABE;Revogado;100.0;0.0;IBS e CBS;NCM/SH;3002.15.90;30021590;8 digitos (item completo);Art. 146 (redacao original);Nao;ANEXO REVOGADO. A LC 227/2026 substituiu a lista por criterio de finalidade terapeutica no art. 146: doencas raras, doencas negligenciadas, oncologia, diabetes, HIV/aids e outras IST, doencas cardiovasculares e Programa Farmacia Popular. Mantido aqui apenas para historico e transicao
922;739;XIV;Medicamentos submetidos a reducao a zero - ANEXO REVOGADO pela Lei Complementar n. 227, de 13/01/2026;270;PIOGLITAZONA;Revogado;100.0;0.0;IBS e CBS;NCM/SH;3004.90.79;30049079;8 digitos (item completo);Art. 146 (redacao original);Nao;ANEXO REVOGADO. A LC 227/2026 substituiu a lista por criterio de finalidade terapeutica no art. 146: doencas raras, doencas negligenciadas, oncologia, diabetes, HIV/aids e outras IST, doencas cardiovasculares e Programa Farmacia Popular. Mantido aqui apenas para historico e transicao
923;740;XIV;Medicamentos submetidos a reducao a zero - ANEXO REVOGADO pela Lei Complementar n. 227, de 13/01/2026;271;PIRAZINAMIDA + RIFAMPICINA + CLORIDRATO DE ETAMBUTOL + ISONIAZIDA;Revogado;100.0;0.0;IBS e CBS;NCM/SH;3002.20.32;30022032;8 digitos (item completo);Art. 146 (redacao original);Nao;ANEXO REVOGADO. A LC 227/2026 substituiu a lista por criterio de finalidade terapeutica no art. 146: doencas raras, doencas negligenciadas, oncologia, diabetes, HIV/aids e outras IST, doencas cardiovasculares e Programa Farmacia Popular. Mantido aqui apenas para historico e transicao
924;741;XIV;Medicamentos submetidos a reducao a zero - ANEXO REVOGADO pela Lei Complementar n. 227, de 13/01/2026;272;PLERIXAFOR;Revogado;100.0;0.0;IBS e CBS;NCM/SH;3004.90.69;30049069;8 digitos (item completo);Art. 146 (redacao original);Nao;ANEXO REVOGADO. A LC 227/2026 substituiu a lista por criterio de finalidade terapeutica no art. 146: doencas raras, doencas negligenciadas, oncologia, diabetes, HIV/aids e outras IST, doencas cardiovasculares e Programa Farmacia Popular. Mantido aqui apenas para historico e transicao
925;742;XIV;Medicamentos submetidos a reducao a zero - ANEXO REVOGADO pela Lei Complementar n. 227, de 13/01/2026;273;PRAZIQUANTEL;Revogado;100.0;0.0;IBS e CBS;NCM/SH;3004.90.63;30049063;8 digitos (item completo);Art. 146 (redacao original);Nao;ANEXO REVOGADO. A LC 227/2026 substituiu a lista por criterio de finalidade terapeutica no art. 146: doencas raras, doencas negligenciadas, oncologia, diabetes, HIV/aids e outras IST, doencas cardiovasculares e Programa Farmacia Popular. Mantido aqui apenas para historico e transicao
926;743;XIV;Medicamentos submetidos a reducao a zero - ANEXO REVOGADO pela Lei Complementar n. 227, de 13/01/2026;274;PREDNISOLONA;Revogado;100.0;0.0;IBS e CBS;NCM/SH;3004.32.10;30043210;8 digitos (item completo);Art. 146 (redacao original);Nao;ANEXO REVOGADO. A LC 227/2026 substituiu a lista por criterio de finalidade terapeutica no art. 146: doencas raras, doencas negligenciadas, oncologia, diabetes, HIV/aids e outras IST, doencas cardiovasculares e Programa Farmacia Popular. Mantido aqui apenas para historico e transicao
927;744;XIV;Medicamentos submetidos a reducao a zero - ANEXO REVOGADO pela Lei Complementar n. 227, de 13/01/2026;275;PREGABALINA;Revogado;100.0;0.0;IBS e CBS;NCM/SH;3004.90.39;30049039;8 digitos (item completo);Art. 146 (redacao original);Nao;ANEXO REVOGADO. A LC 227/2026 substituiu a lista por criterio de finalidade terapeutica no art. 146: doencas raras, doencas negligenciadas, oncologia, diabetes, HIV/aids e outras IST, doencas cardiovasculares e Programa Farmacia Popular. Mantido aqui apenas para historico e transicao
928;745;XIV;Medicamentos submetidos a reducao a zero - ANEXO REVOGADO pela Lei Complementar n. 227, de 13/01/2026;276;PROPOFOL;Revogado;100.0;0.0;IBS e CBS;NCM/SH;3004.90.95;30049095;8 digitos (item completo);Art. 146 (redacao original);Nao;ANEXO REVOGADO. A LC 227/2026 substituiu a lista por criterio de finalidade terapeutica no art. 146: doencas raras, doencas negligenciadas, oncologia, diabetes, HIV/aids e outras IST, doencas cardiovasculares e Programa Farmacia Popular. Mantido aqui apenas para historico e transicao
929;746;XIV;Medicamentos submetidos a reducao a zero - ANEXO REVOGADO pela Lei Complementar n. 227, de 13/01/2026;277;QUININA;Revogado;100.0;0.0;IBS e CBS;NCM/SH;3004.49.90;30044990;8 digitos (item completo);Art. 146 (redacao original);Nao;ANEXO REVOGADO. A LC 227/2026 substituiu a lista por criterio de finalidade terapeutica no art. 146: doencas raras, doencas negligenciadas, oncologia, diabetes, HIV/aids e outras IST, doencas cardiovasculares e Programa Farmacia Popular. Mantido aqui apenas para historico e transicao
930;747;XIV;Medicamentos submetidos a reducao a zero - ANEXO REVOGADO pela Lei Complementar n. 227, de 13/01/2026;278;RABEPRAZOL SÓDICO;Revogado;100.0;0.0;IBS e CBS;NCM/SH;3004.90.69;30049069;8 digitos (item completo);Art. 146 (redacao original);Nao;ANEXO REVOGADO. A LC 227/2026 substituiu a lista por criterio de finalidade terapeutica no art. 146: doencas raras, doencas negligenciadas, oncologia, diabetes, HIV/aids e outras IST, doencas cardiovasculares e Programa Farmacia Popular. Mantido aqui apenas para historico e transicao
931;748;XIV;Medicamentos submetidos a reducao a zero - ANEXO REVOGADO pela Lei Complementar n. 227, de 13/01/2026;279;RALTEGRAVIR;Revogado;100.0;0.0;IBS e CBS;NCM/SH;3004.90.49;30049049;8 digitos (item completo);Art. 146 (redacao original);Nao;ANEXO REVOGADO. A LC 227/2026 substituiu a lista por criterio de finalidade terapeutica no art. 146: doencas raras, doencas negligenciadas, oncologia, diabetes, HIV/aids e outras IST, doencas cardiovasculares e Programa Farmacia Popular. Mantido aqui apenas para historico e transicao
932;749;XIV;Medicamentos submetidos a reducao a zero - ANEXO REVOGADO pela Lei Complementar n. 227, de 13/01/2026;280;RAMUCIRUMABE;Revogado;100.0;0.0;IBS e CBS;NCM/SH;3002.15.90;30021590;8 digitos (item completo);Art. 146 (redacao original);Nao;ANEXO REVOGADO. A LC 227/2026 substituiu a lista por criterio de finalidade terapeutica no art. 146: doencas raras, doencas negligenciadas, oncologia, diabetes, HIV/aids e outras IST, doencas cardiovasculares e Programa Farmacia Popular. Mantido aqui apenas para historico e transicao
933;750;XIV;Medicamentos submetidos a reducao a zero - ANEXO REVOGADO pela Lei Complementar n. 227, de 13/01/2026;281;RASBURICASE;Revogado;100.0;0.0;IBS e CBS;NCM/SH;3004.90.19;30049019;8 digitos (item completo);Art. 146 (redacao original);Nao;ANEXO REVOGADO. A LC 227/2026 substituiu a lista por criterio de finalidade terapeutica no art. 146: doencas raras, doencas negligenciadas, oncologia, diabetes, HIV/aids e outras IST, doencas cardiovasculares e Programa Farmacia Popular. Mantido aqui apenas para historico e transicao
934;751;XIV;Medicamentos submetidos a reducao a zero - ANEXO REVOGADO pela Lei Complementar n. 227, de 13/01/2026;282;REGORAFENIBE;Revogado;100.0;0.0;IBS e CBS;NCM/SH;3004.90.69;30049069;8 digitos (item completo);Art. 146 (redacao original);Nao;ANEXO REVOGADO. A LC 227/2026 substituiu a lista por criterio de finalidade terapeutica no art. 146: doencas raras, doencas negligenciadas, oncologia, diabetes, HIV/aids e outras IST, doencas cardiovasculares e Programa Farmacia Popular. Mantido aqui apenas para historico e transicao
935;752;XIV;Medicamentos submetidos a reducao a zero - ANEXO REVOGADO pela Lei Complementar n. 227, de 13/01/2026;283;RIBAVIRINA;Revogado;100.0;0.0;IBS e CBS;NCM/SH;3004.90.79;30049079;8 digitos (item completo);Art. 146 (redacao original);Nao;ANEXO REVOGADO. A LC 227/2026 substituiu a lista por criterio de finalidade terapeutica no art. 146: doencas raras, doencas negligenciadas, oncologia, diabetes, HIV/aids e outras IST, doencas cardiovasculares e Programa Farmacia Popular. Mantido aqui apenas para historico e transicao
936;753;XIV;Medicamentos submetidos a reducao a zero - ANEXO REVOGADO pela Lei Complementar n. 227, de 13/01/2026;284;RIFAMPICINA + ISONIAZIDA;Revogado;100.0;0.0;IBS e CBS;NCM/SH;3004.20.32;30042032;8 digitos (item completo);Art. 146 (redacao original);Nao;ANEXO REVOGADO. A LC 227/2026 substituiu a lista por criterio de finalidade terapeutica no art. 146: doencas raras, doencas negligenciadas, oncologia, diabetes, HIV/aids e outras IST, doencas cardiovasculares e Programa Farmacia Popular. Mantido aqui apenas para historico e transicao
937;754;XIV;Medicamentos submetidos a reducao a zero - ANEXO REVOGADO pela Lei Complementar n. 227, de 13/01/2026;285;RILUZOL;Revogado;100.0;0.0;IBS e CBS;NCM/SH;3004.90.69;30049069;8 digitos (item completo);Art. 146 (redacao original);Nao;ANEXO REVOGADO. A LC 227/2026 substituiu a lista por criterio de finalidade terapeutica no art. 146: doencas raras, doencas negligenciadas, oncologia, diabetes, HIV/aids e outras IST, doencas cardiovasculares e Programa Farmacia Popular. Mantido aqui apenas para historico e transicao
938;755;XIV;Medicamentos submetidos a reducao a zero - ANEXO REVOGADO pela Lei Complementar n. 227, de 13/01/2026;286;RISANQUIZUMABE;Revogado;100.0;0.0;IBS e CBS;NCM/SH;3002.15.90;30021590;8 digitos (item completo);Art. 146 (redacao original);Nao;ANEXO REVOGADO. A LC 227/2026 substituiu a lista por criterio de finalidade terapeutica no art. 146: doencas raras, doencas negligenciadas, oncologia, diabetes, HIV/aids e outras IST, doencas cardiovasculares e Programa Farmacia Popular. Mantido aqui apenas para historico e transicao
939;756;XIV;Medicamentos submetidos a reducao a zero - ANEXO REVOGADO pela Lei Complementar n. 227, de 13/01/2026;287;RISDIPLAM;Revogado;100.0;0.0;IBS e CBS;NCM/SH;3004.90.69;30049069;8 digitos (item completo);Art. 146 (redacao original);Nao;ANEXO REVOGADO. A LC 227/2026 substituiu a lista por criterio de finalidade terapeutica no art. 146: doencas raras, doencas negligenciadas, oncologia, diabetes, HIV/aids e outras IST, doencas cardiovasculares e Programa Farmacia Popular. Mantido aqui apenas para historico e transicao
940;757;XIV;Medicamentos submetidos a reducao a zero - ANEXO REVOGADO pela Lei Complementar n. 227, de 13/01/2026;288;RISPERIDONA;Revogado;100.0;0.0;IBS e CBS;NCM/SH;3004.90.69;30049069;8 digitos (item completo);Art. 146 (redacao original);Nao;ANEXO REVOGADO. A LC 227/2026 substituiu a lista por criterio de finalidade terapeutica no art. 146: doencas raras, doencas negligenciadas, oncologia, diabetes, HIV/aids e outras IST, doencas cardiovasculares e Programa Farmacia Popular. Mantido aqui apenas para historico e transicao
941;758;XIV;Medicamentos submetidos a reducao a zero - ANEXO REVOGADO pela Lei Complementar n. 227, de 13/01/2026;289;RITONAVIR;Revogado;100.0;0.0;IBS e CBS;NCM/SH;3004.90.78;30049078;8 digitos (item completo);Art. 146 (redacao original);Nao;ANEXO REVOGADO. A LC 227/2026 substituiu a lista por criterio de finalidade terapeutica no art. 146: doencas raras, doencas negligenciadas, oncologia, diabetes, HIV/aids e outras IST, doencas cardiovasculares e Programa Farmacia Popular. Mantido aqui apenas para historico e transicao
942;759;XIV;Medicamentos submetidos a reducao a zero - ANEXO REVOGADO pela Lei Complementar n. 227, de 13/01/2026;290;RITUXIMABE;Revogado;100.0;0.0;IBS e CBS;NCM/SH;3002.15.20;30021520;8 digitos (item completo);Art. 146 (redacao original);Nao;ANEXO REVOGADO. A LC 227/2026 substituiu a lista por criterio de finalidade terapeutica no art. 146: doencas raras, doencas negligenciadas, oncologia, diabetes, HIV/aids e outras IST, doencas cardiovasculares e Programa Farmacia Popular. Mantido aqui apenas para historico e transicao
943;760;XIV;Medicamentos submetidos a reducao a zero - ANEXO REVOGADO pela Lei Complementar n. 227, de 13/01/2026;291;SACUBITRIL VALSARTANA SÓDICA HIDRATADA;Revogado;100.0;0.0;IBS e CBS;NCM/SH;3004.90.69;30049069;8 digitos (item completo);Art. 146 (redacao original);Nao;ANEXO REVOGADO. A LC 227/2026 substituiu a lista por criterio de finalidade terapeutica no art. 146: doencas raras, doencas negligenciadas, oncologia, diabetes, HIV/aids e outras IST, doencas cardiovasculares e Programa Farmacia Popular. Mantido aqui apenas para historico e transicao
944;761;XIV;Medicamentos submetidos a reducao a zero - ANEXO REVOGADO pela Lei Complementar n. 227, de 13/01/2026;292;SAQUINAVIR;Revogado;100.0;0.0;IBS e CBS;NCM/SH;3004.90.68;30049068;8 digitos (item completo);Art. 146 (redacao original);Nao;ANEXO REVOGADO. A LC 227/2026 substituiu a lista por criterio de finalidade terapeutica no art. 146: doencas raras, doencas negligenciadas, oncologia, diabetes, HIV/aids e outras IST, doencas cardiovasculares e Programa Farmacia Popular. Mantido aqui apenas para historico e transicao
945;762;XIV;Medicamentos submetidos a reducao a zero - ANEXO REVOGADO pela Lei Complementar n. 227, de 13/01/2026;293;SAXAGLIPTINA;Revogado;100.0;0.0;IBS e CBS;NCM/SH;3004.90.69;30049069;8 digitos (item completo);Art. 146 (redacao original);Nao;ANEXO REVOGADO. A LC 227/2026 substituiu a lista por criterio de finalidade terapeutica no art. 146: doencas raras, doencas negligenciadas, oncologia, diabetes, HIV/aids e outras IST, doencas cardiovasculares e Programa Farmacia Popular. Mantido aqui apenas para historico e transicao
946;763;XIV;Medicamentos submetidos a reducao a zero - ANEXO REVOGADO pela Lei Complementar n. 227, de 13/01/2026;294;SECUQUINUMABE;Revogado;100.0;0.0;IBS e CBS;NCM/SH;3002.15.90;30021590;8 digitos (item completo);Art. 146 (redacao original);Nao;ANEXO REVOGADO. A LC 227/2026 substituiu a lista por criterio de finalidade terapeutica no art. 146: doencas raras, doencas negligenciadas, oncologia, diabetes, HIV/aids e outras IST, doencas cardiovasculares e Programa Farmacia Popular. Mantido aqui apenas para historico e transicao
947;764;XIV;Medicamentos submetidos a reducao a zero - ANEXO REVOGADO pela Lei Complementar n. 227, de 13/01/2026;295;SELEXIPAGUE;Revogado;100.0;0.0;IBS e CBS;NCM/SH;3004.90.79;30049079;8 digitos (item completo);Art. 146 (redacao original);Nao;ANEXO REVOGADO. A LC 227/2026 substituiu a lista por criterio de finalidade terapeutica no art. 146: doencas raras, doencas negligenciadas, oncologia, diabetes, HIV/aids e outras IST, doencas cardiovasculares e Programa Farmacia Popular. Mantido aqui apenas para historico e transicao
948;765;XIV;Medicamentos submetidos a reducao a zero - ANEXO REVOGADO pela Lei Complementar n. 227, de 13/01/2026;296;SINVASTATINA;Revogado;100.0;0.0;IBS e CBS;NCM/SH;3004.90.59;30049059;8 digitos (item completo);Art. 146 (redacao original);Nao;ANEXO REVOGADO. A LC 227/2026 substituiu a lista por criterio de finalidade terapeutica no art. 146: doencas raras, doencas negligenciadas, oncologia, diabetes, HIV/aids e outras IST, doencas cardiovasculares e Programa Farmacia Popular. Mantido aqui apenas para historico e transicao
949;766;XIV;Medicamentos submetidos a reducao a zero - ANEXO REVOGADO pela Lei Complementar n. 227, de 13/01/2026;297;SOFOSBUVIR;Revogado;100.0;0.0;IBS e CBS;NCM/SH;3004.90.79;30049079;8 digitos (item completo);Art. 146 (redacao original);Nao;ANEXO REVOGADO. A LC 227/2026 substituiu a lista por criterio de finalidade terapeutica no art. 146: doencas raras, doencas negligenciadas, oncologia, diabetes, HIV/aids e outras IST, doencas cardiovasculares e Programa Farmacia Popular. Mantido aqui apenas para historico e transicao
950;767;XIV;Medicamentos submetidos a reducao a zero - ANEXO REVOGADO pela Lei Complementar n. 227, de 13/01/2026;298;SOMATROPINA;Revogado;100.0;0.0;IBS e CBS;NCM/SH;3004.39.29;30043929;8 digitos (item completo);Art. 146 (redacao original);Nao;ANEXO REVOGADO. A LC 227/2026 substituiu a lista por criterio de finalidade terapeutica no art. 146: doencas raras, doencas negligenciadas, oncologia, diabetes, HIV/aids e outras IST, doencas cardiovasculares e Programa Farmacia Popular. Mantido aqui apenas para historico e transicao
951;768;XIV;Medicamentos submetidos a reducao a zero - ANEXO REVOGADO pela Lei Complementar n. 227, de 13/01/2026;299;SORO ANTIARACNÍDICO (LOXOSCELES, PHONEUTRIA E TITYUS);Revogado;100.0;0.0;IBS e CBS;NCM/SH;3002.12.11;30021211;8 digitos (item completo);Art. 146 (redacao original);Nao;ANEXO REVOGADO. A LC 227/2026 substituiu a lista por criterio de finalidade terapeutica no art. 146: doencas raras, doencas negligenciadas, oncologia, diabetes, HIV/aids e outras IST, doencas cardiovasculares e Programa Farmacia Popular. Mantido aqui apenas para historico e transicao
952;769;XIV;Medicamentos submetidos a reducao a zero - ANEXO REVOGADO pela Lei Complementar n. 227, de 13/01/2026;300;SORO ANTIBOTRÓPICO (PENTAVALENTE);Revogado;100.0;0.0;IBS e CBS;NCM/SH;3002.12.11;30021211;8 digitos (item completo);Art. 146 (redacao original);Nao;ANEXO REVOGADO. A LC 227/2026 substituiu a lista por criterio de finalidade terapeutica no art. 146: doencas raras, doencas negligenciadas, oncologia, diabetes, HIV/aids e outras IST, doencas cardiovasculares e Programa Farmacia Popular. Mantido aqui apenas para historico e transicao
953;770;XIV;Medicamentos submetidos a reducao a zero - ANEXO REVOGADO pela Lei Complementar n. 227, de 13/01/2026;301;SORO ANTIBOTRÓPICO (PENTAVALENTE) E ANTICROTÁLICO;Revogado;100.0;0.0;IBS e CBS;NCM/SH;3002.12.11;30021211;8 digitos (item completo);Art. 146 (redacao original);Nao;ANEXO REVOGADO. A LC 227/2026 substituiu a lista por criterio de finalidade terapeutica no art. 146: doencas raras, doencas negligenciadas, oncologia, diabetes, HIV/aids e outras IST, doencas cardiovasculares e Programa Farmacia Popular. Mantido aqui apenas para historico e transicao
954;771;XIV;Medicamentos submetidos a reducao a zero - ANEXO REVOGADO pela Lei Complementar n. 227, de 13/01/2026;302;SORO ANTIBOTRÓPICO (PENTAVALENTE) E ANTILAQUÉTICO;Revogado;100.0;0.0;IBS e CBS;NCM/SH;3002.12.11;30021211;8 digitos (item completo);Art. 146 (redacao original);Nao;ANEXO REVOGADO. A LC 227/2026 substituiu a lista por criterio de finalidade terapeutica no art. 146: doencas raras, doencas negligenciadas, oncologia, diabetes, HIV/aids e outras IST, doencas cardiovasculares e Programa Farmacia Popular. Mantido aqui apenas para historico e transicao
955;772;XIV;Medicamentos submetidos a reducao a zero - ANEXO REVOGADO pela Lei Complementar n. 227, de 13/01/2026;303;SORO ANTIBOTULÍNICO AB (BIVALENTE);Revogado;100.0;0.0;IBS e CBS;NCM/SH;3002.12.19;30021219;8 digitos (item completo);Art. 146 (redacao original);Nao;ANEXO REVOGADO. A LC 227/2026 substituiu a lista por criterio de finalidade terapeutica no art. 146: doencas raras, doencas negligenciadas, oncologia, diabetes, HIV/aids e outras IST, doencas cardiovasculares e Programa Farmacia Popular. Mantido aqui apenas para historico e transicao
956;773;XIV;Medicamentos submetidos a reducao a zero - ANEXO REVOGADO pela Lei Complementar n. 227, de 13/01/2026;304;SORO ANTICROTÁLICO;Revogado;100.0;0.0;IBS e CBS;NCM/SH;3002.12.11;30021211;8 digitos (item completo);Art. 146 (redacao original);Nao;ANEXO REVOGADO. A LC 227/2026 substituiu a lista por criterio de finalidade terapeutica no art. 146: doencas raras, doencas negligenciadas, oncologia, diabetes, HIV/aids e outras IST, doencas cardiovasculares e Programa Farmacia Popular. Mantido aqui apenas para historico e transicao
957;774;XIV;Medicamentos submetidos a reducao a zero - ANEXO REVOGADO pela Lei Complementar n. 227, de 13/01/2026;305;SORO ANTIDIFTÉRICO;Revogado;100.0;0.0;IBS e CBS;NCM/SH;3002.12.15;30021215;8 digitos (item completo);Art. 146 (redacao original);Nao;ANEXO REVOGADO. A LC 227/2026 substituiu a lista por criterio de finalidade terapeutica no art. 146: doencas raras, doencas negligenciadas, oncologia, diabetes, HIV/aids e outras IST, doencas cardiovasculares e Programa Farmacia Popular. Mantido aqui apenas para historico e transicao
958;775;XIV;Medicamentos submetidos a reducao a zero - ANEXO REVOGADO pela Lei Complementar n. 227, de 13/01/2026;306;SORO ANTIELAPÍDICO (BIVALENTE);Revogado;100.0;0.0;IBS e CBS;NCM/SH;3002.12.11;30021211;8 digitos (item completo);Art. 146 (redacao original);Nao;ANEXO REVOGADO. A LC 227/2026 substituiu a lista por criterio de finalidade terapeutica no art. 146: doencas raras, doencas negligenciadas, oncologia, diabetes, HIV/aids e outras IST, doencas cardiovasculares e Programa Farmacia Popular. Mantido aqui apenas para historico e transicao
959;776;XIV;Medicamentos submetidos a reducao a zero - ANEXO REVOGADO pela Lei Complementar n. 227, de 13/01/2026;307;SORO ANTIESCORPIÔNICO;Revogado;100.0;0.0;IBS e CBS;NCM/SH;3002.12.11;30021211;8 digitos (item completo);Art. 146 (redacao original);Nao;ANEXO REVOGADO. A LC 227/2026 substituiu a lista por criterio de finalidade terapeutica no art. 146: doencas raras, doencas negligenciadas, oncologia, diabetes, HIV/aids e outras IST, doencas cardiovasculares e Programa Farmacia Popular. Mantido aqui apenas para historico e transicao
960;777;XIV;Medicamentos submetidos a reducao a zero - ANEXO REVOGADO pela Lei Complementar n. 227, de 13/01/2026;308;SORO ANTILONÔMICO;Revogado;100.0;0.0;IBS e CBS;NCM/SH;3002.12.11;30021211;8 digitos (item completo);Art. 146 (redacao original);Nao;ANEXO REVOGADO. A LC 227/2026 substituiu a lista por criterio de finalidade terapeutica no art. 146: doencas raras, doencas negligenciadas, oncologia, diabetes, HIV/aids e outras IST, doencas cardiovasculares e Programa Farmacia Popular. Mantido aqui apenas para historico e transicao
961;778;XIV;Medicamentos submetidos a reducao a zero - ANEXO REVOGADO pela Lei Complementar n. 227, de 13/01/2026;309;SORO ANTILOXOSCÉLICO (TRIVALENTE);Revogado;100.0;0.0;IBS e CBS;NCM/SH;3002.12.11;30021211;8 digitos (item completo);Art. 146 (redacao original);Nao;ANEXO REVOGADO. A LC 227/2026 substituiu a lista por criterio de finalidade terapeutica no art. 146: doencas raras, doencas negligenciadas, oncologia, diabetes, HIV/aids e outras IST, doencas cardiovasculares e Programa Farmacia Popular. Mantido aqui apenas para historico e transicao
962;779;XIV;Medicamentos submetidos a reducao a zero - ANEXO REVOGADO pela Lei Complementar n. 227, de 13/01/2026;310;SORO ANTIRRÁBICO;Revogado;100.0;0.0;IBS e CBS;NCM/SH;3002.12.19;30021219;8 digitos (item completo);Art. 146 (redacao original);Nao;ANEXO REVOGADO. A LC 227/2026 substituiu a lista por criterio de finalidade terapeutica no art. 146: doencas raras, doencas negligenciadas, oncologia, diabetes, HIV/aids e outras IST, doencas cardiovasculares e Programa Farmacia Popular. Mantido aqui apenas para historico e transicao
963;780;XIV;Medicamentos submetidos a reducao a zero - ANEXO REVOGADO pela Lei Complementar n. 227, de 13/01/2026;311;SORO ANTITETÂNICO;Revogado;100.0;0.0;IBS e CBS;NCM/SH;3002.12.12;30021212;8 digitos (item completo);Art. 146 (redacao original);Nao;ANEXO REVOGADO. A LC 227/2026 substituiu a lista por criterio de finalidade terapeutica no art. 146: doencas raras, doencas negligenciadas, oncologia, diabetes, HIV/aids e outras IST, doencas cardiovasculares e Programa Farmacia Popular. Mantido aqui apenas para historico e transicao
964;781;XIV;Medicamentos submetidos a reducao a zero - ANEXO REVOGADO pela Lei Complementar n. 227, de 13/01/2026;312;SUCCINATO DE METOPROLOL;Revogado;100.0;0.0;IBS e CBS;NCM/SH;3004.90.39;30049039;8 digitos (item completo);Art. 146 (redacao original);Nao;ANEXO REVOGADO. A LC 227/2026 substituiu a lista por criterio de finalidade terapeutica no art. 146: doencas raras, doencas negligenciadas, oncologia, diabetes, HIV/aids e outras IST, doencas cardiovasculares e Programa Farmacia Popular. Mantido aqui apenas para historico e transicao
965;782;XIV;Medicamentos submetidos a reducao a zero - ANEXO REVOGADO pela Lei Complementar n. 227, de 13/01/2026;313;SUCCINATO DE RIBOCICLIBE;Revogado;100.0;0.0;IBS e CBS;NCM/SH;3004.90.69;30049069;8 digitos (item completo);Art. 146 (redacao original);Nao;ANEXO REVOGADO. A LC 227/2026 substituiu a lista por criterio de finalidade terapeutica no art. 146: doencas raras, doencas negligenciadas, oncologia, diabetes, HIV/aids e outras IST, doencas cardiovasculares e Programa Farmacia Popular. Mantido aqui apenas para historico e transicao
966;783;XIV;Medicamentos submetidos a reducao a zero - ANEXO REVOGADO pela Lei Complementar n. 227, de 13/01/2026;314;SUCCINATO SÓDICO DE HIDROCORTISONA;Revogado;100.0;0.0;IBS e CBS;NCM/SH;3004.32.10;30043210;8 digitos (item completo);Art. 146 (redacao original);Nao;ANEXO REVOGADO. A LC 227/2026 substituiu a lista por criterio de finalidade terapeutica no art. 146: doencas raras, doencas negligenciadas, oncologia, diabetes, HIV/aids e outras IST, doencas cardiovasculares e Programa Farmacia Popular. Mantido aqui apenas para historico e transicao
967;784;XIV;Medicamentos submetidos a reducao a zero - ANEXO REVOGADO pela Lei Complementar n. 227, de 13/01/2026;315;SULFADIAZINA;Revogado;100.0;0.0;IBS e CBS;NCM/SH;3004.90.72;30049072;8 digitos (item completo);Art. 146 (redacao original);Nao;ANEXO REVOGADO. A LC 227/2026 substituiu a lista por criterio de finalidade terapeutica no art. 146: doencas raras, doencas negligenciadas, oncologia, diabetes, HIV/aids e outras IST, doencas cardiovasculares e Programa Farmacia Popular. Mantido aqui apenas para historico e transicao
968;785;XIV;Medicamentos submetidos a reducao a zero - ANEXO REVOGADO pela Lei Complementar n. 227, de 13/01/2026;316;SULFAMETOXAZOL + TRIMETROPINA;Revogado;100.0;0.0;IBS e CBS;NCM/SH;3004.90.72;30049072;8 digitos (item completo);Art. 146 (redacao original);Nao;ANEXO REVOGADO. A LC 227/2026 substituiu a lista por criterio de finalidade terapeutica no art. 146: doencas raras, doencas negligenciadas, oncologia, diabetes, HIV/aids e outras IST, doencas cardiovasculares e Programa Farmacia Popular. Mantido aqui apenas para historico e transicao
969;786;XIV;Medicamentos submetidos a reducao a zero - ANEXO REVOGADO pela Lei Complementar n. 227, de 13/01/2026;317;SULFATO DE ABACAVIR;Revogado;100.0;0.0;IBS e CBS;NCM/SH;3004.90.68;30049068;8 digitos (item completo);Art. 146 (redacao original);Nao;ANEXO REVOGADO. A LC 227/2026 substituiu a lista por criterio de finalidade terapeutica no art. 146: doencas raras, doencas negligenciadas, oncologia, diabetes, HIV/aids e outras IST, doencas cardiovasculares e Programa Farmacia Popular. Mantido aqui apenas para historico e transicao
970;787;XIV;Medicamentos submetidos a reducao a zero - ANEXO REVOGADO pela Lei Complementar n. 227, de 13/01/2026;318;SULFATO DE ATAZANAVIR;Revogado;100.0;0.0;IBS e CBS;NCM/SH;3004.90.68;30049068;8 digitos (item completo);Art. 146 (redacao original);Nao;ANEXO REVOGADO. A LC 227/2026 substituiu a lista por criterio de finalidade terapeutica no art. 146: doencas raras, doencas negligenciadas, oncologia, diabetes, HIV/aids e outras IST, doencas cardiovasculares e Programa Farmacia Popular. Mantido aqui apenas para historico e transicao
971;788;XIV;Medicamentos submetidos a reducao a zero - ANEXO REVOGADO pela Lei Complementar n. 227, de 13/01/2026;319;SULFATO DE BLEOMICINA;Revogado;100.0;0.0;IBS e CBS;NCM/SH;3004.20.93;30042093;8 digitos (item completo);Art. 146 (redacao original);Nao;ANEXO REVOGADO. A LC 227/2026 substituiu a lista por criterio de finalidade terapeutica no art. 146: doencas raras, doencas negligenciadas, oncologia, diabetes, HIV/aids e outras IST, doencas cardiovasculares e Programa Farmacia Popular. Mantido aqui apenas para historico e transicao
972;789;XIV;Medicamentos submetidos a reducao a zero - ANEXO REVOGADO pela Lei Complementar n. 227, de 13/01/2026;320;SULFATO DE INDINAVIR;Revogado;100.0;0.0;IBS e CBS;NCM/SH;3004.90.68;30049068;8 digitos (item completo);Art. 146 (redacao original);Nao;ANEXO REVOGADO. A LC 227/2026 substituiu a lista por criterio de finalidade terapeutica no art. 146: doencas raras, doencas negligenciadas, oncologia, diabetes, HIV/aids e outras IST, doencas cardiovasculares e Programa Farmacia Popular. Mantido aqui apenas para historico e transicao
973;790;XIV;Medicamentos submetidos a reducao a zero - ANEXO REVOGADO pela Lei Complementar n. 227, de 13/01/2026;321;SULFATO DE LAROTRECTINIBE;Revogado;100.0;0.0;IBS e CBS;NCM/SH;3004.90.69;30049069;8 digitos (item completo);Art. 146 (redacao original);Nao;ANEXO REVOGADO. A LC 227/2026 substituiu a lista por criterio de finalidade terapeutica no art. 146: doencas raras, doencas negligenciadas, oncologia, diabetes, HIV/aids e outras IST, doencas cardiovasculares e Programa Farmacia Popular. Mantido aqui apenas para historico e transicao
974;791;XIV;Medicamentos submetidos a reducao a zero - ANEXO REVOGADO pela Lei Complementar n. 227, de 13/01/2026;322;SULFATO DE MORFINA;Revogado;100.0;0.0;IBS e CBS;NCM/SH;3004.49.90;30044990;8 digitos (item completo);Art. 146 (redacao original);Nao;ANEXO REVOGADO. A LC 227/2026 substituiu a lista por criterio de finalidade terapeutica no art. 146: doencas raras, doencas negligenciadas, oncologia, diabetes, HIV/aids e outras IST, doencas cardiovasculares e Programa Farmacia Popular. Mantido aqui apenas para historico e transicao
975;792;XIV;Medicamentos submetidos a reducao a zero - ANEXO REVOGADO pela Lei Complementar n. 227, de 13/01/2026;323;SULFATO DE MORFINA PENTAIDRATADO;Revogado;100.0;0.0;IBS e CBS;NCM/SH;3004.49.90;30044990;8 digitos (item completo);Art. 146 (redacao original);Nao;ANEXO REVOGADO. A LC 227/2026 substituiu a lista por criterio de finalidade terapeutica no art. 146: doencas raras, doencas negligenciadas, oncologia, diabetes, HIV/aids e outras IST, doencas cardiovasculares e Programa Farmacia Popular. Mantido aqui apenas para historico e transicao
976;793;XIV;Medicamentos submetidos a reducao a zero - ANEXO REVOGADO pela Lei Complementar n. 227, de 13/01/2026;324;SULFATO DE QUININA;Revogado;100.0;0.0;IBS e CBS;NCM/SH;3004.49.90;30044990;8 digitos (item completo);Art. 146 (redacao original);Nao;ANEXO REVOGADO. A LC 227/2026 substituiu a lista por criterio de finalidade terapeutica no art. 146: doencas raras, doencas negligenciadas, oncologia, diabetes, HIV/aids e outras IST, doencas cardiovasculares e Programa Farmacia Popular. Mantido aqui apenas para historico e transicao
977;794;XIV;Medicamentos submetidos a reducao a zero - ANEXO REVOGADO pela Lei Complementar n. 227, de 13/01/2026;325;SULFATO DE VINCRISTINA;Revogado;100.0;0.0;IBS e CBS;NCM/SH;3004.49.10;30044910;8 digitos (item completo);Art. 146 (redacao original);Nao;ANEXO REVOGADO. A LC 227/2026 substituiu a lista por criterio de finalidade terapeutica no art. 146: doencas raras, doencas negligenciadas, oncologia, diabetes, HIV/aids e outras IST, doencas cardiovasculares e Programa Farmacia Popular. Mantido aqui apenas para historico e transicao
978;795;XIV;Medicamentos submetidos a reducao a zero - ANEXO REVOGADO pela Lei Complementar n. 227, de 13/01/2026;326;TACROLIMO;Revogado;100.0;0.0;IBS e CBS;NCM/SH;3004.90.78;30049078;8 digitos (item completo);Art. 146 (redacao original);Nao;ANEXO REVOGADO. A LC 227/2026 substituiu a lista por criterio de finalidade terapeutica no art. 146: doencas raras, doencas negligenciadas, oncologia, diabetes, HIV/aids e outras IST, doencas cardiovasculares e Programa Farmacia Popular. Mantido aqui apenas para historico e transicao
979;796;XIV;Medicamentos submetidos a reducao a zero - ANEXO REVOGADO pela Lei Complementar n. 227, de 13/01/2026;327;TAFAMIDIS MEGLUMINA;Revogado;100.0;0.0;IBS e CBS;NCM/SH;3004.90.79;30049079;8 digitos (item completo);Art. 146 (redacao original);Nao;ANEXO REVOGADO. A LC 227/2026 substituiu a lista por criterio de finalidade terapeutica no art. 146: doencas raras, doencas negligenciadas, oncologia, diabetes, HIV/aids e outras IST, doencas cardiovasculares e Programa Farmacia Popular. Mantido aqui apenas para historico e transicao
980;797;XIV;Medicamentos submetidos a reducao a zero - ANEXO REVOGADO pela Lei Complementar n. 227, de 13/01/2026;328;TAMOXIFENO;Revogado;100.0;0.0;IBS e CBS;NCM/SH;3004.90.34;30049034;8 digitos (item completo);Art. 146 (redacao original);Nao;ANEXO REVOGADO. A LC 227/2026 substituiu a lista por criterio de finalidade terapeutica no art. 146: doencas raras, doencas negligenciadas, oncologia, diabetes, HIV/aids e outras IST, doencas cardiovasculares e Programa Farmacia Popular. Mantido aqui apenas para historico e transicao
981;798;XIV;Medicamentos submetidos a reducao a zero - ANEXO REVOGADO pela Lei Complementar n. 227, de 13/01/2026;329;TARTARATO DE VARENICLINA;Revogado;100.0;0.0;IBS e CBS;NCM/SH;3004.90.69;30049069;8 digitos (item completo);Art. 146 (redacao original);Nao;ANEXO REVOGADO. A LC 227/2026 substituiu a lista por criterio de finalidade terapeutica no art. 146: doencas raras, doencas negligenciadas, oncologia, diabetes, HIV/aids e outras IST, doencas cardiovasculares e Programa Farmacia Popular. Mantido aqui apenas para historico e transicao
982;799;XIV;Medicamentos submetidos a reducao a zero - ANEXO REVOGADO pela Lei Complementar n. 227, de 13/01/2026;330;TARTARATO DE VINORELBINA;Revogado;100.0;0.0;IBS e CBS;NCM/SH;3004.49.90;30044990;8 digitos (item completo);Art. 146 (redacao original);Nao;ANEXO REVOGADO. A LC 227/2026 substituiu a lista por criterio de finalidade terapeutica no art. 146: doencas raras, doencas negligenciadas, oncologia, diabetes, HIV/aids e outras IST, doencas cardiovasculares e Programa Farmacia Popular. Mantido aqui apenas para historico e transicao
983;800;XIV;Medicamentos submetidos a reducao a zero - ANEXO REVOGADO pela Lei Complementar n. 227, de 13/01/2026;331;TEMOZOLOMIDA;Revogado;100.0;0.0;IBS e CBS;NCM/SH;3004.90.68;30049068;8 digitos (item completo);Art. 146 (redacao original);Nao;ANEXO REVOGADO. A LC 227/2026 substituiu a lista por criterio de finalidade terapeutica no art. 146: doencas raras, doencas negligenciadas, oncologia, diabetes, HIV/aids e outras IST, doencas cardiovasculares e Programa Farmacia Popular. Mantido aqui apenas para historico e transicao
984;801;XIV;Medicamentos submetidos a reducao a zero - ANEXO REVOGADO pela Lei Complementar n. 227, de 13/01/2026;332;TENECTEPLASE;Revogado;100.0;0.0;IBS e CBS;NCM/SH;3004.90.19;30049019;8 digitos (item completo);Art. 146 (redacao original);Nao;ANEXO REVOGADO. A LC 227/2026 substituiu a lista por criterio de finalidade terapeutica no art. 146: doencas raras, doencas negligenciadas, oncologia, diabetes, HIV/aids e outras IST, doencas cardiovasculares e Programa Farmacia Popular. Mantido aqui apenas para historico e transicao
985;802;XIV;Medicamentos submetidos a reducao a zero - ANEXO REVOGADO pela Lei Complementar n. 227, de 13/01/2026;333;TENIPOSIDEO;Revogado;100.0;0.0;IBS e CBS;NCM/SH;3004.90.78;30049078;8 digitos (item completo);Art. 146 (redacao original);Nao;ANEXO REVOGADO. A LC 227/2026 substituiu a lista por criterio de finalidade terapeutica no art. 146: doencas raras, doencas negligenciadas, oncologia, diabetes, HIV/aids e outras IST, doencas cardiovasculares e Programa Farmacia Popular. Mantido aqui apenas para historico e transicao
986;803;XIV;Medicamentos submetidos a reducao a zero - ANEXO REVOGADO pela Lei Complementar n. 227, de 13/01/2026;334;TENOFOVIR;Revogado;100.0;0.0;IBS e CBS;NCM/SH;3004.90.68;30049068;8 digitos (item completo);Art. 146 (redacao original);Nao;ANEXO REVOGADO. A LC 227/2026 substituiu a lista por criterio de finalidade terapeutica no art. 146: doencas raras, doencas negligenciadas, oncologia, diabetes, HIV/aids e outras IST, doencas cardiovasculares e Programa Farmacia Popular. Mantido aqui apenas para historico e transicao
987;804;XIV;Medicamentos submetidos a reducao a zero - ANEXO REVOGADO pela Lei Complementar n. 227, de 13/01/2026;335;TENSIROLIMO;Revogado;100.0;0.0;IBS e CBS;NCM/SH;3004.90.78;30049078;8 digitos (item completo);Art. 146 (redacao original);Nao;ANEXO REVOGADO. A LC 227/2026 substituiu a lista por criterio de finalidade terapeutica no art. 146: doencas raras, doencas negligenciadas, oncologia, diabetes, HIV/aids e outras IST, doencas cardiovasculares e Programa Farmacia Popular. Mantido aqui apenas para historico e transicao
988;805;XIV;Medicamentos submetidos a reducao a zero - ANEXO REVOGADO pela Lei Complementar n. 227, de 13/01/2026;336;TERIFLUNOMIDA;Revogado;100.0;0.0;IBS e CBS;NCM/SH;3004.90.49;30049049;8 digitos (item completo);Art. 146 (redacao original);Nao;ANEXO REVOGADO. A LC 227/2026 substituiu a lista por criterio de finalidade terapeutica no art. 146: doencas raras, doencas negligenciadas, oncologia, diabetes, HIV/aids e outras IST, doencas cardiovasculares e Programa Farmacia Popular. Mantido aqui apenas para historico e transicao
989;806;XIV;Medicamentos submetidos a reducao a zero - ANEXO REVOGADO pela Lei Complementar n. 227, de 13/01/2026;337;TERIZIDONA;Revogado;100.0;0.0;IBS e CBS;NCM/SH;3004.90.79;30049079;8 digitos (item completo);Art. 146 (redacao original);Nao;ANEXO REVOGADO. A LC 227/2026 substituiu a lista por criterio de finalidade terapeutica no art. 146: doencas raras, doencas negligenciadas, oncologia, diabetes, HIV/aids e outras IST, doencas cardiovasculares e Programa Farmacia Popular. Mantido aqui apenas para historico e transicao
990;807;XIV;Medicamentos submetidos a reducao a zero - ANEXO REVOGADO pela Lei Complementar n. 227, de 13/01/2026;338;TETRACICLINA;Revogado;100.0;0.0;IBS e CBS;NCM/SH;3004.20.99;30042099;8 digitos (item completo);Art. 146 (redacao original);Nao;ANEXO REVOGADO. A LC 227/2026 substituiu a lista por criterio de finalidade terapeutica no art. 146: doencas raras, doencas negligenciadas, oncologia, diabetes, HIV/aids e outras IST, doencas cardiovasculares e Programa Farmacia Popular. Mantido aqui apenas para historico e transicao
991;808;XIV;Medicamentos submetidos a reducao a zero - ANEXO REVOGADO pela Lei Complementar n. 227, de 13/01/2026;339;TEZACAFTOR;Revogado;100.0;0.0;IBS e CBS;NCM/SH;3004.90.69;30049069;8 digitos (item completo);Art. 146 (redacao original);Nao;ANEXO REVOGADO. A LC 227/2026 substituiu a lista por criterio de finalidade terapeutica no art. 146: doencas raras, doencas negligenciadas, oncologia, diabetes, HIV/aids e outras IST, doencas cardiovasculares e Programa Farmacia Popular. Mantido aqui apenas para historico e transicao
992;809;XIV;Medicamentos submetidos a reducao a zero - ANEXO REVOGADO pela Lei Complementar n. 227, de 13/01/2026;340;TIOGUANINA;Revogado;100.0;0.0;IBS e CBS;NCM/SH;3004.90.68;30049068;8 digitos (item completo);Art. 146 (redacao original);Nao;ANEXO REVOGADO. A LC 227/2026 substituiu a lista por criterio de finalidade terapeutica no art. 146: doencas raras, doencas negligenciadas, oncologia, diabetes, HIV/aids e outras IST, doencas cardiovasculares e Programa Farmacia Popular. Mantido aqui apenas para historico e transicao
993;810;XIV;Medicamentos submetidos a reducao a zero - ANEXO REVOGADO pela Lei Complementar n. 227, de 13/01/2026;341;TIPRANAVIR;Revogado;100.0;0.0;IBS e CBS;NCM/SH;3004.90.78;30049078;8 digitos (item completo);Art. 146 (redacao original);Nao;ANEXO REVOGADO. A LC 227/2026 substituiu a lista por criterio de finalidade terapeutica no art. 146: doencas raras, doencas negligenciadas, oncologia, diabetes, HIV/aids e outras IST, doencas cardiovasculares e Programa Farmacia Popular. Mantido aqui apenas para historico e transicao
994;811;XIV;Medicamentos submetidos a reducao a zero - ANEXO REVOGADO pela Lei Complementar n. 227, de 13/01/2026;342;TOCILIZUMABE;Revogado;100.0;0.0;IBS e CBS;NCM/SH;3002.15.90;30021590;8 digitos (item completo);Art. 146 (redacao original);Nao;ANEXO REVOGADO. A LC 227/2026 substituiu a lista por criterio de finalidade terapeutica no art. 146: doencas raras, doencas negligenciadas, oncologia, diabetes, HIV/aids e outras IST, doencas cardiovasculares e Programa Farmacia Popular. Mantido aqui apenas para historico e transicao
995;812;XIV;Medicamentos submetidos a reducao a zero - ANEXO REVOGADO pela Lei Complementar n. 227, de 13/01/2026;343;TOSILATO DE SORAFENIBE;Revogado;100.0;0.0;IBS e CBS;NCM/SH;3004.90.69;30049069;8 digitos (item completo);Art. 146 (redacao original);Nao;ANEXO REVOGADO. A LC 227/2026 substituiu a lista por criterio de finalidade terapeutica no art. 146: doencas raras, doencas negligenciadas, oncologia, diabetes, HIV/aids e outras IST, doencas cardiovasculares e Programa Farmacia Popular. Mantido aqui apenas para historico e transicao
996;813;XIV;Medicamentos submetidos a reducao a zero - ANEXO REVOGADO pela Lei Complementar n. 227, de 13/01/2026;344;TRASTUZUMABE;Revogado;100.0;0.0;IBS e CBS;NCM/SH;3002.15.20;30021520;8 digitos (item completo);Art. 146 (redacao original);Nao;ANEXO REVOGADO. A LC 227/2026 substituiu a lista por criterio de finalidade terapeutica no art. 146: doencas raras, doencas negligenciadas, oncologia, diabetes, HIV/aids e outras IST, doencas cardiovasculares e Programa Farmacia Popular. Mantido aqui apenas para historico e transicao
997;814;XIV;Medicamentos submetidos a reducao a zero - ANEXO REVOGADO pela Lei Complementar n. 227, de 13/01/2026;345;TRIÓXIDO DE ARSÊNIO;Revogado;100.0;0.0;IBS e CBS;NCM/SH;3004.90.99;30049099;8 digitos (item completo);Art. 146 (redacao original);Nao;ANEXO REVOGADO. A LC 227/2026 substituiu a lista por criterio de finalidade terapeutica no art. 146: doencas raras, doencas negligenciadas, oncologia, diabetes, HIV/aids e outras IST, doencas cardiovasculares e Programa Farmacia Popular. Mantido aqui apenas para historico e transicao
998;815;XIV;Medicamentos submetidos a reducao a zero - ANEXO REVOGADO pela Lei Complementar n. 227, de 13/01/2026;346;TRIPTORRELINA;Revogado;100.0;0.0;IBS e CBS;NCM/SH;3004.39.18;30043918;8 digitos (item completo);Art. 146 (redacao original);Nao;ANEXO REVOGADO. A LC 227/2026 substituiu a lista por criterio de finalidade terapeutica no art. 146: doencas raras, doencas negligenciadas, oncologia, diabetes, HIV/aids e outras IST, doencas cardiovasculares e Programa Farmacia Popular. Mantido aqui apenas para historico e transicao
999;816;XIV;Medicamentos submetidos a reducao a zero - ANEXO REVOGADO pela Lei Complementar n. 227, de 13/01/2026;347;UPADACITINIBE HEMI-HIDRATADO;Revogado;100.0;0.0;IBS e CBS;NCM/SH;3004.90.69;30049069;8 digitos (item completo);Art. 146 (redacao original);Nao;ANEXO REVOGADO. A LC 227/2026 substituiu a lista por criterio de finalidade terapeutica no art. 146: doencas raras, doencas negligenciadas, oncologia, diabetes, HIV/aids e outras IST, doencas cardiovasculares e Programa Farmacia Popular. Mantido aqui apenas para historico e transicao
1000;817;XIV;Medicamentos submetidos a reducao a zero - ANEXO REVOGADO pela Lei Complementar n. 227, de 13/01/2026;348;VANCOMICINA;Revogado;100.0;0.0;IBS e CBS;NCM/SH;3004.20.71;30042071;8 digitos (item completo);Art. 146 (redacao original);Nao;ANEXO REVOGADO. A LC 227/2026 substituiu a lista por criterio de finalidade terapeutica no art. 146: doencas raras, doencas negligenciadas, oncologia, diabetes, HIV/aids e outras IST, doencas cardiovasculares e Programa Farmacia Popular. Mantido aqui apenas para historico e transicao
1001;818;XIV;Medicamentos submetidos a reducao a zero - ANEXO REVOGADO pela Lei Complementar n. 227, de 13/01/2026;349;VANDETANIBE;Revogado;100.0;0.0;IBS e CBS;NCM/SH;3004.90.69;30049069;8 digitos (item completo);Art. 146 (redacao original);Nao;ANEXO REVOGADO. A LC 227/2026 substituiu a lista por criterio de finalidade terapeutica no art. 146: doencas raras, doencas negligenciadas, oncologia, diabetes, HIV/aids e outras IST, doencas cardiovasculares e Programa Farmacia Popular. Mantido aqui apenas para historico e transicao
1002;819;XIV;Medicamentos submetidos a reducao a zero - ANEXO REVOGADO pela Lei Complementar n. 227, de 13/01/2026;350;VEDOLIZUMABE;Revogado;100.0;0.0;IBS e CBS;NCM/SH;3002.15.90;30021590;8 digitos (item completo);Art. 146 (redacao original);Nao;ANEXO REVOGADO. A LC 227/2026 substituiu a lista por criterio de finalidade terapeutica no art. 146: doencas raras, doencas negligenciadas, oncologia, diabetes, HIV/aids e outras IST, doencas cardiovasculares e Programa Farmacia Popular. Mantido aqui apenas para historico e transicao
1003;820;XIV;Medicamentos submetidos a reducao a zero - ANEXO REVOGADO pela Lei Complementar n. 227, de 13/01/2026;351;VIMBLASTINA;Revogado;100.0;0.0;IBS e CBS;NCM/SH;3004.49.10;30044910;8 digitos (item completo);Art. 146 (redacao original);Nao;ANEXO REVOGADO. A LC 227/2026 substituiu a lista por criterio de finalidade terapeutica no art. 146: doencas raras, doencas negligenciadas, oncologia, diabetes, HIV/aids e outras IST, doencas cardiovasculares e Programa Farmacia Popular. Mantido aqui apenas para historico e transicao
1004;821;XIV;Medicamentos submetidos a reducao a zero - ANEXO REVOGADO pela Lei Complementar n. 227, de 13/01/2026;352;VINCRISTINA;Revogado;100.0;0.0;IBS e CBS;NCM/SH;3004.49.10;30044910;8 digitos (item completo);Art. 146 (redacao original);Nao;ANEXO REVOGADO. A LC 227/2026 substituiu a lista por criterio de finalidade terapeutica no art. 146: doencas raras, doencas negligenciadas, oncologia, diabetes, HIV/aids e outras IST, doencas cardiovasculares e Programa Farmacia Popular. Mantido aqui apenas para historico e transicao
1005;822;XIV;Medicamentos submetidos a reducao a zero - ANEXO REVOGADO pela Lei Complementar n. 227, de 13/01/2026;353;VINFLUNINA;Revogado;100.0;0.0;IBS e CBS;NCM/SH;3004.90.79;30049079;8 digitos (item completo);Art. 146 (redacao original);Nao;ANEXO REVOGADO. A LC 227/2026 substituiu a lista por criterio de finalidade terapeutica no art. 146: doencas raras, doencas negligenciadas, oncologia, diabetes, HIV/aids e outras IST, doencas cardiovasculares e Programa Farmacia Popular. Mantido aqui apenas para historico e transicao
1006;823;XIV;Medicamentos submetidos a reducao a zero - ANEXO REVOGADO pela Lei Complementar n. 227, de 13/01/2026;354;VINORELBINA;Revogado;100.0;0.0;IBS e CBS;NCM/SH;3004.49.90;30044990;8 digitos (item completo);Art. 146 (redacao original);Nao;ANEXO REVOGADO. A LC 227/2026 substituiu a lista por criterio de finalidade terapeutica no art. 146: doencas raras, doencas negligenciadas, oncologia, diabetes, HIV/aids e outras IST, doencas cardiovasculares e Programa Farmacia Popular. Mantido aqui apenas para historico e transicao
1007;824;XIV;Medicamentos submetidos a reducao a zero - ANEXO REVOGADO pela Lei Complementar n. 227, de 13/01/2026;355;ZIAGENAVIR;Revogado;100.0;0.0;IBS e CBS;NCM/SH;3004.90.68;30049068;8 digitos (item completo);Art. 146 (redacao original);Nao;ANEXO REVOGADO. A LC 227/2026 substituiu a lista por criterio de finalidade terapeutica no art. 146: doencas raras, doencas negligenciadas, oncologia, diabetes, HIV/aids e outras IST, doencas cardiovasculares e Programa Farmacia Popular. Mantido aqui apenas para historico e transicao
1008;825;XIV;Medicamentos submetidos a reducao a zero - ANEXO REVOGADO pela Lei Complementar n. 227, de 13/01/2026;356;ZIDOVUDINA;Revogado;100.0;0.0;IBS e CBS;NCM/SH;3004.90.79;30049079;8 digitos (item completo);Art. 146 (redacao original);Nao;ANEXO REVOGADO. A LC 227/2026 substituiu a lista por criterio de finalidade terapeutica no art. 146: doencas raras, doencas negligenciadas, oncologia, diabetes, HIV/aids e outras IST, doencas cardiovasculares e Programa Farmacia Popular. Mantido aqui apenas para historico e transicao
1009;826;XIV;Medicamentos submetidos a reducao a zero - ANEXO REVOGADO pela Lei Complementar n. 227, de 13/01/2026;357;VACINA ADSORVIDA DIFTERIA E TÉTANO;Revogado;100.0;0.0;IBS e CBS;NCM/SH;3002.41.29;30024129;8 digitos (item completo);Art. 146 (redacao original);Nao;ANEXO REVOGADO. A LC 227/2026 substituiu a lista por criterio de finalidade terapeutica no art. 146: doencas raras, doencas negligenciadas, oncologia, diabetes, HIV/aids e outras IST, doencas cardiovasculares e Programa Farmacia Popular. Mantido aqui apenas para historico e transicao
1010;827;XIV;Medicamentos submetidos a reducao a zero - ANEXO REVOGADO pela Lei Complementar n. 227, de 13/01/2026;358;VACINA ADSORVIDA DIFTERIA, TÉTANO E PERTUSSIS;Revogado;100.0;0.0;IBS e CBS;NCM/SH;3002.41.27;30024127;8 digitos (item completo);Art. 146 (redacao original);Nao;ANEXO REVOGADO. A LC 227/2026 substituiu a lista por criterio de finalidade terapeutica no art. 146: doencas raras, doencas negligenciadas, oncologia, diabetes, HIV/aids e outras IST, doencas cardiovasculares e Programa Farmacia Popular. Mantido aqui apenas para historico e transicao
1011;828;XIV;Medicamentos submetidos a reducao a zero - ANEXO REVOGADO pela Lei Complementar n. 227, de 13/01/2026;359;VACINA ADSORVIDA DIFTERIA, TÉTANO E PERTUSSIS (ACELULAR);Revogado;100.0;0.0;IBS e CBS;NCM/SH;3002.41.27;30024127;8 digitos (item completo);Art. 146 (redacao original);Nao;ANEXO REVOGADO. A LC 227/2026 substituiu a lista por criterio de finalidade terapeutica no art. 146: doencas raras, doencas negligenciadas, oncologia, diabetes, HIV/aids e outras IST, doencas cardiovasculares e Programa Farmacia Popular. Mantido aqui apenas para historico e transicao
1012;829;XIV;Medicamentos submetidos a reducao a zero - ANEXO REVOGADO pela Lei Complementar n. 227, de 13/01/2026;360;VACINA ADSORVIDA DIFTERIA, TÉTANO, PERTUSSIS, HEPATITE B (RECOMBINANTE) E HAEMOPHILUS INFLUENZAE B (CONJUGADA);Revogado;100.0;0.0;IBS e CBS;NCM/SH;3002.41.29;30024129;8 digitos (item completo);Art. 146 (redacao original);Nao;ANEXO REVOGADO. A LC 227/2026 substituiu a lista por criterio de finalidade terapeutica no art. 146: doencas raras, doencas negligenciadas, oncologia, diabetes, HIV/aids e outras IST, doencas cardiovasculares e Programa Farmacia Popular. Mantido aqui apenas para historico e transicao
1013;830;XIV;Medicamentos submetidos a reducao a zero - ANEXO REVOGADO pela Lei Complementar n. 227, de 13/01/2026;361;VACINA ADSORVIDA HEPATITE A (INATIVADA);Revogado;100.0;0.0;IBS e CBS;NCM/SH;3002.41.29;30024129;8 digitos (item completo);Art. 146 (redacao original);Nao;ANEXO REVOGADO. A LC 227/2026 substituiu a lista por criterio de finalidade terapeutica no art. 146: doencas raras, doencas negligenciadas, oncologia, diabetes, HIV/aids e outras IST, doencas cardiovasculares e Programa Farmacia Popular. Mantido aqui apenas para historico e transicao
1014;831;XIV;Medicamentos submetidos a reducao a zero - ANEXO REVOGADO pela Lei Complementar n. 227, de 13/01/2026;362;VACINA BCG;Revogado;100.0;0.0;IBS e CBS;NCM/SH;3002.41.29;30024129;8 digitos (item completo);Art. 146 (redacao original);Nao;ANEXO REVOGADO. A LC 227/2026 substituiu a lista por criterio de finalidade terapeutica no art. 146: doencas raras, doencas negligenciadas, oncologia, diabetes, HIV/aids e outras IST, doencas cardiovasculares e Programa Farmacia Popular. Mantido aqui apenas para historico e transicao
1015;832;XIV;Medicamentos submetidos a reducao a zero - ANEXO REVOGADO pela Lei Complementar n. 227, de 13/01/2026;363;VACINA CÓLERA (INATIVADA);Revogado;100.0;0.0;IBS e CBS;NCM/SH;3002.41.29;30024129;8 digitos (item completo);Art. 146 (redacao original);Nao;ANEXO REVOGADO. A LC 227/2026 substituiu a lista por criterio de finalidade terapeutica no art. 146: doencas raras, doencas negligenciadas, oncologia, diabetes, HIV/aids e outras IST, doencas cardiovasculares e Programa Farmacia Popular. Mantido aqui apenas para historico e transicao
1016;833;XIV;Medicamentos submetidos a reducao a zero - ANEXO REVOGADO pela Lei Complementar n. 227, de 13/01/2026;364;VACINA COVID-19;Revogado;100.0;0.0;IBS e CBS;NCM/SH;3002.41.29;30024129;8 digitos (item completo);Art. 146 (redacao original);Nao;ANEXO REVOGADO. A LC 227/2026 substituiu a lista por criterio de finalidade terapeutica no art. 146: doencas raras, doencas negligenciadas, oncologia, diabetes, HIV/aids e outras IST, doencas cardiovasculares e Programa Farmacia Popular. Mantido aqui apenas para historico e transicao
1017;834;XIV;Medicamentos submetidos a reducao a zero - ANEXO REVOGADO pela Lei Complementar n. 227, de 13/01/2026;365;VACINA DENGUE 1, 2, 3 E 4;Revogado;100.0;0.0;IBS e CBS;NCM/SH;3002.41.29;30024129;8 digitos (item completo);Art. 146 (redacao original);Nao;ANEXO REVOGADO. A LC 227/2026 substituiu a lista por criterio de finalidade terapeutica no art. 146: doencas raras, doencas negligenciadas, oncologia, diabetes, HIV/aids e outras IST, doencas cardiovasculares e Programa Farmacia Popular. Mantido aqui apenas para historico e transicao
1018;835;XIV;Medicamentos submetidos a reducao a zero - ANEXO REVOGADO pela Lei Complementar n. 227, de 13/01/2026;366;VACINA FEBRE AMARELA (ATENUADA);Revogado;100.0;0.0;IBS e CBS;NCM/SH;3002.41.29;30024129;8 digitos (item completo);Art. 146 (redacao original);Nao;ANEXO REVOGADO. A LC 227/2026 substituiu a lista por criterio de finalidade terapeutica no art. 146: doencas raras, doencas negligenciadas, oncologia, diabetes, HIV/aids e outras IST, doencas cardiovasculares e Programa Farmacia Popular. Mantido aqui apenas para historico e transicao
1019;836;XIV;Medicamentos submetidos a reducao a zero - ANEXO REVOGADO pela Lei Complementar n. 227, de 13/01/2026;367;VACINA FEBRE TIFÓIDE (POLISSACARÍDICA);Revogado;100.0;0.0;IBS e CBS;NCM/SH;3002.41.29;30024129;8 digitos (item completo);Art. 146 (redacao original);Nao;ANEXO REVOGADO. A LC 227/2026 substituiu a lista por criterio de finalidade terapeutica no art. 146: doencas raras, doencas negligenciadas, oncologia, diabetes, HIV/aids e outras IST, doencas cardiovasculares e Programa Farmacia Popular. Mantido aqui apenas para historico e transicao
1020;837;XIV;Medicamentos submetidos a reducao a zero - ANEXO REVOGADO pela Lei Complementar n. 227, de 13/01/2026;368;VACINA HAEMOPHILUS INFLUENZAE B (CONJUGADA);Revogado;100.0;0.0;IBS e CBS;NCM/SH;3002.41.29;30024129;8 digitos (item completo);Art. 146 (redacao original);Nao;ANEXO REVOGADO. A LC 227/2026 substituiu a lista por criterio de finalidade terapeutica no art. 146: doencas raras, doencas negligenciadas, oncologia, diabetes, HIV/aids e outras IST, doencas cardiovasculares e Programa Farmacia Popular. Mantido aqui apenas para historico e transicao
1021;838;XIV;Medicamentos submetidos a reducao a zero - ANEXO REVOGADO pela Lei Complementar n. 227, de 13/01/2026;369;VACINA HEPATITE B (RECOMBINANTE);Revogado;100.0;0.0;IBS e CBS;NCM/SH;3002.41.23;30024123;8 digitos (item completo);Art. 146 (redacao original);Nao;ANEXO REVOGADO. A LC 227/2026 substituiu a lista por criterio de finalidade terapeutica no art. 146: doencas raras, doencas negligenciadas, oncologia, diabetes, HIV/aids e outras IST, doencas cardiovasculares e Programa Farmacia Popular. Mantido aqui apenas para historico e transicao
1022;839;XIV;Medicamentos submetidos a reducao a zero - ANEXO REVOGADO pela Lei Complementar n. 227, de 13/01/2026;370;VACINA INFLUENZA TRIVALENTE (FRAGMENTADA, INATIVADA);Revogado;100.0;0.0;IBS e CBS;NCM/SH;3002.41.21;30024121;8 digitos (item completo);Art. 146 (redacao original);Nao;ANEXO REVOGADO. A LC 227/2026 substituiu a lista por criterio de finalidade terapeutica no art. 146: doencas raras, doencas negligenciadas, oncologia, diabetes, HIV/aids e outras IST, doencas cardiovasculares e Programa Farmacia Popular. Mantido aqui apenas para historico e transicao
1023;840;XIV;Medicamentos submetidos a reducao a zero - ANEXO REVOGADO pela Lei Complementar n. 227, de 13/01/2026;371;VACINA MENINGOCÓCICA ACWY (CONJUGADA);Revogado;100.0;0.0;IBS e CBS;NCM/SH;3002.41.25;30024125;8 digitos (item completo);Art. 146 (redacao original);Nao;ANEXO REVOGADO. A LC 227/2026 substituiu a lista por criterio de finalidade terapeutica no art. 146: doencas raras, doencas negligenciadas, oncologia, diabetes, HIV/aids e outras IST, doencas cardiovasculares e Programa Farmacia Popular. Mantido aqui apenas para historico e transicao
1024;841;XIV;Medicamentos submetidos a reducao a zero - ANEXO REVOGADO pela Lei Complementar n. 227, de 13/01/2026;372;VACINA MENINGOCÓCICA C (CONJUGADA);Revogado;100.0;0.0;IBS e CBS;NCM/SH;3002.41.25;30024125;8 digitos (item completo);Art. 146 (redacao original);Nao;ANEXO REVOGADO. A LC 227/2026 substituiu a lista por criterio de finalidade terapeutica no art. 146: doencas raras, doencas negligenciadas, oncologia, diabetes, HIV/aids e outras IST, doencas cardiovasculares e Programa Farmacia Popular. Mantido aqui apenas para historico e transicao
1025;842;XIV;Medicamentos submetidos a reducao a zero - ANEXO REVOGADO pela Lei Complementar n. 227, de 13/01/2026;373;VACINA PAPILOMAVÍRUS HUMANO 6, 11, 16 E 18 (RECOMBINANTE);Revogado;100.0;0.0;IBS e CBS;NCM/SH;3002.41.29;30024129;8 digitos (item completo);Art. 146 (redacao original);Nao;ANEXO REVOGADO. A LC 227/2026 substituiu a lista por criterio de finalidade terapeutica no art. 146: doencas raras, doencas negligenciadas, oncologia, diabetes, HIV/aids e outras IST, doencas cardiovasculares e Programa Farmacia Popular. Mantido aqui apenas para historico e transicao
1026;843;XIV;Medicamentos submetidos a reducao a zero - ANEXO REVOGADO pela Lei Complementar n. 227, de 13/01/2026;374;VACINA PNEUMOCÓCICA 10-VALENTE (CONJUGADA);Revogado;100.0;0.0;IBS e CBS;NCM/SH;3002.41.29;30024129;8 digitos (item completo);Art. 146 (redacao original);Nao;ANEXO REVOGADO. A LC 227/2026 substituiu a lista por criterio de finalidade terapeutica no art. 146: doencas raras, doencas negligenciadas, oncologia, diabetes, HIV/aids e outras IST, doencas cardiovasculares e Programa Farmacia Popular. Mantido aqui apenas para historico e transicao
1027;844;XIV;Medicamentos submetidos a reducao a zero - ANEXO REVOGADO pela Lei Complementar n. 227, de 13/01/2026;375;VACINA PNEUMOCÓCICA 13-VALENTE (CONJUGADA);Revogado;100.0;0.0;IBS e CBS;NCM/SH;3002.41.29;30024129;8 digitos (item completo);Art. 146 (redacao original);Nao;ANEXO REVOGADO. A LC 227/2026 substituiu a lista por criterio de finalidade terapeutica no art. 146: doencas raras, doencas negligenciadas, oncologia, diabetes, HIV/aids e outras IST, doencas cardiovasculares e Programa Farmacia Popular. Mantido aqui apenas para historico e transicao
1028;845;XIV;Medicamentos submetidos a reducao a zero - ANEXO REVOGADO pela Lei Complementar n. 227, de 13/01/2026;376;VACINA PNEUMOCÓCICA 23-VALENTE (POLISSACARÍDICA);Revogado;100.0;0.0;IBS e CBS;NCM/SH;3002.41.29;30024129;8 digitos (item completo);Art. 146 (redacao original);Nao;ANEXO REVOGADO. A LC 227/2026 substituiu a lista por criterio de finalidade terapeutica no art. 146: doencas raras, doencas negligenciadas, oncologia, diabetes, HIV/aids e outras IST, doencas cardiovasculares e Programa Farmacia Popular. Mantido aqui apenas para historico e transicao
1029;846;XIV;Medicamentos submetidos a reducao a zero - ANEXO REVOGADO pela Lei Complementar n. 227, de 13/01/2026;377;VACINA POLIOMIELITE 1 E 3 (ATENUADA);Revogado;100.0;0.0;IBS e CBS;NCM/SH;3002.41.22;30024122;8 digitos (item completo);Art. 146 (redacao original);Nao;ANEXO REVOGADO. A LC 227/2026 substituiu a lista por criterio de finalidade terapeutica no art. 146: doencas raras, doencas negligenciadas, oncologia, diabetes, HIV/aids e outras IST, doencas cardiovasculares e Programa Farmacia Popular. Mantido aqui apenas para historico e transicao
1030;847;XIV;Medicamentos submetidos a reducao a zero - ANEXO REVOGADO pela Lei Complementar n. 227, de 13/01/2026;378;VACINA POLIOMIELITE 1, 2 E 3 (INATIVADA);Revogado;100.0;0.0;IBS e CBS;NCM/SH;3002.41.22;30024122;8 digitos (item completo);Art. 146 (redacao original);Nao;ANEXO REVOGADO. A LC 227/2026 substituiu a lista por criterio de finalidade terapeutica no art. 146: doencas raras, doencas negligenciadas, oncologia, diabetes, HIV/aids e outras IST, doencas cardiovasculares e Programa Farmacia Popular. Mantido aqui apenas para historico e transicao
1031;848;XIV;Medicamentos submetidos a reducao a zero - ANEXO REVOGADO pela Lei Complementar n. 227, de 13/01/2026;379;VACINA RAIVA (INATIVADA);Revogado;100.0;0.0;IBS e CBS;NCM/SH;3002.41.29;30024129;8 digitos (item completo);Art. 146 (redacao original);Nao;ANEXO REVOGADO. A LC 227/2026 substituiu a lista por criterio de finalidade terapeutica no art. 146: doencas raras, doencas negligenciadas, oncologia, diabetes, HIV/aids e outras IST, doencas cardiovasculares e Programa Farmacia Popular. Mantido aqui apenas para historico e transicao
1032;849;XIV;Medicamentos submetidos a reducao a zero - ANEXO REVOGADO pela Lei Complementar n. 227, de 13/01/2026;380;VACINA ROTAVÍRUS HUMANO G1P 8 (ATENUADA);Revogado;100.0;0.0;IBS e CBS;NCM/SH;3002.41.29;30024129;8 digitos (item completo);Art. 146 (redacao original);Nao;ANEXO REVOGADO. A LC 227/2026 substituiu a lista por criterio de finalidade terapeutica no art. 146: doencas raras, doencas negligenciadas, oncologia, diabetes, HIV/aids e outras IST, doencas cardiovasculares e Programa Farmacia Popular. Mantido aqui apenas para historico e transicao
1033;850;XIV;Medicamentos submetidos a reducao a zero - ANEXO REVOGADO pela Lei Complementar n. 227, de 13/01/2026;381;VACINA SARAMPO, CAXUMBA, RUBÉOLA;Revogado;100.0;0.0;IBS e CBS;NCM/SH;3002.41.27;30024127;8 digitos (item completo);Art. 146 (redacao original);Nao;ANEXO REVOGADO. A LC 227/2026 substituiu a lista por criterio de finalidade terapeutica no art. 146: doencas raras, doencas negligenciadas, oncologia, diabetes, HIV/aids e outras IST, doencas cardiovasculares e Programa Farmacia Popular. Mantido aqui apenas para historico e transicao
1034;851;XIV;Medicamentos submetidos a reducao a zero - ANEXO REVOGADO pela Lei Complementar n. 227, de 13/01/2026;382;VACINA SARAMPO, CAXUMBA, RUBÉOLA E VARICELA (ATENUADA);Revogado;100.0;0.0;IBS e CBS;NCM/SH;3002.41.29;30024129;8 digitos (item completo);Art. 146 (redacao original);Nao;ANEXO REVOGADO. A LC 227/2026 substituiu a lista por criterio de finalidade terapeutica no art. 146: doencas raras, doencas negligenciadas, oncologia, diabetes, HIV/aids e outras IST, doencas cardiovasculares e Programa Farmacia Popular. Mantido aqui apenas para historico e transicao
1035;852;XIV;Medicamentos submetidos a reducao a zero - ANEXO REVOGADO pela Lei Complementar n. 227, de 13/01/2026;383;VACINA VARICELA (ATENUADA);Revogado;100.0;0.0;IBS e CBS;NCM/SH;3002.41.29;30024129;8 digitos (item completo);Art. 146 (redacao original);Nao;ANEXO REVOGADO. A LC 227/2026 substituiu a lista por criterio de finalidade terapeutica no art. 146: doencas raras, doencas negligenciadas, oncologia, diabetes, HIV/aids e outras IST, doencas cardiovasculares e Programa Farmacia Popular. Mantido aqui apenas para historico e transicao
1036;853;XV;Produtos horticolas, frutas e ovos submetidos a reducao de 100%;1;Ovos da subposição 0407.2 da NCM/SH;Reducao de 100%;100.0;0.0;IBS e CBS;NCM/SH;0407.2;04072;5 digitos (subposicao);Art. 148;Nao;
1037;854;XV;Produtos horticolas, frutas e ovos submetidos a reducao de 100%;2;Produtos hortícolas das posições 07.01, 07.02.00.00, 07.03, 07.04, 07.05, 07.06, 0707.00.00, 07.08, 07.09 e 07.10, exceto os cogumelos e trufas classificados na subposição 0709.5 e no código 0710.80.00 da NCM/SH;Reducao de 100%;100.0;0.0;IBS e CBS;NCM/SH;07.01;0701;4 digitos (posicao);Art. 148;Nao;
1038;854;XV;Produtos horticolas, frutas e ovos submetidos a reducao de 100%;2;Produtos hortícolas das posições 07.01, 07.02.00.00, 07.03, 07.04, 07.05, 07.06, 0707.00.00, 07.08, 07.09 e 07.10, exceto os cogumelos e trufas classificados na subposição 0709.5 e no código 0710.80.00 da NCM/SH;Reducao de 100%;100.0;0.0;IBS e CBS;NCM/SH;0702.00.00;07020000;8 digitos (item completo);Art. 148;Nao;
1039;854;XV;Produtos horticolas, frutas e ovos submetidos a reducao de 100%;2;Produtos hortícolas das posições 07.01, 07.02.00.00, 07.03, 07.04, 07.05, 07.06, 0707.00.00, 07.08, 07.09 e 07.10, exceto os cogumelos e trufas classificados na subposição 0709.5 e no código 0710.80.00 da NCM/SH;Reducao de 100%;100.0;0.0;IBS e CBS;NCM/SH;07.03;0703;4 digitos (posicao);Art. 148;Nao;
1040;854;XV;Produtos horticolas, frutas e ovos submetidos a reducao de 100%;2;Produtos hortícolas das posições 07.01, 07.02.00.00, 07.03, 07.04, 07.05, 07.06, 0707.00.00, 07.08, 07.09 e 07.10, exceto os cogumelos e trufas classificados na subposição 0709.5 e no código 0710.80.00 da NCM/SH;Reducao de 100%;100.0;0.0;IBS e CBS;NCM/SH;07.04;0704;4 digitos (posicao);Art. 148;Nao;
1041;854;XV;Produtos horticolas, frutas e ovos submetidos a reducao de 100%;2;Produtos hortícolas das posições 07.01, 07.02.00.00, 07.03, 07.04, 07.05, 07.06, 0707.00.00, 07.08, 07.09 e 07.10, exceto os cogumelos e trufas classificados na subposição 0709.5 e no código 0710.80.00 da NCM/SH;Reducao de 100%;100.0;0.0;IBS e CBS;NCM/SH;07.05;0705;4 digitos (posicao);Art. 148;Nao;
1042;854;XV;Produtos horticolas, frutas e ovos submetidos a reducao de 100%;2;Produtos hortícolas das posições 07.01, 07.02.00.00, 07.03, 07.04, 07.05, 07.06, 0707.00.00, 07.08, 07.09 e 07.10, exceto os cogumelos e trufas classificados na subposição 0709.5 e no código 0710.80.00 da NCM/SH;Reducao de 100%;100.0;0.0;IBS e CBS;NCM/SH;07.06;0706;4 digitos (posicao);Art. 148;Nao;
1043;854;XV;Produtos horticolas, frutas e ovos submetidos a reducao de 100%;2;Produtos hortícolas das posições 07.01, 07.02.00.00, 07.03, 07.04, 07.05, 07.06, 0707.00.00, 07.08, 07.09 e 07.10, exceto os cogumelos e trufas classificados na subposição 0709.5 e no código 0710.80.00 da NCM/SH;Reducao de 100%;100.0;0.0;IBS e CBS;NCM/SH;0707.00.00;07070000;8 digitos (item completo);Art. 148;Nao;
1044;854;XV;Produtos horticolas, frutas e ovos submetidos a reducao de 100%;2;Produtos hortícolas das posições 07.01, 07.02.00.00, 07.03, 07.04, 07.05, 07.06, 0707.00.00, 07.08, 07.09 e 07.10, exceto os cogumelos e trufas classificados na subposição 0709.5 e no código 0710.80.00 da NCM/SH;Reducao de 100%;100.0;0.0;IBS e CBS;NCM/SH;07.08;0708;4 digitos (posicao);Art. 148;Nao;
1045;854;XV;Produtos horticolas, frutas e ovos submetidos a reducao de 100%;2;Produtos hortícolas das posições 07.01, 07.02.00.00, 07.03, 07.04, 07.05, 07.06, 0707.00.00, 07.08, 07.09 e 07.10, exceto os cogumelos e trufas classificados na subposição 0709.5 e no código 0710.80.00 da NCM/SH;Reducao de 100%;100.0;0.0;IBS e CBS;NCM/SH;07.09;0709;4 digitos (posicao);Art. 148;Nao;
1046;854;XV;Produtos horticolas, frutas e ovos submetidos a reducao de 100%;2;Produtos hortícolas das posições 07.01, 07.02.00.00, 07.03, 07.04, 07.05, 07.06, 0707.00.00, 07.08, 07.09 e 07.10, exceto os cogumelos e trufas classificados na subposição 0709.5 e no código 0710.80.00 da NCM/SH;Reducao de 100%;100.0;0.0;IBS e CBS;NCM/SH;07.10;0710;4 digitos (posicao);Art. 148;Nao;
1047;855;XV;Produtos horticolas, frutas e ovos submetidos a reducao de 100%;3;Frutas frescas ou refrigeradas e frutas congeladas sem adição de açúcar ou de outros edulcorantes classificadas nas posições 08.03, 08.04, 08.05, 08.06, 08.07, 08.08, 08.09, 08.10 e 08.11 da NCM/SH;Reducao de 100%;100.0;0.0;IBS e CBS;NCM/SH;08.03;0803;4 digitos (posicao);Art. 148;Nao;
1048;855;XV;Produtos horticolas, frutas e ovos submetidos a reducao de 100%;3;Frutas frescas ou refrigeradas e frutas congeladas sem adição de açúcar ou de outros edulcorantes classificadas nas posições 08.03, 08.04, 08.05, 08.06, 08.07, 08.08, 08.09, 08.10 e 08.11 da NCM/SH;Reducao de 100%;100.0;0.0;IBS e CBS;NCM/SH;08.04;0804;4 digitos (posicao);Art. 148;Nao;
1049;855;XV;Produtos horticolas, frutas e ovos submetidos a reducao de 100%;3;Frutas frescas ou refrigeradas e frutas congeladas sem adição de açúcar ou de outros edulcorantes classificadas nas posições 08.03, 08.04, 08.05, 08.06, 08.07, 08.08, 08.09, 08.10 e 08.11 da NCM/SH;Reducao de 100%;100.0;0.0;IBS e CBS;NCM/SH;08.05;0805;4 digitos (posicao);Art. 148;Nao;
1050;855;XV;Produtos horticolas, frutas e ovos submetidos a reducao de 100%;3;Frutas frescas ou refrigeradas e frutas congeladas sem adição de açúcar ou de outros edulcorantes classificadas nas posições 08.03, 08.04, 08.05, 08.06, 08.07, 08.08, 08.09, 08.10 e 08.11 da NCM/SH;Reducao de 100%;100.0;0.0;IBS e CBS;NCM/SH;08.06;0806;4 digitos (posicao);Art. 148;Nao;
1051;855;XV;Produtos horticolas, frutas e ovos submetidos a reducao de 100%;3;Frutas frescas ou refrigeradas e frutas congeladas sem adição de açúcar ou de outros edulcorantes classificadas nas posições 08.03, 08.04, 08.05, 08.06, 08.07, 08.08, 08.09, 08.10 e 08.11 da NCM/SH;Reducao de 100%;100.0;0.0;IBS e CBS;NCM/SH;08.07;0807;4 digitos (posicao);Art. 148;Nao;
1052;855;XV;Produtos horticolas, frutas e ovos submetidos a reducao de 100%;3;Frutas frescas ou refrigeradas e frutas congeladas sem adição de açúcar ou de outros edulcorantes classificadas nas posições 08.03, 08.04, 08.05, 08.06, 08.07, 08.08, 08.09, 08.10 e 08.11 da NCM/SH;Reducao de 100%;100.0;0.0;IBS e CBS;NCM/SH;08.08;0808;4 digitos (posicao);Art. 148;Nao;
1053;855;XV;Produtos horticolas, frutas e ovos submetidos a reducao de 100%;3;Frutas frescas ou refrigeradas e frutas congeladas sem adição de açúcar ou de outros edulcorantes classificadas nas posições 08.03, 08.04, 08.05, 08.06, 08.07, 08.08, 08.09, 08.10 e 08.11 da NCM/SH;Reducao de 100%;100.0;0.0;IBS e CBS;NCM/SH;08.09;0809;4 digitos (posicao);Art. 148;Nao;
1054;855;XV;Produtos horticolas, frutas e ovos submetidos a reducao de 100%;3;Frutas frescas ou refrigeradas e frutas congeladas sem adição de açúcar ou de outros edulcorantes classificadas nas posições 08.03, 08.04, 08.05, 08.06, 08.07, 08.08, 08.09, 08.10 e 08.11 da NCM/SH;Reducao de 100%;100.0;0.0;IBS e CBS;NCM/SH;08.10;0810;4 digitos (posicao);Art. 148;Nao;
1055;855;XV;Produtos horticolas, frutas e ovos submetidos a reducao de 100%;3;Frutas frescas ou refrigeradas e frutas congeladas sem adição de açúcar ou de outros edulcorantes classificadas nas posições 08.03, 08.04, 08.05, 08.06, 08.07, 08.08, 08.09, 08.10 e 08.11 da NCM/SH;Reducao de 100%;100.0;0.0;IBS e CBS;NCM/SH;08.11;0811;4 digitos (posicao);Art. 148;Nao;
1056;856;XV;Produtos horticolas, frutas e ovos submetidos a reducao de 100%;4;Plantas e produtos de floricultura relativos à horticultura e cultivados para fins alimentares, ornamentais ou medicinais classificados no Capítulo 6 da NCM/SH;Reducao de 100%;100.0;0.0;IBS e CBS;NCM/SH;Capítulo 6;06;Capitulo (2 digitos);Art. 148;Nao;
1057;857;XV;Produtos horticolas, frutas e ovos submetidos a reducao de 100%;5;Raízes e tubérculos da posição 07.14 da NCM/SH;Reducao de 100%;100.0;0.0;IBS e CBS;NCM/SH;07.14;0714;4 digitos (posicao);Art. 148;Nao;
1058;858;XV;Produtos horticolas, frutas e ovos submetidos a reducao de 100%;6;Cocos da subposição 0801.1 da NCM/SH;Reducao de 100%;100.0;0.0;IBS e CBS;NCM/SH;0801.1;08011;5 digitos (subposicao);Art. 148;Nao;
1059;859;XVII;Bens e servicos sujeitos ao Imposto Seletivo;Veículos;Veículos, ressalvados os veículos com características técnicas específicas para uso operacional das Forças Armadas ou dos órgãos de Segurança Pública. Nas posições 8704 indicadas, exceto os caminhões;Imposto Seletivo;;;IS;NCM/SH;87.03;8703;4 digitos (posicao);Art. 409 e seguintes;Nao;"Nao e reducao de aliquota. Lista de incidencia do Imposto Seletivo; aliquotas fixadas em lei ordinaria"
1060;859;XVII;Bens e servicos sujeitos ao Imposto Seletivo;Veículos;Veículos, ressalvados os veículos com características técnicas específicas para uso operacional das Forças Armadas ou dos órgãos de Segurança Pública. Nas posições 8704 indicadas, exceto os caminhões;Imposto Seletivo;;;IS;NCM/SH;8704.21;870421;6 digitos (subposicao);Art. 409 e seguintes;Nao;"Nao e reducao de aliquota. Lista de incidencia do Imposto Seletivo; aliquotas fixadas em lei ordinaria"
1061;859;XVII;Bens e servicos sujeitos ao Imposto Seletivo;Veículos;Veículos, ressalvados os veículos com características técnicas específicas para uso operacional das Forças Armadas ou dos órgãos de Segurança Pública. Nas posições 8704 indicadas, exceto os caminhões;Imposto Seletivo;;;IS;NCM/SH;8704.31;870431;6 digitos (subposicao);Art. 409 e seguintes;Nao;"Nao e reducao de aliquota. Lista de incidencia do Imposto Seletivo; aliquotas fixadas em lei ordinaria"
1062;859;XVII;Bens e servicos sujeitos ao Imposto Seletivo;Veículos;Veículos, ressalvados os veículos com características técnicas específicas para uso operacional das Forças Armadas ou dos órgãos de Segurança Pública. Nas posições 8704 indicadas, exceto os caminhões;Imposto Seletivo;;;IS;NCM/SH;8704.41.00;87044100;8 digitos (item completo);Art. 409 e seguintes;Nao;"Nao e reducao de aliquota. Lista de incidencia do Imposto Seletivo; aliquotas fixadas em lei ordinaria"
1063;859;XVII;Bens e servicos sujeitos ao Imposto Seletivo;Veículos;Veículos, ressalvados os veículos com características técnicas específicas para uso operacional das Forças Armadas ou dos órgãos de Segurança Pública. Nas posições 8704 indicadas, exceto os caminhões;Imposto Seletivo;;;IS;NCM/SH;8704.51.00;87045100;8 digitos (item completo);Art. 409 e seguintes;Nao;"Nao e reducao de aliquota. Lista de incidencia do Imposto Seletivo; aliquotas fixadas em lei ordinaria"
1064;859;XVII;Bens e servicos sujeitos ao Imposto Seletivo;Veículos;Veículos, ressalvados os veículos com características técnicas específicas para uso operacional das Forças Armadas ou dos órgãos de Segurança Pública. Nas posições 8704 indicadas, exceto os caminhões;Imposto Seletivo;;;IS;NCM/SH;8704.60.00;87046000;8 digitos (item completo);Art. 409 e seguintes;Nao;"Nao e reducao de aliquota. Lista de incidencia do Imposto Seletivo; aliquotas fixadas em lei ordinaria"
1065;859;XVII;Bens e servicos sujeitos ao Imposto Seletivo;Veículos;Veículos, ressalvados os veículos com características técnicas específicas para uso operacional das Forças Armadas ou dos órgãos de Segurança Pública. Nas posições 8704 indicadas, exceto os caminhões;Imposto Seletivo;;;IS;NCM/SH;8704.90.00;87049000;8 digitos (item completo);Art. 409 e seguintes;Nao;"Nao e reducao de aliquota. Lista de incidencia do Imposto Seletivo; aliquotas fixadas em lei ordinaria"
1066;860;XVII;Bens e servicos sujeitos ao Imposto Seletivo;Aeronaves e Embarcações;Aeronaves e embarcações com motor, ressalvadas as que tenham características técnicas específicas para uso operacional das Forças Armadas ou dos órgãos de Segurança Pública. Exceto o código 8802.60.00;Imposto Seletivo;;;IS;NCM/SH;8802;8802;4 digitos (posicao);Art. 409 e seguintes;Nao;"Nao e reducao de aliquota. Lista de incidencia do Imposto Seletivo; aliquotas fixadas em lei ordinaria"
1067;860;XVII;Bens e servicos sujeitos ao Imposto Seletivo;Aeronaves e Embarcações;Aeronaves e embarcações com motor, ressalvadas as que tenham características técnicas específicas para uso operacional das Forças Armadas ou dos órgãos de Segurança Pública. Exceto o código 8802.60.00;Imposto Seletivo;;;IS;NCM/SH;8903;8903;4 digitos (posicao);Art. 409 e seguintes;Nao;"Nao e reducao de aliquota. Lista de incidencia do Imposto Seletivo; aliquotas fixadas em lei ordinaria"
1068;861;XVII;Bens e servicos sujeitos ao Imposto Seletivo;Produtos fumígenos;Produtos fumígenos;Imposto Seletivo;;;IS;NCM/SH;2401;2401;4 digitos (posicao);Art. 409 e seguintes;Nao;"Nao e reducao de aliquota. Lista de incidencia do Imposto Seletivo; aliquotas fixadas em lei ordinaria"
1069;861;XVII;Bens e servicos sujeitos ao Imposto Seletivo;Produtos fumígenos;Produtos fumígenos;Imposto Seletivo;;;IS;NCM/SH;2402;2402;4 digitos (posicao);Art. 409 e seguintes;Nao;"Nao e reducao de aliquota. Lista de incidencia do Imposto Seletivo; aliquotas fixadas em lei ordinaria"
1070;861;XVII;Bens e servicos sujeitos ao Imposto Seletivo;Produtos fumígenos;Produtos fumígenos;Imposto Seletivo;;;IS;NCM/SH;2403;2403;4 digitos (posicao);Art. 409 e seguintes;Nao;"Nao e reducao de aliquota. Lista de incidencia do Imposto Seletivo; aliquotas fixadas em lei ordinaria"
1071;861;XVII;Bens e servicos sujeitos ao Imposto Seletivo;Produtos fumígenos;Produtos fumígenos;Imposto Seletivo;;;IS;NCM/SH;2404;2404;4 digitos (posicao);Art. 409 e seguintes;Nao;"Nao e reducao de aliquota. Lista de incidencia do Imposto Seletivo; aliquotas fixadas em lei ordinaria"
1072;862;XVII;Bens e servicos sujeitos ao Imposto Seletivo;Bebidas alcóolicas;Bebidas alcoólicas;Imposto Seletivo;;;IS;NCM/SH;2203;2203;4 digitos (posicao);Art. 409 e seguintes;Nao;"Nao e reducao de aliquota. Lista de incidencia do Imposto Seletivo; aliquotas fixadas em lei ordinaria"
1073;862;XVII;Bens e servicos sujeitos ao Imposto Seletivo;Bebidas alcóolicas;Bebidas alcoólicas;Imposto Seletivo;;;IS;NCM/SH;2204;2204;4 digitos (posicao);Art. 409 e seguintes;Nao;"Nao e reducao de aliquota. Lista de incidencia do Imposto Seletivo; aliquotas fixadas em lei ordinaria"
1074;862;XVII;Bens e servicos sujeitos ao Imposto Seletivo;Bebidas alcóolicas;Bebidas alcoólicas;Imposto Seletivo;;;IS;NCM/SH;2205;2205;4 digitos (posicao);Art. 409 e seguintes;Nao;"Nao e reducao de aliquota. Lista de incidencia do Imposto Seletivo; aliquotas fixadas em lei ordinaria"
1075;862;XVII;Bens e servicos sujeitos ao Imposto Seletivo;Bebidas alcóolicas;Bebidas alcoólicas;Imposto Seletivo;;;IS;NCM/SH;2206;2206;4 digitos (posicao);Art. 409 e seguintes;Nao;"Nao e reducao de aliquota. Lista de incidencia do Imposto Seletivo; aliquotas fixadas em lei ordinaria"
1076;862;XVII;Bens e servicos sujeitos ao Imposto Seletivo;Bebidas alcóolicas;Bebidas alcoólicas;Imposto Seletivo;;;IS;NCM/SH;2208;2208;4 digitos (posicao);Art. 409 e seguintes;Nao;"Nao e reducao de aliquota. Lista de incidencia do Imposto Seletivo; aliquotas fixadas em lei ordinaria"
1077;863;XVII;Bens e servicos sujeitos ao Imposto Seletivo;Bebidas açucaradas;Bebidas açucaradas;Imposto Seletivo;;;IS;NCM/SH;2202.10.00;22021000;8 digitos (item completo);Art. 409 e seguintes;Nao;"Nao e reducao de aliquota. Lista de incidencia do Imposto Seletivo; aliquotas fixadas em lei ordinaria"
1078;864;XVII;Bens e servicos sujeitos ao Imposto Seletivo;Bens minerais;Bens minerais;Imposto Seletivo;;;IS;NCM/SH;2601;2601;4 digitos (posicao);Art. 409 e seguintes;Nao;"Nao e reducao de aliquota. Lista de incidencia do Imposto Seletivo; aliquotas fixadas em lei ordinaria"
1079;864;XVII;Bens e servicos sujeitos ao Imposto Seletivo;Bens minerais;Bens minerais;Imposto Seletivo;;;IS;NCM/SH;2709.00.10;27090010;8 digitos (item completo);Art. 409 e seguintes;Nao;"Nao e reducao de aliquota. Lista de incidencia do Imposto Seletivo; aliquotas fixadas em lei ordinaria"
1080;864;XVII;Bens e servicos sujeitos ao Imposto Seletivo;Bens minerais;Bens minerais;Imposto Seletivo;;;IS;NCM/SH;2711.11.00;27111100;8 digitos (item completo);Art. 409 e seguintes;Nao;"Nao e reducao de aliquota. Lista de incidencia do Imposto Seletivo; aliquotas fixadas em lei ordinaria"
1081;864;XVII;Bens e servicos sujeitos ao Imposto Seletivo;Bens minerais;Bens minerais;Imposto Seletivo;;;IS;NCM/SH;2711.21.00;27112100;8 digitos (item completo);Art. 409 e seguintes;Nao;"Nao e reducao de aliquota. Lista de incidencia do Imposto Seletivo; aliquotas fixadas em lei ordinaria"
1082;865;XVII;Bens e servicos sujeitos ao Imposto Seletivo;Concursos de prognósticos e Fantasy sport;Concursos de prognósticos e Fantasy sport;Imposto Seletivo;;;IS;NCM/SH;;;Nao informado;Art. 409 e seguintes;Nao;"Nao e reducao de aliquota. Lista de incidencia do Imposto Seletivo; aliquotas fixadas em lei ordinaria"
1083;866;Sem anexo;Profissoes intelectuais de conselho profissional;Art. 127, I;Prestacao de servicos por administradores;Reducao de 30%;30.0;70.0;IBS e CBS;Sem classificacao no texto legal;;;Nao informado;Art. 127, I;Nao;Atividade intelectual de natureza cientifica, literaria ou artistica sob fiscalizacao de conselho profissional. Aplica-se a pessoa fisica habilitada e a pessoa juridica que cumpra cumulativamente os requisitos do art. 127, par. 1, II
1084;867;Sem anexo;Profissoes intelectuais de conselho profissional;Art. 127, II;Prestacao de servicos por advogados;Reducao de 30%;30.0;70.0;IBS e CBS;Sem classificacao no texto legal;;;Nao informado;Art. 127, II;Nao;Idem art. 127, par. 1
1085;868;Sem anexo;Profissoes intelectuais de conselho profissional;Art. 127, III;Prestacao de servicos por arquitetos e urbanistas;Reducao de 30%;30.0;70.0;IBS e CBS;Sem classificacao no texto legal;;;Nao informado;Art. 127, III;Nao;Idem art. 127, par. 1
1086;869;Sem anexo;Profissoes intelectuais de conselho profissional;Art. 127, IV;Prestacao de servicos por assistentes sociais;Reducao de 30%;30.0;70.0;IBS e CBS;Sem classificacao no texto legal;;;Nao informado;Art. 127, IV;Nao;Idem art. 127, par. 1
1087;870;Sem anexo;Profissoes intelectuais de conselho profissional;Art. 127, V;Prestacao de servicos por bibliotecarios;Reducao de 30%;30.0;70.0;IBS e CBS;Sem classificacao no texto legal;;;Nao informado;Art. 127, V;Nao;Idem art. 127, par. 1
1088;871;Sem anexo;Profissoes intelectuais de conselho profissional;Art. 127, VI;Prestacao de servicos por biologos;Reducao de 30%;30.0;70.0;IBS e CBS;Sem classificacao no texto legal;;;Nao informado;Art. 127, VI;Nao;Idem art. 127, par. 1
1089;872;Sem anexo;Profissoes intelectuais de conselho profissional;Art. 127, VII;Prestacao de servicos por contabilistas;Reducao de 30%;30.0;70.0;IBS e CBS;Sem classificacao no texto legal;;;Nao informado;Art. 127, VII;Nao;Idem art. 127, par. 1
1090;873;Sem anexo;Profissoes intelectuais de conselho profissional;Art. 127, VIII;Prestacao de servicos por economistas;Reducao de 30%;30.0;70.0;IBS e CBS;Sem classificacao no texto legal;;;Nao informado;Art. 127, VIII;Nao;Idem art. 127, par. 1
1091;874;Sem anexo;Profissoes intelectuais de conselho profissional;Art. 127, IX;Prestacao de servicos por economistas domesticos;Reducao de 30%;30.0;70.0;IBS e CBS;Sem classificacao no texto legal;;;Nao informado;Art. 127, IX;Nao;Idem art. 127, par. 1
1092;875;Sem anexo;Profissoes intelectuais de conselho profissional;Art. 127, X;Prestacao de servicos por profissionais de educacao fisica;Reducao de 30%;30.0;70.0;IBS e CBS;Sem classificacao no texto legal;;;Nao informado;Art. 127, X;Nao;Idem art. 127, par. 1
1093;876;Sem anexo;Profissoes intelectuais de conselho profissional;Art. 127, XI;Prestacao de servicos por engenheiros e agronomos;Reducao de 30%;30.0;70.0;IBS e CBS;Sem classificacao no texto legal;;;Nao informado;Art. 127, XI;Nao;Idem art. 127, par. 1
1094;877;Sem anexo;Profissoes intelectuais de conselho profissional;Art. 127, XII;Prestacao de servicos por estatisticos;Reducao de 30%;30.0;70.0;IBS e CBS;Sem classificacao no texto legal;;;Nao informado;Art. 127, XII;Nao;Idem art. 127, par. 1
1095;878;Sem anexo;Profissoes intelectuais de conselho profissional;Art. 127, XIII;Prestacao de servicos por medicos veterinarios e zootecnistas;Reducao de 30%;30.0;70.0;IBS e CBS;Sem classificacao no texto legal;;;Nao informado;Art. 127, XIII;Nao;Idem art. 127, par. 1
1096;879;Sem anexo;Profissoes intelectuais de conselho profissional;Art. 127, XIV;Prestacao de servicos por museologos;Reducao de 30%;30.0;70.0;IBS e CBS;Sem classificacao no texto legal;;;Nao informado;Art. 127, XIV;Nao;Idem art. 127, par. 1
1097;880;Sem anexo;Profissoes intelectuais de conselho profissional;Art. 127, XV;Prestacao de servicos por quimicos;Reducao de 30%;30.0;70.0;IBS e CBS;Sem classificacao no texto legal;;;Nao informado;Art. 127, XV;Nao;Idem art. 127, par. 1
1098;881;Sem anexo;Profissoes intelectuais de conselho profissional;Art. 127, XVI;Prestacao de servicos por profissionais de relacoes publicas;Reducao de 30%;30.0;70.0;IBS e CBS;Sem classificacao no texto legal;;;Nao informado;Art. 127, XVI;Nao;Idem art. 127, par. 1
1099;882;Sem anexo;Profissoes intelectuais de conselho profissional;Art. 127, XVII;Prestacao de servicos por tecnicos industriais;Reducao de 30%;30.0;70.0;IBS e CBS;Sem classificacao no texto legal;;;Nao informado;Art. 127, XVII;Nao;Idem art. 127, par. 1
1100;883;Sem anexo;Profissoes intelectuais de conselho profissional;Art. 127, XVIII;Prestacao de servicos por tecnicos agricolas;Reducao de 30%;30.0;70.0;IBS e CBS;Sem classificacao no texto legal;;;Nao informado;Art. 127, XVIII;Nao;Idem art. 127, par. 1
1101;884;Sem anexo;Produtos agropecuarios in natura;Art. 137;Fornecimento de produtos agropecuarios, aquicolas, pesqueiros, florestais e extrativistas vegetais in natura;Reducao de 60%;60.0;40.0;IBS e CBS;Sem classificacao no texto legal;;;Nao informado;Art. 137;Nao;In natura e o produto tal como se encontra na natureza, sem industrializacao nem embalagem de apresentacao. Nao perde a condicao por secagem, limpeza, debulha, descarocamento, congelamento, resfriamento ou simples acondicionamento para transporte, armazenamento ou exposicao. Inclui servicos ambientais de conservacao ou recuperacao de vegetacao nativa (art. 137, par. 3)
1102;885;Sem anexo;Comunicacao institucional;Art. 140, I;Servicos de planejamento, criacao, programacao e manutencao de paginas eletronicas da administracao publica, gestao de redes sociais, otimizacao para mecanismos de busca e producao de conteudo institucional;Reducao de 60%;60.0;40.0;IBS e CBS;Sem classificacao no texto legal;;;Nao informado;Art. 140, I;Nao;Somente no fornecimento a administracao publica direta, autarquias e fundacoes publicas. Aliquota-padrao para os demais adquirentes
1103;886;Sem anexo;Comunicacao institucional;Art. 140, II;Servicos de relacoes com a imprensa;Reducao de 60%;60.0;40.0;IBS e CBS;Sem classificacao no texto legal;;;Nao informado;Art. 140, II;Nao;Somente no fornecimento a administracao publica direta, autarquias e fundacoes publicas
1104;887;Sem anexo;Comunicacao institucional;Art. 140, III;Servicos de relacoes publicas;Reducao de 60%;60.0;40.0;IBS e CBS;Sem classificacao no texto legal;;;Nao informado;Art. 140, III;Nao;Somente no fornecimento a administracao publica direta, autarquias e fundacoes publicas
1105;888;Sem anexo;Atividades desportivas;Art. 141, I;Fornecimento de servico de educacao desportiva;Reducao de 60%;60.0;40.0;IBS e CBS;NBS;1.2205.12.00;122051200;NBS (9 digitos);Art. 141, I;Nao;
1106;889;Sem anexo;Atividades desportivas;Art. 141, II;Gestao e exploracao do desporto por associacoes e clubes esportivos filiados ao orgao estadual ou federal de coordenacao dos desportos, inclusive venda de ingressos, programas de socio-torcedor, cessao de direitos desportivos e transferencia de atletas;Reducao de 60%;60.0;40.0;IBS e CBS;Sem classificacao no texto legal;;;Nao informado;Art. 141, II;Nao;
1107;890;Sem anexo;Soberania e seguranca nacional, seguranca da informacao e cibernetica;Art. 142, II;Fornecimento de servicos de seguranca da informacao e seguranca cibernetica relacionados no Anexo XI, desenvolvidos por sociedade com socio brasileiro detentor de no minimo 20% do capital social;Reducao de 60%;60.0;40.0;IBS e CBS;NBS;;;Nao informado;Art. 142, II;Nao;Hipotese propria do artigo, independente do adquirente ser a administracao publica. Itens tecnicos no Anexo XI
1108;891;Sem anexo;Reabilitacao urbana de zonas historicas;Art. 158;Operacoes relacionadas a projetos de reabilitacao urbana de zonas historicas e de areas criticas de recuperacao e reconversao urbanistica, conforme lista do art. 162;Reducao de 60%;60.0;40.0;IBS e CBS;Sem classificacao no texto legal;;;Nao informado;Art. 158;Nao;Areas delimitadas por lei municipal ou distrital. Exige projeto aprovado na forma do art. 163 e Comissao Tripartite do art. 161
1109;892;Sem anexo;Reabilitacao urbana de zonas historicas;Art. 158, par. unico;Locacao de imoveis prevista no art. 162, VI, no ambito de projeto de reabilitacao urbana;Reducao de 80%;80.0;20.0;IBS e CBS;Sem classificacao no texto legal;;;Nao informado;Art. 158, par. unico;Nao;Reducao majorada em relacao ao caput
1110;893;Sem anexo;Planos de assistencia a saude;Art. 237;Aliquotas do regime especifico de planos de assistencia a saude, nacionalmente uniformes, correspondentes as aliquotas de referencia reduzidas;Reducao de 60%;60.0;40.0;IBS e CBS;Sem classificacao no texto legal;;;Nao informado;Art. 237;Nao;Aliquota calculada sobre a aliquota de referencia, nao sobre a aliquota do ente. Vedado o credito ao adquirente (art. 238)
1111;894;Sem anexo;Planos de assistencia a saude de animais domesticos;Art. 243;Aliquotas do regime especifico de planos de assistencia a saude de animais domesticos, nacionalmente uniformes;Reducao de 30%;30.0;70.0;IBS e CBS;Sem classificacao no texto legal;;;Nao informado;Art. 243;Nao;Soma das aliquotas de referencia reduzidas em 30%. Vedado o credito ao adquirente
1112;895;Sem anexo;Operacoes com bens imoveis;Art. 261;Aliquotas do regime especifico de operacoes com bens imoveis, incluindo alienacao, incorporacao imobiliaria, parcelamento de solo e construcao civil;Reducao de 50%;50.0;50.0;IBS e CBS;Sem classificacao no texto legal;;;Nao informado;Art. 261;Nao;Abrange as operacoes do Capitulo das operacoes com bens imoveis
1113;896;Sem anexo;Operacoes com bens imoveis;Art. 261, par. unico;Locacao, cessao onerosa e arrendamento de bens imoveis;Reducao de 70%;70.0;30.0;IBS e CBS;Sem classificacao no texto legal;;;Nao informado;Art. 261, par. unico;Nao;Reducao maior que a do caput. Ha reducao adicional de base para locacao residencial
1114;897;Sem anexo;Bares e restaurantes;Art. 275;Fornecimento de alimentacao por bares e restaurantes, inclusive lanchonetes, e de bebidas nao alcoolicas preparadas no estabelecimento;Reducao de 40%;40.0;60.0;IBS e CBS;Sem classificacao no texto legal;;;Nao informado;Art. 275;Nao;Vedada a apropriacao de creditos pelo adquirente (art. 276)
1115;898;Sem anexo;Hotelaria, parques de diversao e parques tematicos;Art. 281;Servicos de hotelaria, incluindo alojamento temporario e servicos inclusos no valor da hospedagem, parques de diversao e parques tematicos;Reducao de 40%;40.0;60.0;IBS e CBS;Sem classificacao no texto legal;;;Nao informado;Art. 281;Nao;Creditos permitidos ao fornecedor (art. 282) e vedados ao adquirente (art. 283)
1116;899;Sem anexo;Agencias de turismo;Art. 289, II;Intermediacao de servicos turisticos por agencias de turismo, com aliquota igual a aplicavel aos servicos de hotelaria, parques de diversao e parques tematicos;Reducao de 40%;40.0;60.0;IBS e CBS;Sem classificacao no texto legal;;;Nao informado;Art. 289, II;Nao;Base de calculo e o valor da operacao deduzidos os repasses aos fornecedores intermediados
1117;900;Sem anexo;Transporte coletivo de passageiros intermunicipal e interestadual;Art. 286;Servicos de transporte coletivo de passageiros rodoviario, ferroviario e hidroviario intermunicipais e interestaduais;Reducao de 40%;40.0;60.0;IBS e CBS;Sem classificacao no texto legal;;;Nao informado;Art. 286;Nao;Creditos permitidos ao fornecedor no regime regular
1118;901;Sem anexo;Transporte aereo regional;Art. 287;Fornecimento de servico de transporte aereo regional coletivo de passageiros ou de carga;Reducao de 40%;40.0;60.0;IBS e CBS;Sem classificacao no texto legal;;;Nao informado;Art. 287;Nao;
1119;902;Sem anexo;Zonas de processamento de exportacao (ZPE);Art. 103, I;Servicos de transporte dos bens de que tratam os arts. 99 e 100 ate as zonas de processamento de exportacao;Reducao a zero;100.0;0.0;IBS e CBS;Sem classificacao no texto legal;;;Nao informado;Art. 103, I;Nao;Observa a disciplina da legislacao aduaneira das ZPE
1120;903;Sem anexo;Zonas de processamento de exportacao (ZPE);Art. 103, II;Servicos de transporte dos bens exportados a partir das zonas de processamento de exportacao;Reducao a zero;100.0;0.0;IBS e CBS;Sem classificacao no texto legal;;;Nao informado;Art. 103, II;Nao;Observa a disciplina da legislacao aduaneira das ZPE
1121;904;Sem anexo;Bens de capital para produtor rural e transportador autonomo;Art. 110, I;Fornecimento e importacao de tratores, maquinas e implementos agricolas destinados a produtor rural nao contribuinte de que trata o art. 164;Reducao a zero;100.0;0.0;IBS e CBS;Sem classificacao no texto legal;;;Nao informado;Art. 110, I;Nao;Aplica-se apenas aos bens de capital listados no regulamento
1122;905;Sem anexo;Bens de capital para produtor rural e transportador autonomo;Art. 110, II;Fornecimento e importacao de veiculos de transporte de carga destinados a transportador autonomo de carga pessoa fisica nao contribuinte de que trata o art. 169;Reducao a zero;100.0;0.0;IBS e CBS;Sem classificacao no texto legal;;;Nao informado;Art. 110, II;Nao;Aplica-se apenas aos bens de capital listados no regulamento
1123;906;Sem anexo;Dispositivos medicos;Art. 144, II;Dispositivos medicos relacionados no Anexo IV quando adquiridos por orgaos da administracao publica direta, autarquias e fundacoes publicas ou por entidades de saude imunes com CEBAS que comprovem prestacao de servicos ao SUS;Reducao a zero;100.0;0.0;IBS e CBS;NCM/SH;;;Nao informado;Art. 144, II;Nao;Itens tecnicos no Anexo IV. Sem esse adquirente qualificado a reducao e de 60% pelo art. 131
1124;907;Sem anexo;Dispositivos de acessibilidade para pessoas com deficiencia;Art. 145, II;Dispositivos de acessibilidade relacionados no Anexo V quando adquiridos por orgaos da administracao publica direta, autarquias e fundacoes publicas;Reducao a zero;100.0;0.0;IBS e CBS;NCM/SH;;;Nao informado;Art. 145, II;Nao;Itens tecnicos no Anexo V. Sem esse adquirente qualificado a reducao e de 60% pelo art. 132
1125;908;Sem anexo;Medicamentos;Art. 146, I;Medicamentos registrados na Anvisa destinados, conforme o registro sanitario, a doencas raras;Reducao a zero;100.0;0.0;IBS e CBS;Sem classificacao no texto legal;;;Nao informado;Art. 146, I;Nao;Criterio de finalidade terapeutica introduzido pela LC 227/2026 em substituicao a lista de NCM do Anexo XIV, que foi revogado
1126;909;Sem anexo;Medicamentos;Art. 146, II;Medicamentos registrados na Anvisa destinados a doencas negligenciadas;Reducao a zero;100.0;0.0;IBS e CBS;Sem classificacao no texto legal;;;Nao informado;Art. 146, II;Nao;Criterio de finalidade terapeutica introduzido pela LC 227/2026
1127;910;Sem anexo;Medicamentos;Art. 146, III;Medicamentos registrados na Anvisa destinados a oncologia;Reducao a zero;100.0;0.0;IBS e CBS;Sem classificacao no texto legal;;;Nao informado;Art. 146, III;Nao;Criterio de finalidade terapeutica introduzido pela LC 227/2026
1128;911;Sem anexo;Medicamentos;Art. 146, IV;Medicamentos registrados na Anvisa destinados a diabetes;Reducao a zero;100.0;0.0;IBS e CBS;Sem classificacao no texto legal;;;Nao informado;Art. 146, IV;Nao;Criterio de finalidade terapeutica introduzido pela LC 227/2026
1129;912;Sem anexo;Medicamentos;Art. 146, V;Medicamentos registrados na Anvisa destinados a HIV/aids e outras infeccoes sexualmente transmissiveis (IST);Reducao a zero;100.0;0.0;IBS e CBS;Sem classificacao no texto legal;;;Nao informado;Art. 146, V;Nao;Criterio de finalidade terapeutica introduzido pela LC 227/2026
1130;913;Sem anexo;Medicamentos;Art. 146, VI;Medicamentos registrados na Anvisa destinados a doencas cardiovasculares;Reducao a zero;100.0;0.0;IBS e CBS;Sem classificacao no texto legal;;;Nao informado;Art. 146, VI;Nao;Criterio de finalidade terapeutica introduzido pela LC 227/2026
1131;914;Sem anexo;Medicamentos;Art. 146, VII;Medicamentos registrados na Anvisa destinados ao Programa Farmacia Popular do Brasil ou equivalente;Reducao a zero;100.0;0.0;IBS e CBS;Sem classificacao no texto legal;;;Nao informado;Art. 146, VII;Nao;Criterio de finalidade terapeutica introduzido pela LC 227/2026
1132;915;Sem anexo;Medicamentos;Art. 146, par. 1;Medicamentos registrados na Anvisa quando adquiridos por orgaos da administracao publica direta, autarquias e fundacoes publicas ou por entidades de saude imunes com CEBAS que comprovem prestacao de servicos ao SUS;Reducao a zero;100.0;0.0;IBS e CBS;Sem classificacao no texto legal;;;Nao informado;Art. 146, par. 1;Nao;"Independe da finalidade terapeutica; o criterio e o adquirente"
1133;916;Sem anexo;Composicoes para nutricao enteral ou parenteral;Art. 146, par. 2;Composicoes para nutricao enteral e parenteral, composicoes especiais e formulas nutricionais para pessoas com erros inatos do metabolismo relacionadas no Anexo VI, quando adquiridas por orgaos publicos;Reducao a zero;100.0;0.0;IBS e CBS;NCM/SH;;;Nao informado;Art. 146, par. 2;Nao;Itens tecnicos no Anexo VI. Sem esse adquirente qualificado a reducao e de 60% pelo art. 133, par. 1
1134;917;Sem anexo;Cuidados basicos a saude menstrual;Art. 147, I;Tampoes higienicos;Reducao a zero;100.0;0.0;IBS e CBS;NCM/SH;9619.00.00;96190000;8 digitos (item completo);Art. 147, I;Nao;Somente produtos que atendam aos requisitos previstos em norma da Anvisa
1135;918;Sem anexo;Cuidados basicos a saude menstrual;Art. 147, II;Absorventes higienicos internos ou externos, descartaveis ou reutilizaveis, e calcinhas absorventes;Reducao a zero;100.0;0.0;IBS e CBS;NCM/SH;9619.00.00;96190000;8 digitos (item completo);Art. 147, II;Nao;Somente produtos que atendam aos requisitos previstos em norma da Anvisa
1136;919;Sem anexo;Cuidados basicos a saude menstrual;Art. 147, III;Coletores menstruais;Reducao a zero;100.0;0.0;IBS e CBS;NCM/SH;9619.00.00;96190000;8 digitos (item completo);Art. 147, III;Nao;Somente produtos que atendam aos requisitos previstos em norma da Anvisa
1137;920;Sem anexo;Automoveis de passageiros (taxi e PCD);Art. 149, I;Venda de automovel de passageiros de fabricacao nacional com no minimo 4 portas, adquirido por motorista profissional autonomo titular de autorizacao, permissao ou concessao que destine o veiculo a categoria de aluguel (taxi);Reducao a zero;100.0;0.0;IBS e CBS;Sem classificacao no texto legal;;;Nao informado;Art. 149, I;Nao;Automovel eletrico ou com motor de cilindrada nao superior a 2.000 cm3. Demais condicoes nos arts. 149 a 155. Aliquota zero de IS na forma do art. 420
1138;921;Sem anexo;Automoveis de passageiros (taxi e PCD);Art. 149, II;Venda de automovel de passageiros de fabricacao nacional com no minimo 4 portas, adquirido por pessoa com deficiencia fisica, visual ou auditiva, deficiencia mental severa ou profunda, ou transtorno do espectro autista de nivel moderado ou grave;Reducao a zero;100.0;0.0;IBS e CBS;Sem classificacao no texto legal;;;Nao informado;Art. 149, II;Nao;Reconhecimento da condicao na forma dos arts. 150 e 153. Aliquota zero de IS limitada a preco de venda de ate R$ 200.000,00 (art. 420, par. 1)
1139;922;Sem anexo;Instituicao Cientifica, Tecnologica e de Inovacao (ICT);Art. 156;Prestacao de servicos de pesquisa e desenvolvimento por ICT sem fins lucrativos e por fundacoes de apoio credenciadas, para a administracao publica direta, autarquias e fundacoes publicas ou para contribuinte do regime regular;Reducao a zero;100.0;0.0;IBS e CBS;Sem classificacao no texto legal;;;Nao informado;Art. 156;Nao;Redacao dada pela LC 227/2026. Exige objetivo social de pesquisa ou desenvolvimento e cumprimento das condicoes de imunidade do art. 9, III
1140;923;Sem anexo;Transporte publico coletivo urbano rodoviario e metroviario;Art. 157;Fornecimento de servicos de transporte publico coletivo de passageiros rodoviario e metroviario de carater urbano, semiurbano e metropolitano, sob regime de autorizacao, permissao ou concessao publica;Isencao;100.0;0.0;IBS e CBS;Sem classificacao no texto legal;;;Nao informado;Art. 157;Nao;E isencao, nao reducao a zero. A isencao acarreta anulacao dos creditos das operacoes anteriores (art. 51), diferente da aliquota zero (art. 52)
1141;924;Sem anexo;Sociedades cooperativas;Art. 271, I;Operacao em que o associado fornece bem ou servico a cooperativa de que participa;Reducao a zero;100.0;0.0;IBS e CBS;Sem classificacao no texto legal;;;Nao informado;Art. 271, I;Nao;Regime especifico opcional. Aplica-se tambem a operacoes entre cooperativas singulares, centrais, federacoes, confederacoes e bancos cooperativos
1142;925;Sem anexo;Sociedades cooperativas;Art. 271, II;Operacao em que a cooperativa fornece bem ou servico a associado sujeito ao regime regular do IBS e da CBS;Reducao a zero;100.0;0.0;IBS e CBS;Sem classificacao no texto legal;;;Nao informado;Art. 271, II;Nao;Regime especifico opcional. Extensivo ao fornecimento de bem material por cooperativa de producao agropecuaria a associado fora do regime regular, desde que anulados os creditos
1143;926;Sem anexo;Transporte publico coletivo urbano ferroviario e hidroviario;Art. 285, I;Fornecimento de servicos de transporte publico coletivo de passageiros ferroviario e hidroviario de carater urbano, semiurbano e metropolitano;Reducao de 100%;100.0;0.0;IBS e CBS;Sem classificacao no texto legal;;;Nao informado;Art. 285, I;Nao;Vedada a apropriacao de creditos pelo fornecedor e pelo adquirente
1144;927;Sem anexo;Prouni;Art. 308;Fornecimento de servicos de educacao de ensino superior por instituicao privada durante o periodo de adesao e vinculacao ao Prouni;Reducao a zero;100.0;0.0;CBS;Sem classificacao no texto legal;;;Nao informado;Art. 308;Nao;Somente CBS, nao alcanca o IBS. Aplica-se a receita de graduacao e cursos sequenciais, na proporcao da ocupacao efetiva das bolsas
1145;928;Sem anexo;Zona Franca de Manaus;Art. 445;Operacao originada fora da Zona Franca de Manaus que destine bem material industrializado de origem nacional a contribuinte habilitado e estabelecido na ZFM;Reducao a zero;100.0;0.0;IBS e CBS;Sem classificacao no texto legal;;;Nao informado;Art. 445;Nao;Exige habilitacao do art. 442. O IBS incide na entrada no Amazonas na forma do art. 446, salvo destinacao a industria incentivada
1146;929;Sem anexo;Zona Franca de Manaus;Art. 448;Operacao realizada por industria incentivada que destine bem material intermediario a outra industria incentivada na ZFM, com entrega dentro da area;Reducao a zero;100.0;0.0;IBS e CBS;Sem classificacao no texto legal;;;Nao informado;Art. 448;Nao;Nao se aplica aos bens do art. 443, par. 1
1147;930;Sem anexo;Zona Franca de Manaus;Art. 451;Operacoes realizadas por pessoas juridicas estabelecidas na ZFM com bem material de origem nacional ou com servicos prestados fisicamente, destinadas a pessoa fisica ou juridica localizada dentro da area;Reducao a zero;100.0;0.0;CBS;Sem classificacao no texto legal;;;Nao informado;Art. 451;Nao;Somente CBS. Creditos preservados ao contribuinte que realizar a operacao
1148;931;Sem anexo;Areas de Livre Comercio;Art. 463;Operacao originada fora da area de livre comercio que destine bem material industrializado de origem nacional a contribuinte habilitado e estabelecido na area;Reducao a zero;100.0;0.0;IBS e CBS;Sem classificacao no texto legal;;;Nao informado;Art. 463;Nao;Exige habilitacao do art. 460. O IBS incide na entrada no estado na forma do art. 464
1149;932;Sem anexo;Areas de Livre Comercio;Art. 466;Operacoes realizadas por pessoas juridicas estabelecidas na Area de Livre Comercio com bem material de origem nacional ou servicos prestados fisicamente, destinados a pessoa fisica ou juridica localizada dentro da area;Reducao a zero;100.0;0.0;CBS;Sem classificacao no texto legal;;;Nao informado;Art. 466;Nao;Somente CBS
1150;933;Sem anexo;Aquisicoes governamentais;Art. 473;Aquisicoes de bens e servicos pela administracao publica direta, autarquias e fundacoes publicas, com reducao a zero das aliquotas do IBS dos demais entes federativos;Reducao a zero;100.0;0.0;IBS e CBS;Sem classificacao no texto legal;;;Nao informado;Art. 473;Nao;Mecanismo de destinacao integral do tributo ao ente contratante, nao e desoneracao economica da operacao. Ver detalhamento por ente no art. 473
1151;934;Sem anexo;Imposto Seletivo - veiculos taxi e PCD;Art. 420;Veiculos destinados a adquirentes cujo direito ao regime diferenciado do art. 149 tenha sido reconhecido pela RFB;Reducao a zero;100.0;0.0;IS;NCM/SH;;;Nao informado;Art. 420;Nao;Para pessoa com deficiencia ou TEA, limitado a preco de venda ao consumidor de ate R$ 200.000,00 incluidos os tributos que incidiriam sem as reducoes
1152;935;Sem anexo;Maquinas, veiculos e equipamentos usados;Art. 406;Venda de maquinas, veiculos e equipamentos usados adquiridos ate 31/12/2032 que tenham permanecido no ativo imobilizado do vendedor por mais de 12 meses;Aliquota diferenciada;;;IBS e CBS;Sem classificacao no texto legal;;;Nao informado;Art. 406;Nao;Aliquotas proprias fixadas no art. 406, nao percentual de reducao. Exige documento fiscal idoneo na aquisicao. Regra propria de CBS nos par. 1 e 2
1153;936;Sem anexo;Maquinas, veiculos e equipamentos usados;Art. 407;Revenda de maquinas, veiculos e equipamentos adquiridos usados por contribuinte do regime regular;Aliquota diferenciada;;;IBS e CBS;Sem classificacao no texto legal;;;Nao informado;Art. 407;Nao;Aliquotas proprias fixadas no art. 407. CBS reduzida a zero para a parcela da base inferior ou igual ao valor de aquisicao, nos casos do par. 2
1154;937;Sem anexo;FGTS;Art. 212;Operacoes relacionadas ao Fundo de Garantia do Tempo de Servico (FGTS);Aliquota diferenciada;;;IBS e CBS;Sem classificacao no texto legal;;;Nao informado;Art. 212;Nao;Aliquotas nacionalmente uniformes calculadas nos termos do art. 10, par. 1, II da EC 132/2023. O FGTS nao e contribuinte. Redacao dada pela LC 227/2026
1155;938;Sem anexo;Combustiveis - regime especifico monofasico;Art. 172, I;Gasolina e suas correntes;Aliquota especifica (ad rem);;;IBS e CBS;Sem classificacao no texto legal;;;Nao informado;Art. 172, I;Nao;"Incidencia monofasica. Base de calculo e a quantidade de combustivel; aliquota especifica por unidade de medida, uniforme em todo o territorio nacional e diferenciada por produto (arts. 173 e 174). Redacao do inciso dada pela LC 227/2026"
1156;939;Sem anexo;Combustiveis - regime especifico monofasico;Art. 172, II;Etanol anidro combustivel (EAC);Aliquota especifica (ad rem);;;IBS e CBS;Sem classificacao no texto legal;;;Nao informado;Art. 172, II;Nao;Incidencia monofasica, aliquota ad rem por unidade de medida (arts. 173 e 174)
1157;940;Sem anexo;Combustiveis - regime especifico monofasico;Art. 172, III;Oleo diesel e suas correntes;Aliquota especifica (ad rem);;;IBS e CBS;Sem classificacao no texto legal;;;Nao informado;Art. 172, III;Nao;Incidencia monofasica, aliquota ad rem por unidade de medida. Redacao do inciso dada pela LC 227/2026
1158;941;Sem anexo;Combustiveis - regime especifico monofasico;Art. 172, IV;Biodiesel (B100);Aliquota especifica (ad rem);;;IBS e CBS;Sem classificacao no texto legal;;;Nao informado;Art. 172, IV;Nao;Incidencia monofasica, aliquota ad rem por unidade de medida
1159;942;Sem anexo;Combustiveis - regime especifico monofasico;Art. 172, V;Gas liquefeito de petroleo (GLP), inclusive o gas liquefeito derivado de gas natural (GLGN);Aliquota especifica (ad rem);;;IBS e CBS;Sem classificacao no texto legal;;;Nao informado;Art. 172, V;Nao;Incidencia monofasica, aliquota ad rem por unidade de medida, uniforme nacionalmente. Nao ha reducao percentual sobre aliquota-padrao. Item relevante para o negocio de GLP
1160;943;Sem anexo;Combustiveis - regime especifico monofasico;Art. 172, VI;Etanol hidratado combustivel (EHC);Aliquota especifica (ad rem);;;IBS e CBS;Sem classificacao no texto legal;;;Nao informado;Art. 172, VI;Nao;Incidencia monofasica, aliquota ad rem por unidade de medida
1161;944;Sem anexo;Combustiveis - regime especifico monofasico;Art. 172, VII;Querosene de aviacao;Aliquota especifica (ad rem);;;IBS e CBS;Sem classificacao no texto legal;;;Nao informado;Art. 172, VII;Nao;Incidencia monofasica, aliquota ad rem por unidade de medida
1162;945;Sem anexo;Combustiveis - regime especifico monofasico;Art. 172, VIII;Oleo combustivel;Aliquota especifica (ad rem);;;IBS e CBS;Sem classificacao no texto legal;;;Nao informado;Art. 172, VIII;Nao;Incidencia monofasica, aliquota ad rem por unidade de medida
1163;946;Sem anexo;Combustiveis - regime especifico monofasico;Art. 172, IX;Gas natural processado;Aliquota especifica (ad rem);;;IBS e CBS;Sem classificacao no texto legal;;;Nao informado;Art. 172, IX;Nao;Implementacao do regime pode ser postergada por ato conjunto do CGIBS e do Poder Executivo da Uniao (art. 172, par. 3)
1164;947;Sem anexo;Combustiveis - regime especifico monofasico;Art. 172, X;Biometano;Aliquota especifica (ad rem);;;IBS e CBS;Sem classificacao no texto legal;;;Nao informado;Art. 172, X;Nao;Implementacao do regime pode ser postergada por ato conjunto (art. 172, par. 3)
1165;948;Sem anexo;Combustiveis - regime especifico monofasico;Art. 172, XI;Gas natural veicular (GNV);Aliquota especifica (ad rem);;;IBS e CBS;Sem classificacao no texto legal;;;Nao informado;Art. 172, XI;Nao;Implementacao do regime pode ser postergada por ato conjunto (art. 172, par. 3)
1166;949;Sem anexo;Combustiveis - regime especifico monofasico;Art. 172, XII;Outros combustiveis especificados e autorizados pela ANP, relacionados em ato conjunto do Comite Gestor do IBS e do Poder Executivo da Uniao;Aliquota especifica (ad rem);;;IBS e CBS;Sem classificacao no texto legal;;;Nao informado;Art. 172, XII;Nao;Lista aberta, definida por ato conjunto. Acompanhar publicacao
